Date,OPEN,HIGH,LOW,CLOSE,VOLUME
2019-10-11 07:01:00,45.84,45.865,45.655,45.715,53899.0
2019-10-11 07:02:00,45.74,45.89,45.74,45.79,14037.0
2019-10-11 07:03:00,45.795,45.935,45.775,45.935,9572.0
2019-10-11 07:04:00,45.94,45.99,45.91,45.945,17585.0
2019-10-11 07:05:00,45.91,45.98,45.875,45.91,26377.0
2019-10-11 07:06:00,45.93,45.96,45.84,45.95,12338.0
2019-10-11 07:07:00,45.915,45.925,45.765,45.925,14077.0
2019-10-11 07:08:00,45.945,45.99,45.9,45.96,11756.0
2019-10-11 07:09:00,45.965,45.995,45.925,45.925,6319.0
2019-10-11 07:10:00,45.905,45.985,45.9,45.985,6739.0
2019-10-11 07:11:00,45.975,45.99,45.92,45.92,10568.0
2019-10-11 07:12:00,45.93,46.04,45.915,46.02,21457.0
2019-10-11 07:13:00,46.04,46.095,46.01,46.085,6952.0
2019-10-11 07:14:00,46.075,46.16,46.075,46.13,10095.0
2019-10-11 07:15:00,46.125,46.125,46.04,46.04,6136.0
2019-10-11 07:16:00,46.04,46.06,45.99,45.995,11568.0
2019-10-11 07:17:00,46.0,46.005,45.96,45.995,12661.0
2019-10-11 07:18:00,45.995,46.015,45.945,45.945,6205.0
2019-10-11 07:19:00,45.935,45.935,45.9,45.905,7285.0
2019-10-11 07:20:00,45.91,45.93,45.87,45.87,3232.0
2019-10-11 07:21:00,45.865,45.925,45.84,45.905,21222.0
2019-10-11 07:22:00,45.92,45.97,45.91,45.935,8889.0
2019-10-11 07:23:00,45.945,45.965,45.905,45.925,3366.0
2019-10-11 07:24:00,45.925,45.98,45.925,45.965,4354.0
2019-10-11 07:25:00,45.985,45.995,45.97,45.985,2294.0
2019-10-11 07:26:00,46.0,46.035,45.98,45.985,9940.0
2019-10-11 07:27:00,45.99,46.005,45.96,45.985,4325.0
2019-10-11 07:28:00,45.97,46.02,45.97,46.02,3046.0
2019-10-11 07:29:00,46.005,46.005,45.97,46.0,5793.0
2019-10-11 07:30:00,46.01,46.035,46.01,46.025,3014.0
2019-10-11 07:31:00,46.03,46.03,45.98,46.0,2033.0
2019-10-11 07:32:00,46.01,46.05,46.0,46.05,17840.0
2019-10-11 07:33:00,46.07,46.11,46.05,46.095,8156.0
2019-10-11 07:34:00,46.085,46.085,46.05,46.06,4677.0
2019-10-11 07:35:00,46.07,46.07,45.98,45.98,4990.0
2019-10-11 07:36:00,45.98,46.01,45.945,45.955,4627.0
2019-10-11 07:37:00,45.945,46.02,45.935,45.97,28707.0
2019-10-11 07:38:00,45.965,46.02,45.96,46.01,7206.0
2019-10-11 07:39:00,46.005,46.02,45.985,45.985,1189.0
2019-10-11 07:40:00,45.975,45.975,45.885,45.905,7322.0
2019-10-11 07:41:00,45.925,45.95,45.895,45.91,7698.0
2019-10-11 07:42:00,45.9,45.91,45.875,45.88,13536.0
2019-10-11 07:43:00,45.88,45.905,45.87,45.87,11108.0
2019-10-11 07:44:00,45.845,45.855,45.8,45.81,7498.0
2019-10-11 07:45:00,45.835,45.88,45.825,45.88,5290.0
2019-10-11 07:46:00,45.89,45.945,45.89,45.945,2264.0
2019-10-11 07:47:00,45.955,45.96,45.93,45.935,2854.0
2019-10-11 07:48:00,45.96,45.97,45.945,45.955,4991.0
2019-10-11 07:49:00,45.965,45.97,45.935,45.945,2176.0
2019-10-11 07:50:00,45.975,45.985,45.97,45.98,11577.0
2019-10-11 07:51:00,45.96,45.99,45.955,45.96,5115.0
2019-10-11 07:52:00,45.955,45.97,45.94,45.97,3994.0
2019-10-11 07:53:00,45.975,45.99,45.95,45.98,9283.0
2019-10-11 07:54:00,45.975,45.99,45.965,45.98,3088.0
2019-10-11 07:55:00,45.965,45.98,45.955,45.965,8443.0
2019-10-11 07:56:00,45.98,45.995,45.98,45.985,3025.0
2019-10-11 07:57:00,45.99,46.055,45.985,46.045,16500.0
2019-10-11 07:58:00,46.035,46.055,46.015,46.02,15552.0
2019-10-11 07:59:00,46.0,46.07,45.995,46.06,10793.0
2019-10-11 08:00:00,46.065,46.095,46.06,46.06,2342.0
2019-10-11 08:01:00,46.05,46.095,46.05,46.085,6938.0
2019-10-11 08:02:00,46.095,46.1,46.055,46.095,3839.0
2019-10-11 08:03:00,46.09,46.15,46.09,46.135,6626.0
2019-10-11 08:04:00,46.13,46.155,46.11,46.12,5626.0
2019-10-11 08:05:00,46.125,46.13,46.055,46.06,16390.0
2019-10-11 08:06:00,46.055,46.085,46.055,46.08,4868.0
2019-10-11 08:07:00,46.085,46.11,46.085,46.1,18376.0
2019-10-11 08:08:00,46.09,46.095,46.055,46.075,6281.0
2019-10-11 08:09:00,46.075,46.1,46.055,46.1,10156.0
2019-10-11 08:10:00,46.1,46.1,46.085,46.095,15392.0
2019-10-11 08:11:00,46.09,46.165,46.07,46.07,64133.0
2019-10-11 08:12:00,46.075,46.115,46.075,46.08,20553.0
2019-10-11 08:13:00,46.08,46.125,46.08,46.1,32971.0
2019-10-11 08:14:00,46.105,46.125,46.105,46.115,3907.0
2019-10-11 08:15:00,46.105,46.14,46.105,46.13,3469.0
2019-10-11 08:16:00,46.14,46.15,46.115,46.12,2366.0
2019-10-11 08:17:00,46.125,46.14,46.1,46.115,18730.0
2019-10-11 08:18:00,46.12,46.195,46.12,46.18,24344.0
2019-10-11 08:19:00,46.19,46.205,46.155,46.155,5545.0
2019-10-11 08:20:00,46.14,46.16,46.135,46.155,1201.0
2019-10-11 08:21:00,46.15,46.16,46.14,46.155,10745.0
2019-10-11 08:22:00,46.14,46.145,46.12,46.14,9928.0
2019-10-11 08:23:00,46.14,46.155,46.12,46.155,5558.0
2019-10-11 08:24:00,46.14,46.16,46.14,46.16,10505.0
2019-10-11 08:25:00,46.17,46.2,46.155,46.17,1736.0
2019-10-11 08:26:00,46.185,46.185,46.145,46.165,2191.0
2019-10-11 08:27:00,46.16,46.185,46.16,46.18,1744.0
2019-10-11 08:28:00,46.18,46.21,46.18,46.21,3347.0
2019-10-11 08:29:00,46.205,46.205,46.18,46.2,2589.0
2019-10-11 08:30:00,46.205,46.215,46.18,46.195,10035.0
2019-10-11 08:31:00,46.195,46.21,46.19,46.21,13274.0
2019-10-11 08:32:00,46.21,46.245,46.19,46.245,23245.0
2019-10-11 08:33:00,46.25,46.32,46.25,46.3,8431.0
2019-10-11 08:34:00,46.3,46.34,46.3,46.315,10335.0
2019-10-11 08:35:00,46.32,46.355,46.315,46.35,11408.0
2019-10-11 08:36:00,46.355,46.355,46.3,46.31,5777.0
2019-10-11 08:37:00,46.295,46.325,46.285,46.3,6513.0
2019-10-11 08:38:00,46.28,46.28,46.215,46.23,8342.0
2019-10-11 08:39:00,46.245,46.25,46.235,46.25,2337.0
2019-10-11 08:40:00,46.24,46.315,46.225,46.3,10970.0
2019-10-11 08:41:00,46.3,46.355,46.295,46.345,8487.0
2019-10-11 08:42:00,46.34,46.385,46.34,46.37,6625.0
2019-10-11 08:43:00,46.37,46.385,46.355,46.355,3195.0
2019-10-11 08:44:00,46.355,46.38,46.355,46.375,2161.0
2019-10-11 08:45:00,46.37,46.415,46.27,46.28,23799.0
2019-10-11 08:46:00,46.285,46.29,46.18,46.225,26038.0
2019-10-11 08:47:00,46.21,46.335,46.21,46.3,11963.0
2019-10-11 08:48:00,46.3,46.32,46.29,46.295,1842.0
2019-10-11 08:49:00,46.3,46.3,46.2,46.205,63737.0
2019-10-11 08:50:00,46.22,46.235,46.195,46.2,47120.0
2019-10-11 08:51:00,46.21,46.285,46.2,46.285,12731.0
2019-10-11 08:52:00,46.315,46.315,46.295,46.305,1362.0
2019-10-11 08:53:00,46.325,46.385,46.325,46.385,8645.0
2019-10-11 08:54:00,46.375,46.385,46.335,46.335,6867.0
2019-10-11 08:55:00,46.33,46.355,46.31,46.355,1830.0
2019-10-11 08:56:00,46.36,46.37,46.345,46.345,1762.0
2019-10-11 08:57:00,46.35,46.395,46.35,46.385,6238.0
2019-10-11 08:58:00,46.385,46.385,46.34,46.34,3268.0
2019-10-11 08:59:00,46.345,46.4,46.345,46.39,2259.0
2019-10-11 09:00:00,46.395,46.405,46.37,46.385,2658.0
2019-10-11 09:01:00,46.395,46.4,46.37,46.38,4394.0
2019-10-11 09:02:00,46.395,46.435,46.395,46.41,10288.0
2019-10-11 09:03:00,46.415,46.44,46.405,46.43,5053.0
2019-10-11 09:04:00,46.43,46.44,46.405,46.425,6142.0
2019-10-11 09:05:00,46.42,46.45,46.42,46.42,8646.0
2019-10-11 09:06:00,46.425,46.46,46.425,46.425,5376.0
2019-10-11 09:07:00,46.42,46.43,46.405,46.41,7731.0
2019-10-11 09:08:00,46.43,46.46,46.43,46.46,3043.0
2019-10-11 09:09:00,46.48,46.515,46.48,46.515,12263.0
2019-10-11 09:10:00,46.515,46.52,46.48,46.495,4177.0
2019-10-11 09:11:00,46.495,46.555,46.495,46.515,8102.0
2019-10-11 09:12:00,46.505,46.52,46.49,46.515,15780.0
2019-10-11 09:13:00,46.515,46.515,46.495,46.515,4631.0
2019-10-11 09:14:00,46.485,46.485,46.475,46.475,755.0
2019-10-11 09:15:00,46.47,46.48,46.45,46.45,3331.0
2019-10-11 09:16:00,46.435,46.455,46.425,46.445,6853.0
2019-10-11 09:17:00,46.45,46.46,46.435,46.435,1927.0
2019-10-11 09:18:00,46.43,46.44,46.425,46.425,4454.0
2019-10-11 09:19:00,46.43,46.44,46.405,46.405,9394.0
2019-10-11 09:20:00,46.425,46.435,46.4,46.42,13042.0
2019-10-11 09:21:00,46.4,46.4,46.36,46.395,10846.0
2019-10-11 09:22:00,46.39,46.44,46.365,46.43,10572.0
2019-10-11 09:23:00,46.43,46.43,46.33,46.37,31589.0
2019-10-11 09:24:00,46.37,46.415,46.365,46.41,4542.0
2019-10-11 09:25:00,46.43,46.43,46.43,46.43,89.0
2019-10-11 09:26:00,46.43,46.445,46.43,46.435,1889.0
2019-10-11 09:27:00,46.42,46.455,46.42,46.43,1303.0
2019-10-11 09:28:00,46.445,46.455,46.435,46.435,360.0
2019-10-11 09:29:00,46.425,46.455,46.425,46.455,2803.0
2019-10-11 09:30:00,46.46,46.465,46.44,46.445,3040.0
2019-10-11 09:31:00,46.44,46.46,46.44,46.46,4671.0
2019-10-11 09:32:00,46.465,46.465,46.435,46.435,2318.0
2019-10-11 09:33:00,46.435,46.475,46.435,46.475,3236.0
2019-10-11 09:34:00,46.46,46.47,46.445,46.47,1521.0
2019-10-11 09:35:00,46.46,46.46,46.455,46.455,500.0
2019-10-11 09:36:00,46.455,46.47,46.45,46.45,4240.0
2019-10-11 09:37:00,46.45,46.455,46.425,46.435,12194.0
2019-10-11 09:38:00,46.43,46.45,46.42,46.45,2442.0
2019-10-11 09:39:00,46.455,46.49,46.455,46.48,7008.0
2019-10-11 09:40:00,46.48,46.485,46.45,46.465,1476.0
2019-10-11 09:41:00,46.48,46.545,46.48,46.545,13874.0
2019-10-11 09:42:00,46.54,46.575,46.53,46.575,4996.0
2019-10-11 09:43:00,46.555,46.585,46.555,46.565,5091.0
2019-10-11 09:44:00,46.55,46.575,46.55,46.56,3970.0
2019-10-11 09:45:00,46.565,46.61,46.53,46.595,27810.0
2019-10-11 09:46:00,46.585,46.59,46.565,46.59,9591.0
2019-10-11 09:47:00,46.59,46.6,46.58,46.595,5491.0
2019-10-11 09:48:00,46.59,46.625,46.58,46.585,7063.0
2019-10-11 09:49:00,46.575,46.585,46.55,46.56,2253.0
2019-10-11 09:50:00,46.57,46.605,46.565,46.595,10234.0
2019-10-11 09:51:00,46.6,46.64,46.585,46.63,15520.0
2019-10-11 09:52:00,46.635,46.675,46.63,46.675,13804.0
2019-10-11 09:53:00,46.675,46.69,46.635,46.64,11707.0
2019-10-11 09:54:00,46.64,46.68,46.64,46.67,5682.0
2019-10-11 09:55:00,46.67,46.68,46.61,46.64,23319.0
2019-10-11 09:56:00,46.64,46.665,46.635,46.665,3359.0
2019-10-11 09:57:00,46.665,46.685,46.665,46.675,4509.0
2019-10-11 09:58:00,46.675,46.685,46.64,46.645,6648.0
2019-10-11 09:59:00,46.645,46.645,46.605,46.615,6601.0
2019-10-11 10:00:00,46.615,46.615,46.595,46.595,4154.0
2019-10-11 10:01:00,46.595,46.635,46.595,46.615,6513.0
2019-10-11 10:02:00,46.625,46.64,46.625,46.64,569.0
2019-10-11 10:03:00,46.645,46.66,46.64,46.66,5971.0
2019-10-11 10:04:00,46.67,46.67,46.66,46.67,3501.0
2019-10-11 10:05:00,46.665,46.69,46.665,46.69,3177.0
2019-10-11 10:06:00,46.695,46.695,46.675,46.695,1752.0
2019-10-11 10:07:00,46.69,46.715,46.685,46.715,4972.0
2019-10-11 10:08:00,46.72,46.72,46.705,46.705,2496.0
2019-10-11 10:09:00,46.71,46.71,46.675,46.69,7523.0
2019-10-11 10:10:00,46.695,46.73,46.695,46.715,5918.0
2019-10-11 10:11:00,46.71,46.73,46.71,46.73,2298.0
2019-10-11 10:12:00,46.735,46.755,46.72,46.75,6355.0
2019-10-11 10:13:00,46.75,46.75,46.715,46.75,4648.0
2019-10-11 10:14:00,46.75,46.76,46.74,46.74,3375.0
2019-10-11 10:15:00,46.755,46.82,46.755,46.81,6841.0
2019-10-11 10:16:00,46.8,46.815,46.79,46.795,2958.0
2019-10-11 10:17:00,46.8,46.83,46.795,46.815,4221.0
2019-10-11 10:18:00,46.81,46.82,46.79,46.79,8046.0
2019-10-11 10:19:00,46.79,46.79,46.745,46.75,3180.0
2019-10-11 10:20:00,46.735,46.745,46.725,46.745,2427.0
2019-10-11 10:21:00,46.75,46.75,46.685,46.7,10062.0
2019-10-11 10:22:00,46.695,46.74,46.695,46.735,7396.0
2019-10-11 10:23:00,46.745,46.8,46.745,46.795,4824.0
2019-10-11 10:24:00,46.795,46.83,46.79,46.83,4667.0
2019-10-11 10:25:00,46.82,46.82,46.8,46.805,5323.0
2019-10-11 10:26:00,46.81,46.845,46.81,46.81,5230.0
2019-10-11 10:27:00,46.815,46.815,46.77,46.775,6027.0
2019-10-11 10:28:00,46.795,46.8,46.785,46.785,2531.0
2019-10-11 10:29:00,46.78,46.79,46.76,46.78,5444.0
2019-10-11 10:30:00,46.785,46.785,46.78,46.78,896.0
2019-10-11 10:31:00,46.77,46.78,46.75,46.76,14370.0
2019-10-11 10:32:00,46.755,46.755,46.72,46.725,1536.0
2019-10-11 10:33:00,46.72,46.73,46.71,46.73,2987.0
2019-10-11 10:34:00,46.725,46.75,46.725,46.75,453.0
2019-10-11 10:35:00,46.73,46.735,46.73,46.735,678.0
2019-10-11 10:36:00,46.74,46.74,46.725,46.725,1515.0
2019-10-11 10:37:00,46.72,46.72,46.685,46.685,2728.0
2019-10-11 10:38:00,46.68,46.685,46.675,46.675,20463.0
2019-10-11 10:39:00,46.67,46.7,46.64,46.695,21934.0
2019-10-11 10:40:00,46.7,46.715,46.69,46.7,2713.0
2019-10-11 10:41:00,46.705,46.705,46.685,46.685,1191.0
2019-10-11 10:42:00,46.67,46.67,46.66,46.66,976.0
2019-10-11 10:43:00,46.655,46.69,46.655,46.69,4800.0
2019-10-11 10:44:00,46.69,46.695,46.68,46.695,1452.0
2019-10-11 10:45:00,46.705,46.705,46.675,46.685,982.0
2019-10-11 10:46:00,46.675,46.68,46.67,46.675,1778.0
2019-10-11 10:47:00,46.665,46.675,46.665,46.675,217.0
2019-10-11 10:48:00,46.675,46.69,46.67,46.67,3732.0
2019-10-11 10:49:00,46.65,46.685,46.645,46.685,4947.0
2019-10-11 10:50:00,46.675,46.675,46.62,46.625,2745.0
2019-10-11 10:51:00,46.635,46.635,46.635,46.635,113.0
2019-10-11 10:52:00,46.64,46.64,46.61,46.62,10461.0
2019-10-11 10:53:00,46.61,46.62,46.565,46.565,7964.0
2019-10-11 10:54:00,46.57,46.605,46.56,46.595,7651.0
2019-10-11 10:55:00,46.595,46.625,46.585,46.615,12814.0
2019-10-11 10:56:00,46.63,46.63,46.595,46.615,5209.0
2019-10-11 10:57:00,46.615,46.635,46.615,46.635,1723.0
2019-10-11 10:58:00,46.635,46.64,46.625,46.64,2674.0
2019-10-11 10:59:00,46.615,46.625,46.615,46.625,609.0
2019-10-11 11:00:00,46.63,46.66,46.63,46.66,1951.0
2019-10-11 11:03:00,46.69,46.69,46.63,46.64,67643.0
2019-10-11 11:04:00,46.635,46.655,46.62,46.655,3674.0
2019-10-11 11:05:00,46.645,46.67,46.64,46.665,6817.0
2019-10-11 11:06:00,46.655,46.655,46.615,46.615,2565.0
2019-10-11 11:07:00,46.625,46.645,46.625,46.645,1393.0
2019-10-11 11:08:00,46.665,46.665,46.625,46.63,2691.0
2019-10-11 11:09:00,46.62,46.635,46.62,46.635,532.0
2019-10-11 11:10:00,46.625,46.625,46.605,46.61,102.0
2019-10-11 11:11:00,46.62,46.625,46.61,46.625,2084.0
2019-10-11 11:12:00,46.63,46.63,46.625,46.63,10842.0
2019-10-11 11:13:00,46.63,46.63,46.615,46.615,13747.0
2019-10-11 11:14:00,46.62,46.62,46.59,46.59,1741.0
2019-10-11 11:15:00,46.59,46.59,46.565,46.565,5306.0
2019-10-11 11:16:00,46.555,46.57,46.545,46.57,6799.0
2019-10-11 11:17:00,46.565,46.59,46.565,46.59,2728.0
2019-10-11 11:18:00,46.6,46.61,46.595,46.61,3943.0
2019-10-11 11:19:00,46.635,46.73,46.635,46.73,4073.0
2019-10-11 11:20:00,46.72,46.725,46.685,46.72,4249.0
2019-10-11 11:21:00,46.725,46.725,46.69,46.69,6348.0
2019-10-11 11:22:00,46.675,46.73,46.66,46.73,9019.0
2019-10-11 11:23:00,46.73,46.75,46.725,46.735,5244.0
2019-10-11 11:24:00,46.735,46.735,46.72,46.73,1832.0
2019-10-11 11:25:00,46.745,46.79,46.745,46.79,4413.0
2019-10-11 11:26:00,46.76,46.8,46.76,46.795,9575.0
2019-10-11 11:27:00,46.805,46.82,46.805,46.81,1075.0
2019-10-11 11:28:00,46.805,46.825,46.8,46.805,1161.0
2019-10-11 11:29:00,46.805,46.815,46.795,46.805,2526.0
2019-10-11 11:30:00,46.805,46.82,46.795,46.8,2414.0
2019-10-11 11:31:00,46.795,46.835,46.795,46.805,9208.0
2019-10-11 11:32:00,46.815,46.87,46.815,46.86,15691.0
2019-10-11 11:33:00,46.865,46.885,46.86,46.86,13085.0
2019-10-11 11:34:00,46.86,46.9,46.855,46.875,13796.0
2019-10-11 11:35:00,46.855,46.87,46.845,46.85,3640.0
2019-10-11 11:36:00,46.855,46.88,46.84,46.845,13992.0
2019-10-11 11:37:00,46.845,46.855,46.845,46.85,10122.0
2019-10-11 11:38:00,46.85,46.855,46.82,46.845,13581.0
2019-10-11 11:39:00,46.855,46.87,46.835,46.84,4369.0
2019-10-11 11:40:00,46.835,46.86,46.82,46.855,12698.0
2019-10-11 11:41:00,46.85,46.9,46.85,46.9,15008.0
2019-10-11 11:42:00,46.905,46.91,46.86,46.88,6118.0
2019-10-11 11:43:00,46.885,46.895,46.885,46.895,53.0
2019-10-11 11:44:00,46.895,46.91,46.885,46.91,8999.0
2019-10-11 11:45:00,46.905,46.905,46.9,46.905,1486.0
2019-10-11 11:46:00,46.9,46.9,46.88,46.88,2399.0
2019-10-11 11:47:00,46.89,46.89,46.865,46.875,3206.0
2019-10-11 11:48:00,46.87,46.87,46.87,46.87,66.0
2019-10-11 11:49:00,46.87,46.9,46.87,46.895,4593.0
2019-10-11 11:50:00,46.895,46.895,46.85,46.85,1685.0
2019-10-11 11:51:00,46.85,46.875,46.85,46.87,2260.0
2019-10-11 11:52:00,46.865,46.865,46.865,46.865,61.0
2019-10-11 11:53:00,46.88,46.895,46.88,46.895,237.0
2019-10-11 11:54:00,46.895,46.9,46.89,46.895,2454.0
2019-10-11 11:55:00,46.89,46.895,46.885,46.885,977.0
2019-10-11 11:56:00,46.88,46.89,46.88,46.885,2821.0
2019-10-11 11:57:00,46.88,46.885,46.865,46.885,2867.0
2019-10-11 11:58:00,46.89,46.91,46.89,46.905,1280.0
2019-10-11 11:59:00,46.9,46.905,46.885,46.895,4361.0
2019-10-11 12:00:00,46.895,46.9,46.88,46.885,1070.0
2019-10-11 12:01:00,46.89,46.895,46.855,46.87,5851.0
2019-10-11 12:02:00,46.875,46.895,46.87,46.87,6794.0
2019-10-11 12:03:00,46.855,46.865,46.85,46.865,1154.0
2019-10-11 12:04:00,46.865,46.865,46.86,46.865,16839.0
2019-10-11 12:05:00,46.855,46.865,46.855,46.86,1686.0
2019-10-11 12:06:00,46.84,46.84,46.76,46.765,5679.0
2019-10-11 12:07:00,46.77,46.78,46.76,46.765,13103.0
2019-10-11 12:08:00,46.765,46.765,46.72,46.72,2626.0
2019-10-11 12:09:00,46.725,46.75,46.725,46.75,2399.0
2019-10-11 12:10:00,46.75,46.765,46.75,46.765,596.0
2019-10-11 12:11:00,46.77,46.77,46.75,46.755,1295.0
2019-10-11 12:12:00,46.76,46.77,46.76,46.765,1396.0
2019-10-11 12:13:00,46.77,46.77,46.755,46.755,3344.0
2019-10-11 12:14:00,46.75,46.765,46.745,46.75,1249.0
2019-10-11 12:15:00,46.75,46.765,46.74,46.765,3761.0
2019-10-11 12:16:00,46.765,46.77,46.75,46.75,5014.0
2019-10-11 12:17:00,46.755,46.78,46.755,46.78,1620.0
2019-10-11 12:18:00,46.765,46.765,46.74,46.745,1158.0
2019-10-11 12:19:00,46.755,46.785,46.755,46.76,1170.0
2019-10-11 12:20:00,46.755,46.755,46.73,46.74,624.0
2019-10-11 12:21:00,46.71,46.71,46.675,46.675,2151.0
2019-10-11 12:22:00,46.66,46.665,46.64,46.65,7267.0
2019-10-11 12:23:00,46.645,46.655,46.645,46.645,3238.0
2019-10-11 12:24:00,46.62,46.62,46.59,46.6,5456.0
2019-10-11 12:25:00,46.6,46.61,46.58,46.595,6074.0
2019-10-11 12:26:00,46.6,46.655,46.6,46.65,9062.0
2019-10-11 12:27:00,46.65,46.65,46.63,46.635,1062.0
2019-10-11 12:28:00,46.645,46.69,46.645,46.67,3920.0
2019-10-11 12:29:00,46.67,46.685,46.66,46.685,4480.0
2019-10-11 12:30:00,46.7,46.73,46.7,46.715,4082.0
2019-10-11 12:31:00,46.73,46.775,46.73,46.76,3892.0
2019-10-11 12:32:00,46.765,46.78,46.765,46.77,2497.0
2019-10-11 12:33:00,46.77,46.79,46.76,46.76,6984.0
2019-10-11 12:34:00,46.78,46.8,46.78,46.79,20646.0
2019-10-11 12:35:00,46.795,46.795,46.76,46.775,14344.0
2019-10-11 12:36:00,46.78,46.81,46.775,46.805,4349.0
2019-10-11 12:37:00,46.805,46.815,46.79,46.805,8921.0
2019-10-11 12:38:00,46.805,46.81,46.8,46.81,1793.0
2019-10-11 12:39:00,46.8,46.82,46.795,46.81,5211.0
2019-10-11 12:40:00,46.8,46.835,46.785,46.835,4713.0
2019-10-11 12:41:00,46.83,46.83,46.8,46.82,1405.0
2019-10-11 12:42:00,46.84,46.865,46.84,46.85,5296.0
2019-10-11 12:43:00,46.85,46.88,46.85,46.88,4134.0
2019-10-11 12:44:00,46.87,46.89,46.865,46.885,2693.0
2019-10-11 12:45:00,46.875,46.875,46.85,46.85,2449.0
2019-10-11 12:46:00,46.87,46.88,46.865,46.865,1433.0
2019-10-11 12:48:00,46.865,46.875,46.855,46.855,1673.0
2019-10-11 12:49:00,46.855,46.88,46.85,46.85,1536.0
2019-10-11 12:50:00,46.855,46.86,46.84,46.86,989.0
2019-10-11 12:51:00,46.87,46.87,46.855,46.855,1690.0
2019-10-11 12:53:00,46.86,46.87,46.86,46.87,3206.0
2019-10-11 12:54:00,46.875,46.875,46.835,46.84,10947.0
2019-10-11 12:55:00,46.845,46.865,46.845,46.86,5084.0
2019-10-11 12:56:00,46.855,46.865,46.845,46.855,4612.0
2019-10-11 12:57:00,46.845,46.845,46.84,46.845,1698.0
2019-10-11 12:58:00,46.84,46.84,46.83,46.83,1743.0
2019-10-11 12:59:00,46.83,46.85,46.825,46.85,2646.0
2019-10-11 13:00:00,46.845,46.845,46.81,46.81,2517.0
2019-10-11 13:01:00,46.81,46.825,46.79,46.79,1115.0
2019-10-11 13:02:00,46.79,46.84,46.785,46.815,13426.0
2019-10-11 13:03:00,46.81,46.815,46.805,46.805,713.0
2019-10-11 13:04:00,46.795,46.81,46.785,46.795,4114.0
2019-10-11 13:05:00,46.795,46.795,46.785,46.785,1943.0
2019-10-11 13:06:00,46.76,46.76,46.755,46.76,1174.0
2019-10-11 13:07:00,46.755,46.755,46.725,46.74,2835.0
2019-10-11 13:08:00,46.74,46.74,46.715,46.735,17843.0
2019-10-11 13:09:00,46.73,46.77,46.73,46.765,3523.0
2019-10-11 13:10:00,46.775,46.78,46.775,46.78,1186.0
2019-10-11 13:11:00,46.765,46.765,46.74,46.74,2362.0
2019-10-11 13:12:00,46.735,46.755,46.735,46.745,15598.0
2019-10-11 13:13:00,46.75,46.75,46.7,46.725,29691.0
2019-10-11 13:14:00,46.705,46.72,46.705,46.72,9202.0
2019-10-11 13:15:00,46.72,46.735,46.685,46.685,6501.0
2019-10-11 13:16:00,46.69,46.73,46.69,46.73,2601.0
2019-10-11 13:17:00,46.73,46.73,46.695,46.7,1942.0
2019-10-11 13:18:00,46.695,46.695,46.67,46.67,6000.0
2019-10-11 13:19:00,46.68,46.68,46.67,46.67,897.0
2019-10-11 13:20:00,46.675,46.675,46.66,46.675,3272.0
2019-10-11 13:21:00,46.68,46.71,46.675,46.71,5759.0
2019-10-11 13:22:00,46.695,46.695,46.685,46.69,5187.0
2019-10-11 13:23:00,46.695,46.725,46.695,46.715,5599.0
2019-10-11 13:24:00,46.72,46.735,46.72,46.72,3379.0
2019-10-11 13:25:00,46.71,46.71,46.7,46.705,1510.0
2019-10-11 13:26:00,46.7,46.705,46.695,46.705,1373.0
2019-10-11 13:27:00,46.71,46.725,46.7,46.72,10213.0
2019-10-11 13:28:00,46.725,46.745,46.725,46.74,4445.0
2019-10-11 13:29:00,46.745,46.745,46.715,46.73,11616.0
2019-10-11 13:30:00,46.725,46.725,46.665,46.67,10930.0
2019-10-11 13:31:00,46.655,46.67,46.595,46.665,19137.0
2019-10-11 13:32:00,46.67,46.69,46.67,46.69,2417.0
2019-10-11 13:33:00,46.695,46.71,46.68,46.71,2517.0
2019-10-11 13:34:00,46.695,46.725,46.69,46.725,2262.0
2019-10-11 13:35:00,46.735,46.76,46.725,46.735,2574.0
2019-10-11 13:36:00,46.735,46.735,46.71,46.725,2387.0
2019-10-11 13:37:00,46.725,46.74,46.7,46.72,4361.0
2019-10-11 13:38:00,46.74,46.745,46.695,46.695,2822.0
2019-10-11 13:39:00,46.695,46.725,46.695,46.725,2978.0
2019-10-11 13:40:00,46.73,46.76,46.73,46.75,1251.0
2019-10-11 13:41:00,46.745,46.745,46.695,46.695,2772.0
2019-10-11 13:42:00,46.695,46.725,46.695,46.72,3826.0
2019-10-11 13:43:00,46.72,46.73,46.7,46.725,1455.0
2019-10-11 13:44:00,46.725,46.725,46.7,46.725,5191.0
2019-10-11 13:45:00,46.735,46.77,46.735,46.765,2260.0
2019-10-11 13:46:00,46.775,46.785,46.76,46.775,3597.0
2019-10-11 13:47:00,46.77,46.775,46.75,46.765,7992.0
2019-10-11 13:48:00,46.77,46.77,46.7,46.71,5980.0
2019-10-11 13:49:00,46.72,46.72,46.685,46.7,1916.0
2019-10-11 13:50:00,46.7,46.775,46.695,46.735,21196.0
2019-10-11 13:51:00,46.725,46.76,46.725,46.73,7419.0
2019-10-11 13:52:00,46.715,46.755,46.7,46.735,4893.0
2019-10-11 13:53:00,46.725,46.73,46.695,46.705,5618.0
2019-10-11 13:54:00,46.7,46.705,46.665,46.665,4329.0
2019-10-11 13:55:00,46.67,46.685,46.67,46.675,4458.0
2019-10-11 13:56:00,46.675,46.685,46.665,46.685,1202.0
2019-10-11 13:57:00,46.7,46.72,46.7,46.72,2023.0
2019-10-11 13:58:00,46.695,46.695,46.675,46.68,1156.0
2019-10-11 13:59:00,46.68,46.68,46.655,46.655,3013.0
2019-10-11 14:00:00,46.66,46.69,46.655,46.69,1620.0
2019-10-11 14:01:00,46.69,46.72,46.69,46.7,3627.0
2019-10-11 14:02:00,46.705,46.71,46.69,46.7,1859.0
2019-10-11 14:03:00,46.69,46.71,46.665,46.705,5932.0
2019-10-11 14:04:00,46.7,46.71,46.685,46.695,2782.0
2019-10-11 14:05:00,46.68,46.705,46.65,46.705,4769.0
2019-10-11 14:06:00,46.705,46.72,46.68,46.7,4035.0
2019-10-11 14:07:00,46.7,46.715,46.695,46.715,1875.0
2019-10-11 14:08:00,46.715,46.745,46.71,46.745,6533.0
2019-10-11 14:09:00,46.75,46.785,46.75,46.76,5872.0
2019-10-11 14:10:00,46.755,46.755,46.725,46.755,5012.0
2019-10-11 14:11:00,46.745,46.75,46.73,46.75,3043.0
2019-10-11 14:12:00,46.755,46.755,46.75,46.75,538.0
2019-10-11 14:13:00,46.75,46.75,46.71,46.71,2381.0
2019-10-11 14:14:00,46.705,46.705,46.695,46.705,1174.0
2019-10-11 14:15:00,46.71,46.735,46.7,46.7,5077.0
2019-10-11 14:16:00,46.705,46.715,46.69,46.7,3399.0
2019-10-11 14:17:00,46.705,46.73,46.695,46.695,4638.0
2019-10-11 14:18:00,46.69,46.69,46.68,46.68,300.0
2019-10-11 14:19:00,46.695,46.725,46.695,46.715,4082.0
2019-10-11 14:20:00,46.695,46.72,46.695,46.715,2063.0
2019-10-11 14:21:00,46.725,46.725,46.705,46.72,1653.0
2019-10-11 14:22:00,46.72,46.72,46.705,46.705,3046.0
2019-10-11 14:23:00,46.7,46.7,46.685,46.695,1300.0
2019-10-11 14:24:00,46.69,46.705,46.685,46.705,2623.0
2019-10-11 14:25:00,46.705,46.725,46.7,46.72,3803.0
2019-10-11 14:26:00,46.72,46.745,46.71,46.74,5131.0
2019-10-11 14:27:00,46.735,46.74,46.725,46.74,2169.0
2019-10-11 14:28:00,46.74,46.76,46.74,46.76,11954.0
2019-10-11 14:29:00,46.765,46.805,46.765,46.79,7315.0
2019-10-11 14:30:00,46.79,46.815,46.79,46.81,9462.0
2019-10-11 14:31:00,46.815,46.82,46.79,46.815,7521.0
2019-10-11 14:32:00,46.82,46.835,46.815,46.815,2342.0
2019-10-11 14:33:00,46.81,46.815,46.8,46.81,1678.0
2019-10-11 14:34:00,46.81,46.81,46.785,46.785,1487.0
2019-10-11 14:35:00,46.79,46.8,46.785,46.79,5319.0
2019-10-11 14:36:00,46.79,46.795,46.775,46.795,4343.0
2019-10-11 14:37:00,46.79,46.81,46.765,46.765,5920.0
2019-10-11 14:38:00,46.75,46.775,46.75,46.775,2307.0
2019-10-11 14:39:00,46.765,46.765,46.72,46.745,6361.0
2019-10-11 14:40:00,46.745,46.765,46.715,46.715,4371.0
2019-10-11 14:41:00,46.725,46.73,46.71,46.72,4339.0
2019-10-11 14:42:00,46.725,46.775,46.725,46.775,8493.0
2019-10-11 14:43:00,46.77,46.775,46.755,46.775,9038.0
2019-10-11 14:44:00,46.775,46.79,46.775,46.78,2445.0
2019-10-11 14:45:00,46.785,46.81,46.785,46.795,8452.0
2019-10-11 14:46:00,46.79,46.81,46.78,46.805,8433.0
2019-10-11 14:47:00,46.81,46.81,46.775,46.775,3651.0
2019-10-11 14:48:00,46.78,46.785,46.75,46.76,14101.0
2019-10-11 14:49:00,46.76,46.76,46.735,46.74,10598.0
2019-10-11 14:50:00,46.735,46.74,46.72,46.74,14074.0
2019-10-11 14:51:00,46.745,46.775,46.74,46.77,5741.0
2019-10-11 14:52:00,46.775,46.795,46.775,46.795,4574.0
2019-10-11 14:53:00,46.8,46.81,46.8,46.81,1053.0
2019-10-11 14:54:00,46.8,46.805,46.79,46.795,8719.0
2019-10-11 14:55:00,46.8,46.805,46.785,46.795,13791.0
2019-10-11 14:56:00,46.795,46.795,46.78,46.78,9461.0
2019-10-11 14:57:00,46.785,46.79,46.765,46.775,6254.0
2019-10-11 14:58:00,46.77,46.795,46.76,46.775,8260.0
2019-10-11 14:59:00,46.775,46.78,46.76,46.76,4888.0
2019-10-11 15:00:00,46.76,46.775,46.75,46.75,5019.0
2019-10-11 15:01:00,46.755,46.795,46.755,46.775,5439.0
2019-10-11 15:02:00,46.78,46.81,46.78,46.795,20417.0
2019-10-11 15:03:00,46.8,46.82,46.795,46.815,10835.0
2019-10-11 15:04:00,46.81,46.81,46.79,46.8,1236.0
2019-10-11 15:05:00,46.8,46.835,46.795,46.795,29019.0
2019-10-11 15:06:00,46.8,46.81,46.79,46.79,1563.0
2019-10-11 15:07:00,46.795,46.805,46.795,46.795,4787.0
2019-10-11 15:08:00,46.795,46.805,46.79,46.805,1867.0
2019-10-11 15:09:00,46.815,46.89,46.815,46.88,23105.0
2019-10-11 15:10:00,46.87,46.87,46.855,46.86,3454.0
2019-10-11 15:11:00,46.865,46.865,46.845,46.855,3906.0
2019-10-11 15:12:00,46.86,46.89,46.86,46.89,4114.0
2019-10-11 15:13:00,46.885,46.89,46.855,46.865,3672.0
2019-10-11 15:14:00,46.865,46.865,46.85,46.865,6450.0
2019-10-11 15:15:00,46.87,46.895,46.865,46.895,2950.0
2019-10-11 15:16:00,46.895,46.93,46.88,46.925,8513.0
2019-10-11 15:17:00,46.93,46.98,46.93,46.965,27035.0
2019-10-11 15:18:00,46.965,46.98,46.96,46.975,16471.0
2019-10-11 15:19:00,46.98,46.98,46.95,46.95,4629.0
2019-10-11 15:20:00,46.95,46.975,46.945,46.945,24352.0
2019-10-11 15:21:00,46.955,46.965,46.945,46.945,2231.0
2019-10-11 15:22:00,46.96,46.965,46.935,46.945,13770.0
2019-10-11 15:23:00,46.945,46.97,46.945,46.97,3719.0
2019-10-11 15:24:00,46.97,46.995,46.97,46.985,17413.0
2019-10-11 15:25:00,46.995,47.0,46.98,46.995,13350.0
2019-10-11 15:26:00,47.0,47.045,47.0,47.03,21666.0
2019-10-11 15:27:00,47.035,47.065,47.035,47.06,14963.0
2019-10-11 15:28:00,47.055,47.135,47.055,47.13,9769.0
2019-10-11 15:29:00,47.125,47.15,47.12,47.135,39665.0
2019-10-11 15:30:00,47.14,47.15,47.085,47.105,45027.0
2019-10-11 15:36:00,47.06,47.06,47.06,47.06,1806674.0
