Date,OPEN,HIGH,LOW,CLOSE,VOLUME,return,return_one_hot_encoded,volume_difference,volume_one_hot_encoded,url,header_x,release time_x,article content_x,formatted date_x,flair_sentiment_header_label,flair_sentiment_header_score,flair_sentiment_content_label,flair_sentiment_content_score,header_y,release time_y,article content_y,formatted date_y,neg_vader_header,neu_vader_header,pos_vader_header,compound_vader_header,neg_vader_articel_content,neu_vader_articel_content,pos_vader_articel_content,compound_vader_articel_content,header,release time,article content,formatteddate,polarity_textblob_sentiment_header,subjectivity_textblob_sentiment_header,polarity_textblob_sentiment_content,subjectivity_textblob_sentiment_content
2019-08-07 09:01:00,11.878,11.89,11.856,11.874,55879.0,0.0,0,0.0,0,,,,,,,,,,,,,,,,,,,,,,,,,,,,,
2019-08-07 09:02:00,11.874,11.882,11.84,11.854,16359.0,-0.02399999999999913,0,-39520.0,0,,,,,,,,,,,,,,,,,,,,,,,,,,,,,
2019-08-07 09:03:00,11.842,11.85,11.83,11.834,6961.0,-0.03999999999999915,0,-9398.0,0,,,,,,,,,,,,,,,,,,,,,,,,,,,,,
2019-08-07 09:04:00,11.834,11.854,11.822,11.854,18522.0,0.012000000000000456,1,11561.0,1,,,,,,,,,,,,,,,,,,,,,,,,,,,,,
2019-08-07 09:05:00,11.858,11.858,11.856,11.858,3150.0,0.02399999999999736,1,-15372.0,0,,,,,,,,,,,,,,,,,,,,,,,,,,,,,
2019-08-07 09:06:00,11.845999999999998,11.874,11.844,11.845999999999998,28131.0,-0.012000000000000456,0,24981.0,1,,,,,,,,,,,,,,,,,,,,,,,,,,,,,
2019-08-07 09:07:00,11.845999999999998,11.87,11.845999999999998,11.868,32864.0,0.022000000000002014,1,4733.0,1,,,,,,,,,,,,,,,,,,,,,,,,,,,,,
2019-08-07 09:08:00,11.854,11.864,11.85,11.86,33563.0,0.014000000000001123,1,699.0,1,,,,,,,,,,,,,,,,,,,,,,,,,,,,,
2019-08-07 09:09:00,11.858,11.866,11.852,11.86,20636.0,0.005999999999998451,1,-12927.0,0,,,,,,,,,,,,,,,,,,,,,,,,,,,,,
2019-08-07 09:10:00,11.858,11.858,11.844,11.844,34966.0,-0.01399999999999757,0,14330.0,1,,,,,,,,,,,,,,,,,,,,,,,,,,,,,
2019-08-07 09:11:00,11.85,11.86,11.84,11.84,32064.0,-0.017999999999998906,0,-2902.0,0,,,,,,,,,,,,,,,,,,,,,,,,,,,,,
2019-08-07 09:12:00,11.842,11.848,11.832,11.836,29572.0,-0.014000000000001123,0,-2492.0,0,,,,,,,,,,,,,,,,,,,,,,,,,,,,,
2019-08-07 09:13:00,11.834,11.836,11.828,11.836,18838.0,-0.006000000000002004,0,-10734.0,0,,,,,,,,,,,,,,,,,,,,,,,,,,,,,
2019-08-07 09:14:00,11.836,11.842,11.834,11.836,5699.0,0.0019999999999971148,1,-13139.0,0,,,,,,,,,,,,,,,,,,,,,,,,,,,,,
2019-08-07 09:15:00,11.832,11.84,11.832,11.832,8286.0,-0.003999999999997783,0,2587.0,1,,,,,,,,,,,,,,,,,,,,,,,,,,,,,
2019-08-07 09:16:00,11.832,11.844,11.824000000000002,11.844,11338.0,0.012000000000000456,1,3052.0,1,,,,,,,,,,,,,,,,,,,,,,,,,,,,,
2019-08-07 09:17:00,11.834,11.852,11.834,11.838,20720.0,0.005999999999998451,1,9382.0,1,,,,,,,,,,,,,,,,,,,,,,,,,,,,,
2019-08-07 09:18:00,11.836,11.848,11.834,11.84,9729.0,0.005999999999998451,1,-10991.0,0,,,,,,,,,,,,,,,,,,,,,,,,,,,,,
2019-08-07 09:19:00,11.84,11.852,11.84,11.845999999999998,6428.0,0.009999999999999787,1,-3301.0,0,,,,,,,,,,,,,,,,,,,,,,,,,,,,,
2019-08-07 09:20:00,11.845999999999998,11.845999999999998,11.844,11.844,2602.0,0.004000000000001336,1,-3826.0,0,,,,,,,,,,,,,,,,,,,,,,,,,,,,,
2019-08-07 09:21:00,11.844,11.845999999999998,11.808,11.808,34732.0,-0.03799999999999848,0,32130.0,1,,,,,,,,,,,,,,,,,,,,,,,,,,,,,
2019-08-07 09:22:00,11.812,11.812,11.798,11.8,54801.0,-0.04400000000000048,0,20069.0,1,,,,,,,,,,,,,,,,,,,,,,,,,,,,,
2019-08-07 09:23:00,11.8,11.81,11.79,11.798,57013.0,-0.014000000000001123,0,2212.0,1,,,,,,,,,,,,,,,,,,,,,,,,,,,,,
2019-08-07 09:24:00,11.798,11.804,11.78,11.784,44561.0,-0.016000000000000014,0,-12452.0,0,,,,,,,,,,,,,,,,,,,,,,,,,,,,,
2019-08-07 09:25:00,11.782,11.786,11.765999999999998,11.782,15476.0,-0.016000000000000014,0,-29085.0,0,,,,,,,,,,,,,,,,,,,,,,,,,,,,,
2019-08-07 09:26:00,11.784,11.79,11.77,11.79,25593.0,0.007999999999999119,1,10117.0,1,,,,,,,,,,,,,,,,,,,,,,,,,,,,,
2019-08-07 09:27:00,11.79,11.794,11.782,11.784,8153.0,0.0,0,-17440.0,0,,,,,,,,,,,,,,,,,,,,,,,,,,,,,
2019-08-07 09:28:00,11.78,11.822,11.776,11.81,34434.0,0.02000000000000135,1,26281.0,1,,,,,,,,,,,,,,,,,,,,,,,,,,,,,
2019-08-07 09:29:00,11.808,11.824000000000002,11.808,11.818,15313.0,0.038000000000000256,1,-19121.0,0,,,,,,,,,,,,,,,,,,,,,,,,,,,,,
2019-08-07 09:30:00,11.816,11.82,11.81,11.82,9320.0,0.012000000000000456,1,-5993.0,0,,,,,,,,,,,,,,,,,,,,,,,,,,,,,
2019-08-07 09:31:00,11.822,11.826,11.822,11.826,7500.0,0.009999999999999787,1,-1820.0,0,,,,,,,,,,,,,,,,,,,,,,,,,,,,,
2019-08-07 09:32:00,11.82,11.826,11.816,11.816,6992.0,-0.006000000000002004,0,-508.0,0,,,,,,,,,,,,,,,,,,,,,,,,,,,,,
2019-08-07 09:33:00,11.814,11.84,11.814,11.836,11840.0,0.015999999999998238,1,4848.0,1,,,,,,,,,,,,,,,,,,,,,,,,,,,,,
2019-08-07 09:34:00,11.824000000000002,11.83,11.822,11.83,3190.0,0.016000000000000014,1,-8650.0,0,,,,,,,,,,,,,,,,,,,,,,,,,,,,,
2019-08-07 09:35:00,11.83,11.83,11.826,11.828,11386.0,0.003999999999997783,1,8196.0,1,,,,,,,,,,,,,,,,,,,,,,,,,,,,,
2019-08-07 09:36:00,11.828,11.828,11.81,11.818,22442.0,-0.012000000000000456,0,11056.0,1,,,,,,,,,,,,,,,,,,,,,,,,,,,,,
2019-08-07 09:37:00,11.818,11.824000000000002,11.818,11.824000000000002,774.0,-0.003999999999997783,0,-21668.0,0,,,,,,,,,,,,,,,,,,,,,,,,,,,,,
2019-08-07 09:38:00,11.826,11.834,11.826,11.83,8361.0,0.012000000000000456,1,7587.0,1,,,,,,,,,,,,,,,,,,,,,,,,,,,,,
2019-08-07 09:39:00,11.838,11.852,11.838,11.844,28143.0,0.01800000000000246,1,19782.0,1,,,,,,,,,,,,,,,,,,,,,,,,,,,,,
2019-08-07 09:40:00,11.848,11.848,11.836,11.836,5847.0,-0.002000000000000668,0,-22296.0,0,,,,,,,,,,,,,,,,,,,,,,,,,,,,,
2019-08-07 09:41:00,11.84,11.85,11.84,11.85,4139.0,0.002000000000000668,1,-1708.0,0,,,,,,,,,,,,,,,,,,,,,,,,,,,,,
2019-08-07 09:42:00,11.852,11.86,11.852,11.854,3424.0,0.014000000000001123,1,-715.0,0,,,,,,,,,,,,,,,,,,,,,,,,,,,,,
2019-08-07 09:43:00,11.86,11.866,11.856,11.864,12874.0,0.012000000000000456,1,9450.0,1,,,,,,,,,,,,,,,,,,,,,,,,,,,,,
2019-08-07 09:44:00,11.868,11.87,11.858,11.868,6848.0,0.008000000000000895,1,-6026.0,0,,,,,,,,,,,,,,,,,,,,,,,,,,,,,
2019-08-07 09:45:00,11.87,11.88,11.87,11.872,5330.0,0.00399999999999956,1,-1518.0,0,,,,,,,,,,,,,,,,,,,,,,,,,,,,,
2019-08-07 09:46:00,11.878,11.878,11.862,11.862,6503.0,-0.007999999999999119,0,1173.0,1,,,,,,,,,,,,,,,,,,,,,,,,,,,,,
2019-08-07 09:47:00,11.87,11.88,11.87,11.878,2332.0,0.0,0,-4171.0,0,,,,,,,,,,,,,,,,,,,,,,,,,,,,,
2019-08-07 09:48:00,11.876,11.886,11.872,11.878,22772.0,0.008000000000000895,1,20440.0,1,,,,,,,,,,,,,,,,,,,,,,,,,,,,,
2019-08-07 09:49:00,11.89,11.894,11.886,11.886,16332.0,0.009999999999999787,1,-6440.0,0,,,,,,,,,,,,,,,,,,,,,,,,,,,,,
2019-08-07 09:50:00,11.892,11.894,11.89,11.894,1053.0,0.00399999999999956,1,-15279.0,0,,,,,,,,,,,,,,,,,,,,,,,,,,,,,
2019-08-07 09:51:00,11.894,11.896,11.89,11.894,8768.0,0.001999999999998892,1,7715.0,1,,,,,,,,,,,,,,,,,,,,,,,,,,,,,
2019-08-07 09:52:00,11.898,11.9,11.894,11.9,13110.0,0.006000000000000227,1,4342.0,1,,,,,,,,,,,,,,,,,,,,,,,,,,,,,
2019-08-07 09:53:00,11.9,11.9,11.892,11.9,5862.0,0.002000000000000668,1,-7248.0,0,,,,,,,,,,,,,,,,,,,,,,,,,,,,,
2019-08-07 09:54:00,11.896,11.906,11.896,11.906,6833.0,0.005999999999998451,1,971.0,1,,,,,,,,,,,,,,,,,,,,,,,,,,,,,
2019-08-07 09:55:00,11.902,11.904000000000002,11.896,11.9,14376.0,0.004000000000001336,1,7543.0,1,,,,,,,,,,,,,,,,,,,,,,,,,,,,,
2019-08-07 09:56:00,11.904000000000002,11.912,11.904000000000002,11.912,19008.0,0.009999999999999787,1,4632.0,1,,,,,,,,,,,,,,,,,,,,,,,,,,,,,
2019-08-07 09:57:00,11.914,11.92,11.91,11.91,14122.0,0.005999999999998451,1,-4886.0,0,,,,,,,,,,,,,,,,,,,,,,,,,,,,,
2019-08-07 09:58:00,11.914,11.914,11.914,11.914,500.0,0.0,0,-13622.0,0,,,,,,,,,,,,,,,,,,,,,,,,,,,,,
2019-08-07 09:59:00,11.918,11.925999999999998,11.918,11.925999999999998,26904.0,0.011999999999996902,1,26404.0,1,,,,,,,,,,,,,,,,,,,,,,,,,,,,,
2019-08-07 10:00:00,11.928,11.932,11.925999999999998,11.932,5215.0,0.014000000000001123,1,-21689.0,0,,,,,,,,,,,,,,,,,,,,,,,,,,,,,
2019-08-07 10:01:00,11.934,11.948,11.934,11.948,63396.0,0.02000000000000135,1,58181.0,1,,,,,,,,,,,,,,,,,,,,,,,,,,,,,
2019-08-07 10:02:00,11.948,11.954,11.94,11.94,50875.0,0.005999999999998451,1,-12521.0,0,,,,,,,,,,,,,,,,,,,,,,,,,,,,,
2019-08-07 10:03:00,11.948,11.95,11.944,11.944,47146.0,-0.00399999999999956,0,-3729.0,0,,,,,,,,,,,,,,,,,,,,,,,,,,,,,
2019-08-07 10:04:00,11.946,11.95,11.94,11.942,14926.0,-0.006000000000000227,0,-32220.0,0,,,,,,,,,,,,,,,,,,,,,,,,,,,,,
2019-08-07 10:05:00,11.94,11.94,11.925999999999998,11.934,13366.0,-0.011999999999998678,0,-1560.0,0,,,,,,,,,,,,,,,,,,,,,,,,,,,,,
2019-08-07 10:06:00,11.93,11.94,11.93,11.94,931.0,0.0,0,-12435.0,0,,,,,,,,,,,,,,,,,,,,,,,,,,,,,
2019-08-07 10:07:00,11.936,11.946,11.936,11.942,11141.0,0.012000000000000456,1,10210.0,1,,,,,,,,,,,,,,,,,,,,,,,,,,,,,
2019-08-07 10:08:00,11.94,11.948,11.938,11.944,16805.0,0.008000000000000895,1,5664.0,1,,,,,,,,,,,,,,,,,,,,,,,,,,,,,
2019-08-07 10:09:00,11.948,11.95,11.938,11.944,32017.0,0.004000000000001336,1,15212.0,1,,,,,,,,,,,,,,,,,,,,,,,,,,,,,
2019-08-07 10:10:00,11.942,11.944,11.938,11.942,17068.0,-0.006000000000000227,0,-14949.0,0,,,,,,,,,,,,,,,,,,,,,,,,,,,,,
2019-08-07 10:11:00,11.942,11.942,11.942,11.942,1290.0,0.0,0,-15778.0,0,,,,,,,,,,,,,,,,,,,,,,,,,,,,,
2019-08-07 10:12:00,11.938,11.944,11.938,11.944,5646.0,0.002000000000000668,1,4356.0,1,,,,,,,,,,,,,,,,,,,,,,,,,,,,,
2019-08-07 10:13:00,11.944,11.944,11.936,11.94,8271.0,0.002000000000000668,1,2625.0,1,,,,,,,,,,,,,,,,,,,,,,,,,,,,,
2019-08-07 10:14:00,11.938,11.938,11.934,11.934,4544.0,-0.009999999999999787,0,-3727.0,0,,,,,,,,,,,,,,,,,,,,,,,,,,,,,
2019-08-07 10:15:00,11.932,11.932,11.916,11.916,13168.0,-0.02200000000000024,0,8624.0,1,,,,,,,,,,,,,,,,,,,,,,,,,,,,,
2019-08-07 10:16:00,11.916,11.924,11.916,11.922,5840.0,-0.009999999999999787,0,-7328.0,0,,,,,,,,,,,,,,,,,,,,,,,,,,,,,
2019-08-07 10:17:00,11.928,11.942,11.928,11.94,4811.0,0.02400000000000091,1,-1029.0,0,,,,,,,,,,,,,,,,,,,,,,,,,,,,,
2019-08-07 10:18:00,11.946,11.95,11.944,11.946,15078.0,0.018000000000000682,1,10267.0,1,,,,,,,,,,,,,,,,,,,,,,,,,,,,,
2019-08-07 10:19:00,11.95,11.95,11.946,11.946,5991.0,0.0,0,-9087.0,0,,,,,,,,,,,,,,,,,,,,,,,,,,,,,
2019-08-07 10:20:00,11.944,11.946,11.94,11.94,12910.0,-0.009999999999999787,0,6919.0,1,,,,,,,,,,,,,,,,,,,,,,,,,,,,,
2019-08-07 10:21:00,11.94,11.94,11.928,11.928,15033.0,-0.01600000000000179,0,2123.0,1,,,,,,,,,,,,,,,,,,,,,,,,,,,,,
2019-08-07 10:22:00,11.924,11.93,11.912,11.93,16797.0,-0.009999999999999787,0,1764.0,1,,,,,,,,,,,,,,,,,,,,,,,,,,,,,
2019-08-07 10:23:00,11.925999999999998,11.932,11.925999999999998,11.928,19450.0,0.003999999999997783,1,2653.0,1,,,,,,,,,,,,,,,,,,,,,,,,,,,,,
2019-08-07 10:24:00,11.93,11.932,11.92,11.92,10138.0,-0.005999999999998451,0,-9312.0,0,,,,,,,,,,,,,,,,,,,,,,,,,,,,,
2019-08-07 10:25:00,11.925999999999998,11.93,11.925999999999998,11.93,14170.0,0.0,0,4032.0,1,,,,,,,,,,,,,,,,,,,,,,,,,,,,,
2019-08-07 10:26:00,11.925999999999998,11.93,11.925999999999998,11.928,3875.0,0.002000000000000668,1,-10295.0,0,,,,,,,,,,,,,,,,,,,,,,,,,,,,,
2019-08-07 10:27:00,11.928,11.928,11.925999999999998,11.928,1927.0,0.002000000000000668,1,-1948.0,0,,,,,,,,,,,,,,,,,,,,,,,,,,,,,
2019-08-07 10:28:00,11.924,11.928,11.918,11.92,89356.0,-0.007999999999999119,0,87429.0,1,,,,,,,,,,,,,,,,,,,,,,,,,,,,,
2019-08-07 10:29:00,11.92,11.924,11.92,11.924,4278.0,0.0,0,-85078.0,0,,,,,,,,,,,,,,,,,,,,,,,,,,,,,
2019-08-07 10:30:00,11.918,11.92,11.918,11.92,590.0,0.0,0,-3688.0,0,,,,,,,,,,,,,,,,,,,,,,,,,,,,,
2019-08-07 10:31:00,11.918,11.918,11.9,11.9,19774.0,-0.017999999999998906,0,19184.0,1,,,,,,,,,,,,,,,,,,,,,,,,,,,,,
2019-08-07 10:32:00,11.9,11.9,11.896,11.896,3377.0,-0.02200000000000024,0,-16397.0,0,,,,,,,,,,,,,,,,,,,,,,,,,,,,,
2019-08-07 10:33:00,11.894,11.894,11.874,11.874,19507.0,-0.0259999999999998,0,16130.0,1,,,,,,,,,,,,,,,,,,,,,,,,,,,,,
2019-08-07 10:34:00,11.874,11.874,11.856,11.856,10099.0,-0.038000000000000256,0,-9408.0,0,,,,,,,,,,,,,,,,,,,,,,,,,,,,,
2019-08-07 10:35:00,11.856,11.856,11.84,11.84,10472.0,-0.034000000000000696,0,373.0,1,,,,,,,,,,,,,,,,,,,,,,,,,,,,,
2019-08-07 10:36:00,11.84,11.84,11.826,11.838,37878.0,-0.018000000000000682,0,27406.0,1,,,,,,,,,,,,,,,,,,,,,,,,,,,,,
2019-08-07 10:37:00,11.836,11.84,11.836,11.84,16848.0,0.0,0,-21030.0,0,,,,,,,,,,,,,,,,,,,,,,,,,,,,,
2019-08-07 10:38:00,11.844,11.86,11.844,11.86,24255.0,0.02400000000000091,1,7407.0,1,,,,,,,,,,,,,,,,,,,,,,,,,,,,,
2019-08-07 10:39:00,11.856,11.862,11.854,11.854,25469.0,0.009999999999999787,1,1214.0,1,,,,,,,,,,,,,,,,,,,,,,,,,,,,,
2019-08-07 10:40:00,11.852,11.866,11.852,11.866,9499.0,0.009999999999999787,1,-15970.0,0,,,,,,,,,,,,,,,,,,,,,,,,,,,,,
2019-08-07 10:41:00,11.872,11.88,11.872,11.876,4510.0,0.02399999999999913,1,-4989.0,0,,,,,,,,,,,,,,,,,,,,,,,,,,,,,
2019-08-07 10:42:00,11.874,11.88,11.872,11.878,10930.0,0.006000000000000227,1,6420.0,1,,,,,,,,,,,,,,,,,,,,,,,,,,,,,
2019-08-07 10:43:00,11.878,11.878,11.878,11.878,809.0,0.00399999999999956,1,-10121.0,0,,,,,,,,,,,,,,,,,,,,,,,,,,,,,
2019-08-07 10:44:00,11.874,11.876,11.86,11.864,4322.0,-0.013999999999999345,0,3513.0,1,,,,,,,,,,,,,,,,,,,,,,,,,,,,,
2019-08-07 10:45:00,11.86,11.86,11.844,11.844,4191.0,-0.029999999999999364,0,-131.0,0,,,,,,,,,,,,,,,,,,,,,,,,,,,,,
2019-08-07 10:46:00,11.844,11.858,11.844,11.854,21351.0,-0.005999999999998451,0,17160.0,1,,,,,,,,,,,,,,,,,,,,,,,,,,,,,
2019-08-07 10:47:00,11.858,11.858,11.854,11.858,2364.0,0.01399999999999757,1,-18987.0,0,,,,,,,,,,,,,,,,,,,,,,,,,,,,,
2019-08-07 10:48:00,11.86,11.862,11.858,11.858,1824.0,0.0,0,-540.0,0,,,,,,,,,,,,,,,,,,,,,,,,,,,,,
2019-08-07 10:49:00,11.856,11.864,11.856,11.858,9191.0,-0.002000000000000668,0,7367.0,1,,,,,,,,,,,,,,,,,,,,,,,,,,,,,
2019-08-07 10:50:00,11.864,11.866,11.862,11.866,2238.0,0.009999999999999787,1,-6953.0,0,,,,,,,,,,,,,,,,,,,,,,,,,,,,,
2019-08-07 10:51:00,11.858,11.868,11.858,11.868,7039.0,0.00399999999999956,1,4801.0,1,,,,,,,,,,,,,,,,,,,,,,,,,,,,,
2019-08-07 10:52:00,11.864,11.87,11.862,11.87,9120.0,0.012000000000000456,1,2081.0,1,,,,,,,,,,,,,,,,,,,,,,,,,,,,,
2019-08-07 10:53:00,11.87,11.872,11.862,11.868,7156.0,0.00399999999999956,1,-1964.0,0,,,,,,,,,,,,,,,,,,,,,,,,,,,,,
2019-08-07 10:54:00,11.876,11.876,11.872,11.872,458.0,0.002000000000000668,1,-6698.0,0,,,,,,,,,,,,,,,,,,,,,,,,,,,,,
2019-08-07 10:55:00,11.87,11.87,11.866,11.866,1795.0,-0.009999999999999787,0,1337.0,1,,,,,,,,,,,,,,,,,,,,,,,,,,,,,
2019-08-07 10:56:00,11.87,11.872,11.87,11.872,1319.0,0.002000000000000668,1,-476.0,0,,,,,,,,,,,,,,,,,,,,,,,,,,,,,
2019-08-07 10:58:00,11.87,11.87,11.87,11.87,100.0,0.0,0,-1219.0,0,,,,,,,,,,,,,,,,,,,,,,,,,,,,,
2019-08-07 10:59:00,11.87,11.87,11.866,11.866,204.0,-0.00399999999999956,0,104.0,1,,,,,,,,,,,,,,,,,,,,,,,,,,,,,
2019-08-07 11:00:00,11.862,11.864,11.858,11.858,4253.0,-0.012000000000000456,0,4049.0,1,,,,,,,,,,,,,,,,,,,,,,,,,,,,,
2019-08-07 11:01:00,11.858,11.866,11.858,11.858,1692.0,-0.004000000000001336,0,-2561.0,0,,,,,,,,,,,,,,,,,,,,,,,,,,,,,
2019-08-07 11:03:00,11.86,11.864,11.86,11.864,4372.0,0.006000000000002004,1,2680.0,1,,,,,,,,,,,,,,,,,,,,,,,,,,,,,
2019-08-07 11:04:00,11.862,11.878,11.862,11.878,11458.0,0.018000000000000682,1,7086.0,1,,,,,,,,,,,,,,,,,,,,,,,,,,,,,
2019-08-07 11:05:00,11.876,11.878,11.874,11.878,6511.0,0.016000000000000014,1,-4947.0,0,,,,,,,,,,,,,,,,,,,,,,,,,,,,,
2019-08-07 11:06:00,11.88,11.888,11.88,11.886,14169.0,0.009999999999999787,1,7658.0,1,,,,,,,,,,,,,,,,,,,,,,,,,,,,,
2019-08-07 11:07:00,11.882,11.884,11.882,11.882,1270.0,0.001999999999998892,1,-12899.0,0,,,,,,,,,,,,,,,,,,,,,,,,,,,,,
2019-08-07 11:08:00,11.872,11.878,11.872,11.878,2403.0,-0.00399999999999956,0,1133.0,1,,,,,,,,,,,,,,,,,,,,,,,,,,,,,
2019-08-07 11:09:00,11.87,11.87,11.864,11.866,8976.0,-0.006000000000000227,0,6573.0,1,,,,,,,,,,,,,,,,,,,,,,,,,,,,,
2019-08-07 11:10:00,11.864,11.866,11.86,11.86,3245.0,-0.009999999999999787,0,-5731.0,0,,,,,,,,,,,,,,,,,,,,,,,,,,,,,
2019-08-07 11:11:00,11.862,11.862,11.862,11.862,1065.0,-0.002000000000000668,0,-2180.0,0,,,,,,,,,,,,,,,,,,,,,,,,,,,,,
2019-08-07 11:12:00,11.858,11.858,11.85,11.854,13584.0,-0.007999999999999119,0,12519.0,1,,,,,,,,,,,,,,,,,,,,,,,,,,,,,
2019-08-07 11:13:00,11.854,11.86,11.85,11.86,2298.0,0.002000000000000668,1,-11286.0,0,,,,,,,,,,,,,,,,,,,,,,,,,,,,,
2019-08-07 11:14:00,11.864,11.868,11.862,11.862,4825.0,0.007999999999999119,1,2527.0,1,,,,,,,,,,,,,,,,,,,,,,,,,,,,,
2019-08-07 11:15:00,11.862,11.862,11.862,11.862,3000.0,-0.002000000000000668,0,-1825.0,0,,,,,,,,,,,,,,,,,,,,,,,,,,,,,
2019-08-07 11:16:00,11.868,11.87,11.868,11.87,2038.0,0.007999999999999119,1,-962.0,0,,,,,,,,,,,,,,,,,,,,,,,,,,,,,
2019-08-07 11:17:00,11.872,11.872,11.868,11.868,2565.0,0.0,0,527.0,1,,,,,,,,,,,,,,,,,,,,,,,,,,,,,
2019-08-07 11:18:00,11.868,11.876,11.868,11.876,656.0,0.00399999999999956,1,-1909.0,0,,,,,,,,,,,,,,,,,,,,,,,,,,,,,
2019-08-07 11:19:00,11.874,11.878,11.874,11.878,4772.0,0.009999999999999787,1,4116.0,1,,,,,,,,,,,,,,,,,,,,,,,,,,,,,
2019-08-07 11:20:00,11.88,11.884,11.88,11.884,2022.0,0.009999999999999787,1,-2750.0,0,,,,,,,,,,,,,,,,,,,,,,,,,,,,,
2019-08-07 11:21:00,11.878,11.884,11.878,11.884,395.0,0.00399999999999956,1,-1627.0,0,,,,,,,,,,,,,,,,,,,,,,,,,,,,,
2019-08-07 11:22:00,11.872,11.872,11.87,11.872,1723.0,-0.006000000000000227,0,1328.0,1,,,,,,,,,,,,,,,,,,,,,,,,,,,,,
2019-08-07 11:23:00,11.87,11.87,11.864,11.864,451.0,-0.007999999999999119,0,-1272.0,0,,,,,,,,,,,,,,,,,,,,,,,,,,,,,
2019-08-07 11:24:00,11.868,11.874,11.868,11.874,12322.0,0.004000000000001336,1,11871.0,1,,,,,,,,,,,,,,,,,,,,,,,,,,,,,
2019-08-07 11:25:00,11.872,11.872,11.872,11.872,1685.0,0.00399999999999956,1,-10637.0,0,,,,,,,,,,,,,,,,,,,,,,,,,,,,,
2019-08-07 11:26:00,11.866,11.872,11.866,11.872,250.0,0.0,0,-1435.0,0,,,,,,,,,,,,,,,,,,,,,,,,,,,,,
2019-08-07 11:27:00,11.866,11.866,11.866,11.866,1530.0,0.0,0,1280.0,1,,,,,,,,,,,,,,,,,,,,,,,,,,,,,
2019-08-07 11:28:00,11.864,11.864,11.856,11.862,27612.0,-0.00399999999999956,0,26082.0,1,,,,,,,,,,,,,,,,,,,,,,,,,,,,,
2019-08-07 11:29:00,11.862,11.864,11.858,11.858,44332.0,-0.006000000000002004,0,16720.0,1,,,,,,,,,,,,,,,,,,,,,,,,,,,,,
2019-08-07 11:30:00,11.866,11.882,11.864,11.88,9238.0,0.018000000000000682,1,-35094.0,0,,,,,,,,,,,,,,,,,,,,,,,,,,,,,
2019-08-07 11:31:00,11.884,11.884,11.882,11.882,802.0,0.016000000000000014,1,-8436.0,0,,,,,,,,,,,,,,,,,,,,,,,,,,,,,
2019-08-07 11:32:00,11.884,11.888,11.884,11.884,4530.0,0.0,0,3728.0,1,,,,,,,,,,,,,,,,,,,,,,,,,,,,,
2019-08-07 11:33:00,11.888,11.892,11.888,11.892,2044.0,0.008000000000000895,1,-2486.0,0,,,,,,,,,,,,,,,,,,,,,,,,,,,,,
2019-08-07 11:34:00,11.892,11.892,11.884,11.884,2988.0,-0.00399999999999956,0,944.0,1,,,,,,,,,,,,,,,,,,,,,,,,,,,,,
2019-08-07 11:35:00,11.89,11.894,11.89,11.894,357.0,0.001999999999998892,1,-2631.0,0,,,,,,,,,,,,,,,,,,,,,,,,,,,,,
2019-08-07 11:36:00,11.89,11.89,11.89,11.89,1352.0,0.0,0,995.0,1,,,,,,,,,,,,,,,,,,,,,,,,,,,,,
2019-08-07 11:37:00,11.894,11.894,11.89,11.89,2472.0,0.0,0,1120.0,1,,,,,,,,,,,,,,,,,,,,,,,,,,,,,
2019-08-07 11:38:00,11.886,11.89,11.886,11.886,2380.0,-0.008000000000000895,0,-92.0,0,,,,,,,,,,,,,,,,,,,,,,,,,,,,,
2019-08-07 11:39:00,11.894,11.894,11.894,11.894,1417.0,0.008000000000000895,1,-963.0,0,,,,,,,,,,,,,,,,,,,,,,,,,,,,,
2019-08-07 11:40:00,11.89,11.89,11.886,11.886,3496.0,-0.008000000000000895,0,2079.0,1,,,,,,,,,,,,,,,,,,,,,,,,,,,,,
2019-08-07 11:41:00,11.89,11.894,11.89,11.894,782.0,0.00399999999999956,1,-2714.0,0,,,,,,,,,,,,,,,,,,,,,,,,,,,,,
2019-08-07 11:42:00,11.896,11.908,11.896,11.908,21422.0,0.017999999999998906,1,20640.0,1,,,,,,,,,,,,,,,,,,,,,,,,,,,,,
2019-08-07 11:43:00,11.908,11.914,11.904000000000002,11.914,4690.0,0.01800000000000246,1,-16732.0,0,,,,,,,,,,,,,,,,,,,,,,,,,,,,,
2019-08-07 11:44:00,11.914,11.914,11.914,11.914,3945.0,0.006000000000002004,1,-745.0,0,,,,,,,,,,,,,,,,,,,,,,,,,,,,,
2019-08-07 11:45:00,11.914,11.918,11.914,11.918,505.0,0.003999999999997783,1,-3440.0,0,,,,,,,,,,,,,,,,,,,,,,,,,,,,,
2019-08-07 11:46:00,11.912,11.912,11.91,11.91,3250.0,-0.004000000000001336,0,2745.0,1,,,,,,,,,,,,,,,,,,,,,,,,,,,,,
2019-08-07 11:48:00,11.914,11.922,11.912,11.922,4461.0,0.009999999999999787,1,1211.0,1,,,,,,,,,,,,,,,,,,,,,,,,,,,,,
2019-08-07 11:49:00,11.92,11.924,11.92,11.922,5223.0,0.007999999999999119,1,762.0,1,,,,,,,,,,,,,,,,,,,,,,,,,,,,,
2019-08-07 11:50:00,11.928,11.928,11.928,11.928,2246.0,0.007999999999999119,1,-2977.0,0,,,,,,,,,,,,,,,,,,,,,,,,,,,,,
2019-08-07 11:52:00,11.924,11.924,11.916,11.916,487.0,-0.012000000000000456,0,-1759.0,0,,,,,,,,,,,,,,,,,,,,,,,,,,,,,
2019-08-07 11:53:00,11.914,11.918,11.912,11.918,4200.0,-0.006000000000002004,0,3713.0,1,,,,,,,,,,,,,,,,,,,,,,,,,,,,,
2019-08-07 11:54:00,11.914,11.918,11.91,11.916,3638.0,0.0019999999999971148,1,-562.0,0,,,,,,,,,,,,,,,,,,,,,,,,,,,,,
2019-08-07 11:55:00,11.916,11.918,11.916,11.918,1055.0,0.003999999999997783,1,-2583.0,0,,,,,,,,,,,,,,,,,,,,,,,,,,,,,
2019-08-07 11:56:00,11.918,11.918,11.918,11.918,160.0,0.002000000000000668,1,-895.0,0,,,,,,,,,,,,,,,,,,,,,,,,,,,,,
2019-08-07 11:57:00,11.92,11.922,11.92,11.922,1646.0,0.004000000000001336,1,1486.0,1,,,,,,,,,,,,,,,,,,,,,,,,,,,,,
2019-08-07 11:58:00,11.924,11.928,11.92,11.92,8851.0,0.0,0,7205.0,1,,,,,,,,,,,,,,,,,,,,,,,,,,,,,
2019-08-07 11:59:00,11.92,11.92,11.92,11.92,1109.0,-0.004000000000001336,0,-7742.0,0,,,,,,,,,,,,,,,,,,,,,,,,,,,,,
2019-08-07 12:00:00,11.918,11.92,11.912,11.912,1354.0,-0.007999999999999119,0,245.0,1,,,,,,,,,,,,,,,,,,,,,,,,,,,,,
2019-08-07 12:01:00,11.916,11.92,11.916,11.916,4853.0,-0.002000000000000668,0,3499.0,1,,,,,,,,,,,,,,,,,,,,,,,,,,,,,
2019-08-07 12:02:00,11.916,11.916,11.914,11.914,3685.0,-0.0019999999999971148,0,-1168.0,0,,,,,,,,,,,,,,,,,,,,,,,,,,,,,
2019-08-07 12:03:00,11.914,11.918,11.912,11.918,1000.0,0.002000000000000668,1,-2685.0,0,,,,,,,,,,,,,,,,,,,,,,,,,,,,,
2019-08-07 12:04:00,11.92,11.92,11.92,11.92,1642.0,0.005999999999998451,1,642.0,1,,,,,,,,,,,,,,,,,,,,,,,,,,,,,
2019-08-07 12:05:00,11.914,11.914,11.902,11.902,7556.0,-0.017999999999998906,0,5914.0,1,,,,,,,,,,,,,,,,,,,,,,,,,,,,,
2019-08-07 12:06:00,11.9,11.906,11.896,11.906,2469.0,-0.008000000000002672,0,-5087.0,0,,,,,,,,,,,,,,,,,,,,,,,,,,,,,
2019-08-07 12:07:00,11.906,11.906,11.904000000000002,11.904000000000002,3674.0,0.004000000000001336,1,1205.0,1,,,,,,,,,,,,,,,,,,,,,,,,,,,,,
2019-08-07 12:08:00,11.908,11.912,11.906,11.906,5658.0,0.0,0,1984.0,1,,,,,,,,,,,,,,,,,,,,,,,,,,,,,
2019-08-07 12:09:00,11.912,11.914,11.912,11.914,644.0,0.006000000000002004,1,-5014.0,0,,,,,,,,,,,,,,,,,,,,,,,,,,,,,
2019-08-07 12:11:00,11.922,11.922,11.91,11.91,3702.0,-0.002000000000000668,0,3058.0,1,,,,,,,,,,,,,,,,,,,,,,,,,,,,,
2019-08-07 12:12:00,11.914,11.914,11.912,11.912,3087.0,-0.009999999999999787,0,-615.0,0,,,,,,,,,,,,,,,,,,,,,,,,,,,,,
2019-08-07 12:13:00,11.916,11.918,11.91,11.918,3523.0,0.003999999999997783,1,436.0,1,,,,,,,,,,,,,,,,,,,,,,,,,,,,,
2019-08-07 12:14:00,11.918,11.924,11.916,11.924,9309.0,0.008000000000002672,1,5786.0,1,,,,,,,,,,,,,,,,,,,,,,,,,,,,,
2019-08-07 12:15:00,11.924,11.924,11.918,11.918,6049.0,0.0,0,-3260.0,0,,,,,,,,,,,,,,,,,,,,,,,,,,,,,
2019-08-07 12:16:00,11.916,11.918,11.914,11.918,4011.0,-0.006000000000002004,0,-2038.0,0,,,,,,,,,,,,,,,,,,,,,,,,,,,,,
2019-08-07 12:17:00,11.916,11.916,11.91,11.91,1020.0,-0.005999999999998451,0,-2991.0,0,,,,,,,,,,,,,,,,,,,,,,,,,,,,,
2019-08-07 12:18:00,11.91,11.91,11.91,11.91,415.0,-0.005999999999998451,0,-605.0,0,,,,,,,,,,,,,,,,,,,,,,,,,,,,,
2019-08-07 12:20:00,11.894,11.9,11.89,11.894,4157.0,-0.016000000000000014,0,3742.0,1,,,,,,,,,,,,,,,,,,,,,,,,,,,,,
2019-08-07 12:21:00,11.898,11.904000000000002,11.898,11.902,21638.0,0.008000000000000895,1,17481.0,1,,,,,,,,,,,,,,,,,,,,,,,,,,,,,
2019-08-07 12:22:00,11.906,11.906,11.9,11.9,2670.0,0.002000000000000668,1,-18968.0,0,,,,,,,,,,,,,,,,,,,,,,,,,,,,,
2019-08-07 12:23:00,11.904000000000002,11.908,11.904000000000002,11.908,2669.0,0.002000000000000668,1,-1.0,0,,,,,,,,,,,,,,,,,,,,,,,,,,,,,
2019-08-07 12:24:00,11.91,11.916,11.91,11.916,5823.0,0.011999999999996902,1,3154.0,1,,,,,,,,,,,,,,,,,,,,,,,,,,,,,
2019-08-07 12:25:00,11.916,11.92,11.892,11.91,91070.0,0.0,0,85247.0,1,,,,,,,,,,,,,,,,,,,,,,,,,,,,,
2019-08-07 12:26:00,11.908,11.908,11.904000000000002,11.904000000000002,5500.0,-0.011999999999996902,0,-85570.0,0,,,,,,,,,,,,,,,,,,,,,,,,,,,,,
2019-08-07 12:27:00,11.904000000000002,11.914,11.9,11.914,7788.0,0.006000000000002004,1,2288.0,1,,,,,,,,,,,,,,,,,,,,,,,,,,,,,
2019-08-07 12:28:00,11.914,11.914,11.914,11.914,503.0,0.009999999999999787,1,-7285.0,0,,,,,,,,,,,,,,,,,,,,,,,,,,,,,
2019-08-07 12:29:00,11.91,11.91,11.91,11.91,2249.0,-0.004000000000001336,0,1746.0,1,,,,,,,,,,,,,,,,,,,,,,,,,,,,,
2019-08-07 12:31:00,11.912,11.932,11.912,11.93,51350.0,0.01999999999999957,1,49101.0,1,,,,,,,,,,,,,,,,,,,,,,,,,,,,,
2019-08-07 12:32:00,11.924,11.924,11.922,11.922,2000.0,0.009999999999999787,1,-49350.0,0,,,,,,,,,,,,,,,,,,,,,,,,,,,,,
2019-08-07 12:33:00,11.925999999999998,11.925999999999998,11.922,11.922,1302.0,-0.002000000000000668,0,-698.0,0,,,,,,,,,,,,,,,,,,,,,,,,,,,,,
2019-08-07 12:34:00,11.918,11.92,11.916,11.92,3327.0,-0.005999999999998451,0,2025.0,1,,,,,,,,,,,,,,,,,,,,,,,,,,,,,
2019-08-07 12:35:00,11.916,11.918,11.912,11.918,9335.0,0.0,0,6008.0,1,,,,,,,,,,,,,,,,,,,,,,,,,,,,,
2019-08-07 12:36:00,11.92,11.93,11.92,11.928,6690.0,0.012000000000000456,1,-2645.0,0,,,,,,,,,,,,,,,,,,,,,,,,,,,,,
2019-08-07 12:37:00,11.93,11.934,11.93,11.934,3975.0,0.014000000000001123,1,-2715.0,0,,,,,,,,,,,,,,,,,,,,,,,,,,,,,
2019-08-07 12:38:00,11.936,11.936,11.934,11.934,144.0,0.004000000000001336,1,-3831.0,0,,,,,,,,,,,,,,,,,,,,,,,,,,,,,
2019-08-07 12:39:00,11.938,11.944,11.938,11.944,16887.0,0.008000000000000895,1,16743.0,1,,,,,,,,,,,,,,,,,,,,,,,,,,,,,
2019-08-07 12:40:00,11.946,11.95,11.944,11.948,15454.0,0.010000000000001565,1,-1433.0,0,,,,,,,,,,,,,,,,,,,,,,,,,,,,,
2019-08-07 12:41:00,11.948,11.95,11.948,11.948,4563.0,0.002000000000000668,1,-10891.0,0,,,,,,,,,,,,,,,,,,,,,,,,,,,,,
2019-08-07 12:42:00,11.938,11.938,11.938,11.938,182.0,-0.010000000000001565,0,-4381.0,0,,,,,,,,,,,,,,,,,,,,,,,,,,,,,
2019-08-07 12:43:00,11.94,12.03,11.928,11.96,396160.0,0.022000000000002014,1,395978.0,1,,,,,,,,,,,,,,,,,,,,,,,,,,,,,
2019-08-07 12:44:00,11.95,11.95,11.914,11.93,50061.0,-0.009999999999999787,0,-346099.0,0,,,,,,,,,,,,,,,,,,,,,,,,,,,,,
2019-08-07 12:45:00,11.928,11.932,11.92,11.92,38149.0,-0.029999999999999364,0,-11912.0,0,,,,,,,,,,,,,,,,,,,,,,,,,,,,,
2019-08-07 12:46:00,11.912,11.946,11.896,11.93,75021.0,0.002000000000000668,1,36872.0,1,,,,,,,,,,,,,,,,,,,,,,,,,,,,,
2019-08-07 12:47:00,11.94,11.958,11.94,11.94,124582.0,0.02799999999999869,1,49561.0,1,,,,,,,,,,,,,,,,,,,,,,,,,,,,,
2019-08-07 12:48:00,11.948,11.964,11.948,11.954,33660.0,0.014000000000001123,1,-90922.0,0,,,,,,,,,,,,,,,,,,,,,,,,,,,,,
2019-08-07 12:49:00,11.956,11.96,11.954,11.954,3304.0,0.006000000000000227,1,-30356.0,0,,,,,,,,,,,,,,,,,,,,,,,,,,,,,
2019-08-07 12:50:00,11.95,11.95,11.938,11.942,8850.0,-0.013999999999999345,0,5546.0,1,,,,,,,,,,,,,,,,,,,,,,,,,,,,,
2019-08-07 12:51:00,11.948,11.95,11.948,11.95,969.0,0.0,0,-7881.0,0,,,,,,,,,,,,,,,,,,,,,,,,,,,,,
2019-08-07 12:52:00,11.946,11.95,11.946,11.95,3816.0,0.001999999999998892,1,2847.0,1,,,,,,,,,,,,,,,,,,,,,,,,,,,,,
2019-08-07 12:53:00,11.95,11.95,11.95,11.95,20.0,0.00399999999999956,1,-3796.0,0,,,,,,,,,,,,,,,,,,,,,,,,,,,,,
2019-08-07 12:54:00,11.946,11.95,11.946,11.95,2679.0,0.0,0,2659.0,1,,,,,,,,,,,,,,,,,,,,,,,,,,,,,
2019-08-07 12:55:00,11.95,11.95,11.944,11.944,1315.0,-0.001999999999998892,0,-1364.0,0,,,,,,,,,,,,,,,,,,,,,,,,,,,,,
2019-08-07 12:56:00,11.94,11.94,11.938,11.94,1501.0,-0.009999999999999787,0,186.0,1,,,,,,,,,,,,,,,,,,,,,,,,,,,,,
2019-08-07 12:57:00,11.94,11.94,11.94,11.94,100.0,0.0,0,-1401.0,0,,,,,,,,,,,,,,,,,,,,,,,,,,,,,
2019-08-07 12:58:00,11.934,11.934,11.88,11.88,72535.0,-0.05999999999999873,0,72435.0,1,,,,,,,,,,,,,,,,,,,,,,,,,,,,,
2019-08-07 12:59:00,11.884,11.898,11.884,11.896,9389.0,-0.03800000000000203,0,-63146.0,0,,,,,,,,,,,,,,,,,,,,,,,,,,,,,
2019-08-07 13:00:00,11.898,11.902,11.886,11.902,10568.0,0.018000000000000682,1,1179.0,1,,,,,,,,,,,,,,,,,,,,,,,,,,,,,
2019-08-07 13:01:00,11.912,11.912,11.912,11.912,2180.0,0.014000000000001123,1,-8388.0,0,,,,,,,,,,,,,,,,,,,,,,,,,,,,,
2019-08-07 13:02:00,11.914,11.914,11.914,11.914,380.0,0.002000000000000668,1,-1800.0,0,,,,,,,,,,,,,,,,,,,,,,,,,,,,,
2019-08-07 13:03:00,11.92,11.92,11.916,11.916,2055.0,0.0019999999999971148,1,1675.0,1,,,,,,,,,,,,,,,,,,,,,,,,,,,,,
2019-08-07 13:04:00,11.918,11.92,11.906,11.908,7205.0,-0.012000000000000456,0,5150.0,1,,,,,,,,,,,,,,,,,,,,,,,,,,,,,
2019-08-07 13:06:00,11.916,11.924,11.914,11.922,3752.0,0.004000000000001336,1,-3453.0,0,,,,,,,,,,,,,,,,,,,,,,,,,,,,,
2019-08-07 13:08:00,11.92,11.922,11.92,11.922,1627.0,0.006000000000002004,1,-2125.0,0,,,,,,,,,,,,,,,,,,,,,,,,,,,,,
2019-08-07 13:09:00,11.918,11.922,11.908,11.908,2906.0,-0.012000000000000456,0,1279.0,1,,,,,,,,,,,,,,,,,,,,,,,,,,,,,
2019-08-07 13:10:00,11.912,11.914,11.91,11.91,1658.0,-0.007999999999999119,0,-1248.0,0,,,,,,,,,,,,,,,,,,,,,,,,,,,,,
2019-08-07 13:11:00,11.914,11.924,11.91,11.91,7456.0,-0.002000000000000668,0,5798.0,1,,,,,,,,,,,,,,,,,,,,,,,,,,,,,
2019-08-07 13:12:00,11.912,11.912,11.912,11.912,432.0,-0.002000000000000668,0,-7024.0,0,,,,,,,,,,,,,,,,,,,,,,,,,,,,,
2019-08-07 13:13:00,11.914,11.916,11.914,11.914,2393.0,0.002000000000000668,1,1961.0,1,,,,,,,,,,,,,,,,,,,,,,,,,,,,,
2019-08-07 13:14:00,11.922,11.922,11.918,11.918,1740.0,0.003999999999997783,1,-653.0,0,,,,,,,,,,,,,,,,,,,,,,,,,,,,,
2019-08-07 13:15:00,11.91,11.91,11.91,11.91,1300.0,-0.012000000000000456,0,-440.0,0,,,,,,,,,,,,,,,,,,,,,,,,,,,,,
2019-08-07 13:16:00,11.902,11.912,11.902,11.912,1168.0,0.002000000000000668,1,-132.0,0,,,,,,,,,,,,,,,,,,,,,,,,,,,,,
2019-08-07 13:17:00,11.906,11.916,11.906,11.906,4967.0,0.003999999999997783,1,3799.0,1,,,,,,,,,,,,,,,,,,,,,,,,,,,,,
2019-08-07 13:18:00,11.916,11.916,11.906,11.912,3350.0,0.006000000000002004,1,-1617.0,0,,,,,,,,,,,,,,,,,,,,,,,,,,,,,
2019-08-07 13:19:00,11.912,11.912,11.912,11.912,527.0,-0.003999999999997783,0,-2823.0,0,,,,,,,,,,,,,,,,,,,,,,,,,,,,,
2019-08-07 13:20:00,11.906,11.91,11.904000000000002,11.91,3107.0,-0.002000000000000668,0,2580.0,1,,,,,,,,,,,,,,,,,,,,,,,,,,,,,
2019-08-07 13:22:00,11.914,11.916,11.91,11.91,3585.0,0.004000000000001336,1,478.0,1,,,,,,,,,,,,,,,,,,,,,,,,,,,,,
2019-08-07 13:23:00,11.91,11.91,11.91,11.91,2075.0,-0.004000000000001336,0,-1510.0,0,,,,,,,,,,,,,,,,,,,,,,,,,,,,,
2019-08-07 13:24:00,11.914,11.914,11.902,11.902,2057.0,-0.007999999999999119,0,-18.0,0,,,,,,,,,,,,,,,,,,,,,,,,,,,,,
2019-08-07 13:25:00,11.912,11.912,11.912,11.912,7.0,-0.002000000000000668,0,-2050.0,0,,,,,,,,,,,,,,,,,,,,,,,,,,,,,
2019-08-07 13:26:00,11.91,11.91,11.902,11.902,1430.0,-0.009999999999999787,0,1423.0,1,,,,,,,,,,,,,,,,,,,,,,,,,,,,,
2019-08-07 13:27:00,11.902,11.902,11.902,11.902,1051.0,-0.007999999999999119,0,-379.0,0,,,,,,,,,,,,,,,,,,,,,,,,,,,,,
2019-08-07 13:28:00,11.9,11.9,11.884,11.89,21064.0,-0.012000000000000456,0,20013.0,1,,,,,,,,,,,,,,,,,,,,,,,,,,,,,
2019-08-07 13:29:00,11.892,11.892,11.892,11.892,2288.0,-0.007999999999999119,0,-18776.0,0,,,,,,,,,,,,,,,,,,,,,,,,,,,,,
2019-08-07 13:30:00,11.89,11.89,11.89,11.89,2142.0,-0.002000000000000668,0,-146.0,0,,,,,,,,,,,,,,,,,,,,,,,,,,,,,
2019-08-07 13:31:00,11.888,11.888,11.884,11.884,2515.0,-0.006000000000000227,0,373.0,1,,,,,,,,,,,,,,,,,,,,,,,,,,,,,
2019-08-07 13:32:00,11.884,11.884,11.882,11.884,4926.0,-0.00399999999999956,0,2411.0,1,,,,,,,,,,,,,,,,,,,,,,,,,,,,,
2019-08-07 13:33:00,11.888,11.888,11.888,11.888,1006.0,0.00399999999999956,1,-3920.0,0,,,,,,,,,,,,,,,,,,,,,,,,,,,,,
2019-08-07 13:34:00,11.89,11.894,11.888,11.888,3757.0,0.0,0,2751.0,1,,,,,,,,,,,,,,,,,,,,,,,,,,,,,
2019-08-07 13:35:00,11.89,11.89,11.88,11.88,54344.0,-0.009999999999999787,0,50587.0,1,,,,,,,,,,,,,,,,,,,,,,,,,,,,,
2019-08-07 13:36:00,11.884,11.886,11.884,11.884,3741.0,-0.006000000000000227,0,-50603.0,0,,,,,,,,,,,,,,,,,,,,,,,,,,,,,
2019-08-07 13:37:00,11.884,11.894,11.882,11.892,9663.0,0.008000000000000895,1,5922.0,1,,,,,,,,,,,,,,,,,,,,,,,,,,,,,
2019-08-07 13:38:00,11.89,11.892,11.89,11.892,1848.0,0.008000000000000895,1,-7815.0,0,,,,,,,,,,,,,,,,,,,,,,,,,,,,,
2019-08-07 13:39:00,11.898,11.898,11.898,11.898,100.0,0.007999999999999119,1,-1748.0,0,,,,,,,,,,,,,,,,,,,,,,,,,,,,,
2019-08-07 13:40:00,11.89,11.896,11.89,11.892,20266.0,-0.005999999999998451,0,20166.0,1,,,,,,,,,,,,,,,,,,,,,,,,,,,,,
2019-08-07 13:41:00,11.888,11.89,11.888,11.888,294.0,-0.002000000000000668,0,-19972.0,0,,,,,,,,,,,,,,,,,,,,,,,,,,,,,
2019-08-07 13:42:00,11.888,11.888,11.882,11.882,1277.0,-0.006000000000000227,0,983.0,1,,,,,,,,,,,,,,,,,,,,,,,,,,,,,
2019-08-07 13:43:00,11.886,11.886,11.886,11.886,49.0,-0.002000000000000668,0,-1228.0,0,,,,,,,,,,,,,,,,,,,,,,,,,,,,,
2019-08-07 13:44:00,11.884,11.884,11.876,11.878,11544.0,-0.007999999999999119,0,11495.0,1,,,,,,,,,,,,,,,,,,,,,,,,,,,,,
2019-08-07 13:45:00,11.876,11.878,11.872,11.872,9228.0,-0.012000000000000456,0,-2316.0,0,,,,,,,,,,,,,,,,,,,,,,,,,,,,,
2019-08-07 13:46:00,11.87,11.872,11.866,11.87,24443.0,-0.006000000000000227,0,15215.0,1,,,,,,,,,,,,,,,,,,,,,,,,,,,,,
2019-08-07 13:47:00,11.868,11.868,11.866,11.866,4084.0,-0.00399999999999956,0,-20359.0,0,,,,,,,,,,,,,,,,,,,,,,,,,,,,,
2019-08-07 13:48:00,11.862,11.866,11.86,11.866,58104.0,-0.002000000000000668,0,54020.0,1,,,,,,,,,,,,,,,,,,,,,,,,,,,,,
2019-08-07 13:49:00,11.864,11.864,11.858,11.862,7477.0,0.0,0,-50627.0,0,,,,,,,,,,,,,,,,,,,,,,,,,,,,,
2019-08-07 13:50:00,11.864,11.868,11.864,11.868,12429.0,0.00399999999999956,1,4952.0,1,,,,,,,,,,,,,,,,,,,,,,,,,,,,,
2019-08-07 13:51:00,11.866,11.866,11.862,11.864,6204.0,0.0,0,-6225.0,0,,,,,,,,,,,,,,,,,,,,,,,,,,,,,
2019-08-07 13:52:00,11.868,11.868,11.868,11.868,1442.0,0.002000000000000668,1,-4762.0,0,,,,,,,,,,,,,,,,,,,,,,,,,,,,,
2019-08-07 13:53:00,11.87,11.87,11.866,11.866,3182.0,-0.002000000000000668,0,1740.0,1,,,,,,,,,,,,,,,,,,,,,,,,,,,,,
2019-08-07 13:54:00,11.872,11.872,11.872,11.872,1000.0,0.002000000000000668,1,-2182.0,0,,,,,,,,,,,,,,,,,,,,,,,,,,,,,
2019-08-07 13:55:00,11.864,11.864,11.862,11.862,3539.0,-0.009999999999999787,0,2539.0,1,,,,,,,,,,,,,,,,,,,,,,,,,,,,,
2019-08-07 13:56:00,11.862,11.862,11.858,11.862,5828.0,-0.002000000000000668,0,2289.0,1,,,,,,,,,,,,,,,,,,,,,,,,,,,,,
2019-08-07 13:57:00,11.862,11.868,11.862,11.864,9819.0,0.002000000000000668,1,3991.0,1,,,,,,,,,,,,,,,,,,,,,,,,,,,,,
2019-08-07 13:58:00,11.864,11.864,11.864,11.864,1525.0,0.002000000000000668,1,-8294.0,0,,,,,,,,,,,,,,,,,,,,,,,,,,,,,
2019-08-07 13:59:00,11.864,11.864,11.86,11.86,1553.0,-0.004000000000001336,0,28.0,1,,,,,,,,,,,,,,,,,,,,,,,,,,,,,
2019-08-07 14:01:00,11.86,11.86,11.856,11.858,2830.0,-0.006000000000002004,0,1277.0,1,,,,,,,,,,,,,,,,,,,,,,,,,,,,,
2019-08-07 14:02:00,11.86,11.864,11.856,11.86,9498.0,0.0,0,6668.0,1,,,,,,,,,,,,,,,,,,,,,,,,,,,,,
2019-08-07 14:03:00,11.856,11.858,11.85,11.856,11633.0,-0.00399999999999956,0,2135.0,1,,,,,,,,,,,,,,,,,,,,,,,,,,,,,
2019-08-07 14:04:00,11.85,11.856,11.85,11.856,2596.0,0.0,0,-9037.0,0,,,,,,,,,,,,,,,,,,,,,,,,,,,,,
2019-08-07 14:05:00,11.854,11.856,11.848,11.852,5466.0,0.002000000000000668,1,2870.0,1,,,,,,,,,,,,,,,,,,,,,,,,,,,,,
2019-08-07 14:06:00,11.85,11.85,11.845999999999998,11.85,1845.0,-0.004000000000001336,0,-3621.0,0,,,,,,,,,,,,,,,,,,,,,,,,,,,,,
2019-08-07 14:07:00,11.852,11.856,11.852,11.856,1397.0,0.006000000000000227,1,-448.0,0,,,,,,,,,,,,,,,,,,,,,,,,,,,,,
2019-08-07 14:08:00,11.85,11.852,11.848,11.85,4774.0,-0.002000000000000668,0,3377.0,1,,,,,,,,,,,,,,,,,,,,,,,,,,,,,
2019-08-07 14:09:00,11.845999999999998,11.845999999999998,11.826,11.83,23187.0,-0.01999999999999957,0,18413.0,1,,,,,,,,,,,,,,,,,,,,,,,,,,,,,
2019-08-07 14:10:00,11.832,11.834,11.83,11.83,7577.0,-0.015999999999998238,0,-15610.0,0,,,,,,,,,,,,,,,,,,,,,,,,,,,,,
2019-08-07 14:11:00,11.824000000000002,11.826,11.816,11.824000000000002,44433.0,-0.007999999999999119,0,36856.0,1,,,,,,,,,,,,,,,,,,,,,,,,,,,,,
2019-08-07 14:12:00,11.82,11.822,11.818,11.82,14069.0,-0.004000000000001336,0,-30364.0,0,,,,,,,,,,,,,,,,,,,,,,,,,,,,,
2019-08-07 14:13:00,11.818,11.818,11.812,11.812,14510.0,-0.007999999999999119,0,441.0,1,,,,,,,,,,,,,,,,,,,,,,,,,,,,,
2019-08-07 14:14:00,11.81,11.814,11.808,11.814,12513.0,-0.00399999999999956,0,-1997.0,0,,,,,,,,,,,,,,,,,,,,,,,,,,,,,
2019-08-07 14:15:00,11.806,11.806,11.792,11.792,51544.0,-0.018000000000000682,0,39031.0,1,,,,,,,,,,,,,,,,,,,,,,,,,,,,,
2019-08-07 14:16:00,11.792,11.8,11.79,11.8,7722.0,-0.005999999999998451,0,-43822.0,0,,,,,,,,,,,,,,,,,,,,,,,,,,,,,
2019-08-07 14:17:00,11.812,11.812,11.808,11.808,7207.0,0.016000000000000014,1,-515.0,0,,,,,,,,,,,,,,,,,,,,,,,,,,,,,
2019-08-07 14:18:00,11.81,11.814,11.81,11.814,7701.0,0.001999999999998892,1,494.0,1,,,,,,,,,,,,,,,,,,,,,,,,,,,,,
2019-08-07 14:19:00,11.814,11.834,11.814,11.828,9232.0,0.017999999999998906,1,1531.0,1,,,,,,,,,,,,,,,,,,,,,,,,,,,,,
2019-08-07 14:20:00,11.826,11.83,11.826,11.828,15081.0,0.013999999999999345,1,5849.0,1,,,,,,,,,,,,,,,,,,,,,,,,,,,,,
2019-08-07 14:21:00,11.832,11.834,11.82,11.82,31915.0,-0.005999999999998451,0,16834.0,1,,,,,,,,,,,,,,,,,,,,,,,,,,,,,
2019-08-07 14:22:00,11.828,11.83,11.822,11.822,34345.0,-0.009999999999999787,0,2430.0,1,,,,,,,,,,,,,,,,,,,,,,,,,,,,,
2019-08-07 14:23:00,11.83,11.83,11.83,11.83,1693.0,0.002000000000000668,1,-32652.0,0,,,,,,,,,,,,,,,,,,,,,,,,,,,,,
2019-08-07 14:24:00,11.83,11.854,11.83,11.854,16461.0,0.02400000000000091,1,14768.0,1,,,,,,,,,,,,,,,,,,,,,,,,,,,,,
2019-08-07 14:25:00,11.856,11.856,11.842,11.842,8199.0,0.012000000000000456,1,-8262.0,0,,,,,,,,,,,,,,,,,,,,,,,,,,,,,
2019-08-07 14:26:00,11.842,11.842,11.842,11.842,1173.0,-0.013999999999999345,0,-7026.0,0,,,,,,,,,,,,,,,,,,,,,,,,,,,,,
2019-08-07 14:27:00,11.838,11.848,11.838,11.848,8382.0,0.005999999999998451,1,7209.0,1,,,,,,,,,,,,,,,,,,,,,,,,,,,,,
2019-08-07 14:28:00,11.85,11.85,11.844,11.845999999999998,1973.0,0.007999999999999119,1,-6409.0,0,,,,,,,,,,,,,,,,,,,,,,,,,,,,,
2019-08-07 14:29:00,11.84,11.844,11.838,11.844,6258.0,-0.005999999999998451,0,4285.0,1,,,,,,,,,,,,,,,,,,,,,,,,,,,,,
2019-08-07 14:30:00,11.838,11.85,11.838,11.848,7993.0,0.007999999999999119,1,1735.0,1,,,,,,,,,,,,,,,,,,,,,,,,,,,,,
2019-08-07 14:31:00,11.85,11.854,11.838,11.838,7310.0,0.0,0,-683.0,0,,,,,,,,,,,,,,,,,,,,,,,,,,,,,
2019-08-07 14:32:00,11.838,11.84,11.832,11.832,2575.0,-0.017999999999998906,0,-4735.0,0,,,,,,,,,,,,,,,,,,,,,,,,,,,,,
2019-08-07 14:33:00,11.832,11.832,11.822,11.826,23742.0,-0.012000000000000456,0,21167.0,1,,,,,,,,,,,,,,,,,,,,,,,,,,,,,
2019-08-07 14:34:00,11.828,11.828,11.828,11.828,595.0,-0.004000000000001336,0,-23147.0,0,,,,,,,,,,,,,,,,,,,,,,,,,,,,,
2019-08-07 14:35:00,11.83,11.83,11.826,11.826,3032.0,-0.002000000000000668,0,2437.0,1,,,,,,,,,,,,,,,,,,,,,,,,,,,,,
2019-08-07 14:36:00,11.826,11.828,11.826,11.828,4351.0,-0.002000000000000668,0,1319.0,1,,,,,,,,,,,,,,,,,,,,,,,,,,,,,
2019-08-07 14:38:00,11.832,11.834,11.82,11.828,11778.0,0.002000000000000668,1,7427.0,1,,,,,,,,,,,,,,,,,,,,,,,,,,,,,
2019-08-07 14:39:00,11.832,11.832,11.824000000000002,11.828,3937.0,-0.004000000000001336,0,-7841.0,0,,,,,,,,,,,,,,,,,,,,,,,,,,,,,
2019-08-07 14:40:00,11.828,11.828,11.826,11.828,3200.0,-0.004000000000001336,0,-737.0,0,,,,,,,,,,,,,,,,,,,,,,,,,,,,,
2019-08-07 14:41:00,11.83,11.83,11.816,11.824000000000002,10320.0,-0.003999999999997783,0,7120.0,1,,,,,,,,,,,,,,,,,,,,,,,,,,,,,
2019-08-07 14:42:00,11.818,11.818,11.812,11.812,1770.0,-0.017999999999998906,0,-8550.0,0,,,,,,,,,,,,,,,,,,,,,,,,,,,,,
2019-08-07 14:43:00,11.812,11.814,11.804,11.808,10024.0,-0.009999999999999787,0,8254.0,1,,,,,,,,,,,,,,,,,,,,,,,,,,,,,
2019-08-07 14:44:00,11.816,11.816,11.816,11.816,91.0,0.003999999999997783,1,-9933.0,0,,,,,,,,,,,,,,,,,,,,,,,,,,,,,
2019-08-07 14:45:00,11.82,11.82,11.82,11.82,3059.0,0.004000000000001336,1,2968.0,1,,,,,,,,,,,,,,,,,,,,,,,,,,,,,
2019-08-07 14:47:00,11.82,11.82,11.814,11.82,10292.0,0.0,0,7233.0,1,,,,,,,,,,,,,,,,,,,,,,,,,,,,,
2019-08-07 14:48:00,11.816,11.82,11.814,11.814,2816.0,-0.006000000000000227,0,-7476.0,0,,,,,,,,,,,,,,,,,,,,,,,,,,,,,
2019-08-07 14:49:00,11.812,11.812,11.804,11.804,4701.0,-0.011999999999998678,0,1885.0,1,,,,,,,,,,,,,,,,,,,,,,,,,,,,,
2019-08-07 14:50:00,11.804,11.808,11.802,11.804,6521.0,-0.008000000000000895,0,1820.0,1,,,,,,,,,,,,,,,,,,,,,,,,,,,,,
2019-08-07 14:51:00,11.808,11.808,11.8,11.8,6058.0,-0.00399999999999956,0,-463.0,0,,,,,,,,,,,,,,,,,,,,,,,,,,,,,
2019-08-07 14:52:00,11.8,11.804,11.794,11.794,5410.0,-0.013999999999999345,0,-648.0,0,,,,,,,,,,,,,,,,,,,,,,,,,,,,,
2019-08-07 14:53:00,11.8,11.808,11.8,11.808,5988.0,0.007999999999999119,1,578.0,1,,,,,,,,,,,,,,,,,,,,,,,,,,,,,
2019-08-07 14:54:00,11.812,11.812,11.806,11.81,2945.0,0.009999999999999787,1,-3043.0,0,,,,,,,,,,,,,,,,,,,,,,,,,,,,,
2019-08-07 14:55:00,11.806,11.81,11.802,11.802,14432.0,-0.010000000000001565,0,11487.0,1,,,,,,,,,,,,,,,,,,,,,,,,,,,,,
2019-08-07 14:56:00,11.8,11.804,11.8,11.804,3696.0,-0.001999999999998892,0,-10736.0,0,,,,,,,,,,,,,,,,,,,,,,,,,,,,,
2019-08-07 14:57:00,11.798,11.8,11.784,11.784,7186.0,-0.016000000000000014,0,3490.0,1,,,,,,,,,,,,,,,,,,,,,,,,,,,,,
2019-08-07 14:58:00,11.788,11.794,11.78,11.794,16004.0,-0.00399999999999956,0,8818.0,1,,,,,,,,,,,,,,,,,,,,,,,,,,,,,
2019-08-07 14:59:00,11.794,11.796,11.788,11.792,6331.0,0.00399999999999956,1,-9673.0,0,,,,,,,,,,,,,,,,,,,,,,,,,,,,,
2019-08-07 15:00:00,11.792,11.792,11.78,11.78,6782.0,-0.014000000000001123,0,451.0,1,,,,,,,,,,,,,,,,,,,,,,,,,,,,,
2019-08-07 15:01:00,11.78,11.786,11.78,11.784,3728.0,-0.007999999999999119,0,-3054.0,0,,,,,,,,,,,,,,,,,,,,,,,,,,,,,
2019-08-07 15:02:00,11.788,11.79,11.77,11.772,30104.0,-0.007999999999999119,0,26376.0,1,,,,,,,,,,,,,,,,,,,,,,,,,,,,,
2019-08-07 15:03:00,11.774,11.782,11.774,11.782,9283.0,-0.006000000000000227,0,-20821.0,0,,,,,,,,,,,,,,,,,,,,,,,,,,,,,
2019-08-07 15:04:00,11.784,11.79,11.78,11.79,12040.0,0.015999999999998238,1,2757.0,1,,,,,,,,,,,,,,,,,,,,,,,,,,,,,
2019-08-07 15:05:00,11.794,11.798,11.794,11.796,8604.0,0.011999999999998678,1,-3436.0,0,,,,,,,,,,,,,,,,,,,,,,,,,,,,,
2019-08-07 15:06:00,11.796,11.796,11.792,11.792,2212.0,-0.002000000000000668,0,-6392.0,0,,,,,,,,,,,,,,,,,,,,,,,,,,,,,
2019-08-07 15:07:00,11.794,11.794,11.786,11.786,6290.0,-0.009999999999999787,0,4078.0,1,,,,,,,,,,,,,,,,,,,,,,,,,,,,,
2019-08-07 15:08:00,11.788,11.79,11.782,11.786,3332.0,-0.008000000000000895,0,-2958.0,0,,,,,,,,,,,,,,,,,,,,,,,,,,,,,
2019-08-07 15:09:00,11.784,11.784,11.774,11.774,5308.0,-0.013999999999999345,0,1976.0,1,,,,,,,,,,,,,,,,,,,,,,,,,,,,,
2019-08-07 15:10:00,11.772,11.772,11.76,11.762,15167.0,-0.02200000000000024,0,9859.0,1,,,,,,,,,,,,,,,,,,,,,,,,,,,,,
2019-08-07 15:11:00,11.764,11.778,11.764,11.77,20809.0,-0.002000000000000668,0,5642.0,1,,,,,,,,,,,,,,,,,,,,,,,,,,,,,
2019-08-07 15:12:00,11.77,11.77,11.768,11.77,5246.0,0.005999999999998451,1,-15563.0,0,,,,,,,,,,,,,,,,,,,,,,,,,,,,,
2019-08-07 15:13:00,11.77,11.77,11.755999999999998,11.755999999999998,5814.0,-0.014000000000001123,0,568.0,1,,,,,,,,,,,,,,,,,,,,,,,,,,,,,
2019-08-07 15:14:00,11.755999999999998,11.755999999999998,11.752,11.752,1715.0,-0.017999999999998906,0,-4099.0,0,,,,,,,,,,,,,,,,,,,,,,,,,,,,,
2019-08-07 15:15:00,11.755999999999998,11.758,11.744000000000002,11.744000000000002,22487.0,-0.011999999999996902,0,20772.0,1,,,,,,,,,,,,,,,,,,,,,,,,,,,,,
2019-08-07 15:16:00,11.746,11.755999999999998,11.738,11.755999999999998,12446.0,0.0,0,-10041.0,0,,,,,,,,,,,,,,,,,,,,,,,,,,,,,
2019-08-07 15:17:00,11.762,11.762,11.742,11.742,5137.0,-0.003999999999997783,0,-7309.0,0,,,,,,,,,,,,,,,,,,,,,,,,,,,,,
2019-08-07 15:18:00,11.746,11.75,11.744000000000002,11.746,3985.0,-0.01600000000000179,0,-1152.0,0,,,,,,,,,,,,,,,,,,,,,,,,,,,,,
2019-08-07 15:20:00,11.746,11.75,11.746,11.748,8757.0,0.002000000000000668,1,4772.0,1,,,,,,,,,,,,,,,,,,,,,,,,,,,,,
2019-08-07 15:21:00,11.746,11.75,11.744000000000002,11.75,8060.0,0.004000000000001336,1,-697.0,0,,,,,,,,,,,,,,,,,,,,,,,,,,,,,
2019-08-07 15:22:00,11.744000000000002,11.752,11.744000000000002,11.752,10478.0,0.006000000000002004,1,2418.0,1,,,,,,,,,,,,,,,,,,,,,,,,,,,,,
2019-08-07 15:23:00,11.754,11.758,11.75,11.75,6202.0,0.005999999999998451,1,-4276.0,0,,,,,,,,,,,,,,,,,,,,,,,,,,,,,
2019-08-07 15:24:00,11.75,11.754,11.746,11.75,3829.0,-0.004000000000001336,0,-2373.0,0,,,,,,,,,,,,,,,,,,,,,,,,,,,,,
2019-08-07 15:25:00,11.754,11.754,11.742,11.742,2896.0,-0.007999999999999119,0,-933.0,0,,,,,,,,,,,,,,,,,,,,,,,,,,,,,
2019-08-07 15:26:00,11.74,11.74,11.722,11.722,14031.0,-0.03200000000000003,0,11135.0,1,,,,,,,,,,,,,,,,,,,,,,,,,,,,,
2019-08-07 15:27:00,11.724,11.73,11.718,11.724,27963.0,-0.016000000000000014,0,13932.0,1,,,,,,,,,,,,,,,,,,,,,,,,,,,,,
2019-08-07 15:28:00,11.726,11.726,11.71,11.714,27753.0,-0.009999999999999787,0,-210.0,0,,,,,,,,,,,,,,,,,,,,,,,,,,,,,
2019-08-07 15:29:00,11.718,11.734000000000002,11.718,11.734000000000002,7008.0,0.008000000000002672,1,-20745.0,0,,,,,,,,,,,,,,,,,,,,,,,,,,,,,
2019-08-07 15:30:00,11.73,11.73,11.72,11.72,12825.0,0.002000000000000668,1,5817.0,1,,,,,,,,,,,,,,,,,,,,,,,,,,,,,
2019-08-07 15:31:00,11.722,11.742,11.72,11.732,36454.0,0.002000000000000668,1,23629.0,1,,,,,,,,,,,,,,,,,,,,,,,,,,,,,
2019-08-07 15:32:00,11.72,11.72,11.7,11.712,50467.0,-0.010000000000001565,0,14013.0,1,,,,,,,,,,,,,,,,,,,,,,,,,,,,,
2019-08-07 15:33:00,11.714,11.726,11.712,11.72,22396.0,0.0,0,-28071.0,0,,,,,,,,,,,,,,,,,,,,,,,,,,,,,
2019-08-07 15:34:00,11.716,11.718,11.704,11.706,47310.0,-0.008000000000000895,0,24914.0,1,,,,,,,,,,,,,,,,,,,,,,,,,,,,,
2019-08-07 15:35:00,11.706,11.714,11.704,11.706,18740.0,-0.009999999999999787,0,-28570.0,0,,,,,,,,,,,,,,,,,,,,,,,,,,,,,
2019-08-07 15:36:00,11.708,11.726,11.708,11.726,3386.0,0.01999999999999957,1,-15354.0,0,,,,,,,,,,,,,,,,,,,,,,,,,,,,,
2019-08-07 15:37:00,11.724,11.732,11.722,11.728,9674.0,0.01999999999999957,1,6288.0,1,,,,,,,,,,,,,,,,,,,,,,,,,,,,,
2019-08-07 15:38:00,11.724,11.734000000000002,11.718,11.734000000000002,10460.0,0.010000000000001565,1,786.0,1,,,,,,,,,,,,,,,,,,,,,,,,,,,,,
2019-08-07 15:39:00,11.738,11.765999999999998,11.728,11.742,67171.0,0.018000000000000682,1,56711.0,1,,,,,,,,,,,,,,,,,,,,,,,,,,,,,
2019-08-07 15:40:00,11.748,11.748,11.734000000000002,11.734000000000002,3581.0,-0.003999999999997783,0,-63590.0,0,,,,,,,,,,,,,,,,,,,,,,,,,,,,,
2019-08-07 15:41:00,11.738,11.74,11.724,11.724,42866.0,-0.02399999999999913,0,39285.0,1,,,,,,,,,,,,,,,,,,,,,,,,,,,,,
2019-08-07 15:42:00,11.724,11.73,11.724,11.728,4088.0,-0.009999999999999787,0,-38778.0,0,,,,,,,,,,,,,,,,,,,,,,,,,,,,,
2019-08-07 15:43:00,11.726,11.728,11.708,11.718,11503.0,-0.006000000000000227,0,7415.0,1,,,,,,,,,,,,,,,,,,,,,,,,,,,,,
2019-08-07 15:44:00,11.712,11.712,11.706,11.708,3958.0,-0.017999999999998906,0,-7545.0,0,,,,,,,,,,,,,,,,,,,,,,,,,,,,,
2019-08-07 15:45:00,11.704,11.704,11.682,11.692,38385.0,-0.01999999999999957,0,34427.0,1,,,,,,,,,,,,,,,,,,,,,,,,,,,,,
2019-08-07 15:46:00,11.696,11.696,11.674,11.68,73740.0,-0.02400000000000091,0,35355.0,1,,,,,,,,,,,,,,,,,,,,,,,,,,,,,
2019-08-07 15:47:00,11.688,11.69,11.68,11.682,7588.0,-0.013999999999999345,0,-66152.0,0,,,,,,,,,,,,,,,,,,,,,,,,,,,,,
2019-08-07 15:48:00,11.688,11.698,11.688,11.698,15987.0,0.010000000000001565,1,8399.0,1,,,,,,,,,,,,,,,,,,,,,,,,,,,,,
2019-08-07 15:49:00,11.694,11.708,11.694,11.708,34745.0,0.02000000000000135,1,18758.0,1,,,,,,,,,,,,,,,,,,,,,,,,,,,,,
2019-08-07 15:50:00,11.704,11.704,11.69,11.696,20028.0,0.001999999999998892,1,-14717.0,0,,,,,,,,,,,,,,,,,,,,,,,,,,,,,
2019-08-07 15:51:00,11.694,11.694,11.682,11.688,36489.0,-0.01600000000000179,0,16461.0,1,,,,,,,,,,,,,,,,,,,,,,,,,,,,,
2019-08-07 15:52:00,11.686,11.688,11.68,11.684,6702.0,-0.009999999999999787,0,-29787.0,0,,,,,,,,,,,,,,,,,,,,,,,,,,,,,
2019-08-07 15:53:00,11.68,11.682,11.664,11.68,65024.0,-0.006000000000000227,0,58322.0,1,,,,,,,,,,,,,,,,,,,,,,,,,,,,,
2019-08-07 15:54:00,11.674,11.675999999999998,11.66,11.666,22778.0,-0.014000000000001123,0,-42246.0,0,,,,,,,,,,,,,,,,,,,,,,,,,,,,,
2019-08-07 15:55:00,11.664,11.668,11.654000000000002,11.66,74222.0,-0.014000000000001123,0,51444.0,1,,,,,,,,,,,,,,,,,,,,,,,,,,,,,
2019-08-07 15:56:00,11.662,11.684,11.66,11.684,25445.0,0.01999999999999957,1,-48777.0,0,,,,,,,,,,,,,,,,,,,,,,,,,,,,,
2019-08-07 15:57:00,11.675999999999998,11.675999999999998,11.66,11.67,23932.0,0.007999999999999119,1,-1513.0,0,,,,,,,,,,,,,,,,,,,,,,,,,,,,,
2019-08-07 15:58:00,11.666,11.672,11.66,11.672,26801.0,-0.003999999999997783,0,2869.0,1,,,,,,,,,,,,,,,,,,,,,,,,,,,,,
2019-08-07 15:59:00,11.672,11.674,11.658,11.658,29988.0,-0.007999999999999119,0,3187.0,1,,,,,,,,,,,,,,,,,,,,,,,,,,,,,
2019-08-07 16:00:00,11.658,11.666,11.656,11.658,13583.0,-0.014000000000001123,0,-16405.0,0,,,,,,,,,,,,,,,,,,,,,,,,,,,,,
2019-08-07 16:01:00,11.658,11.662,11.652,11.656,11234.0,-0.002000000000000668,0,-2349.0,0,,,,,,,,,,,,,,,,,,,,,,,,,,,,,
2019-08-07 16:02:00,11.654000000000002,11.664,11.654000000000002,11.664,13366.0,0.006000000000002004,1,2132.0,1,,,,,,,,,,,,,,,,,,,,,,,,,,,,,
2019-08-07 16:03:00,11.66,11.66,11.66,11.66,747.0,0.005999999999998451,1,-12619.0,0,,,,,,,,,,,,,,,,,,,,,,,,,,,,,
2019-08-07 16:04:00,11.66,11.68,11.658,11.68,16178.0,0.01999999999999957,1,15431.0,1,,,,,,,,,,,,,,,,,,,,,,,,,,,,,
2019-08-07 16:05:00,11.696,11.706,11.696,11.706,19990.0,0.045999999999999375,1,3812.0,1,,,,,,,,,,,,,,,,,,,,,,,,,,,,,
2019-08-07 16:06:00,11.702,11.716,11.7,11.702,15544.0,0.006000000000000227,1,-4446.0,0,,,,,,,,,,,,,,,,,,,,,,,,,,,,,
2019-08-07 16:07:00,11.708,11.71,11.702,11.706,9600.0,0.00399999999999956,1,-5944.0,0,,,,,,,,,,,,,,,,,,,,,,,,,,,,,
2019-08-07 16:08:00,11.706,11.722,11.706,11.722,6427.0,0.014000000000001123,1,-3173.0,0,,,,,,,,,,,,,,,,,,,,,,,,,,,,,
2019-08-07 16:09:00,11.724,11.724,11.71,11.712,18925.0,0.006000000000000227,1,12498.0,1,,,,,,,,,,,,,,,,,,,,,,,,,,,,,
2019-08-07 16:10:00,11.716,11.722,11.714,11.72,19053.0,-0.00399999999999956,0,128.0,1,,,,,,,,,,,,,,,,,,,,,,,,,,,,,
2019-08-07 16:11:00,11.722,11.73,11.716,11.73,14015.0,0.014000000000001123,1,-5038.0,0,,,,,,,,,,,,,,,,,,,,,,,,,,,,,
2019-08-07 16:12:00,11.728,11.74,11.726,11.734000000000002,21686.0,0.012000000000000456,1,7671.0,1,,,,,,,,,,,,,,,,,,,,,,,,,,,,,
2019-08-07 16:13:00,11.736,11.742,11.734000000000002,11.736,17987.0,0.007999999999999119,1,-3699.0,0,,,,,,,,,,,,,,,,,,,,,,,,,,,,,
2019-08-07 16:14:00,11.74,11.742,11.734000000000002,11.736,7661.0,0.0,0,-10326.0,0,,,,,,,,,,,,,,,,,,,,,,,,,,,,,
2019-08-07 16:15:00,11.736,11.736,11.722,11.726,12697.0,-0.014000000000001123,0,5036.0,1,,,,,,,,,,,,,,,,,,,,,,,,,,,,,
2019-08-07 16:16:00,11.73,11.73,11.73,11.73,3627.0,-0.005999999999998451,0,-9070.0,0,,,,,,,,,,,,,,,,,,,,,,,,,,,,,
2019-08-07 16:17:00,11.736,11.74,11.736,11.736,13027.0,0.005999999999998451,1,9400.0,1,,,,,,,,,,,,,,,,,,,,,,,,,,,,,
2019-08-07 16:18:00,11.742,11.742,11.734000000000002,11.734000000000002,24587.0,-0.0019999999999971148,0,11560.0,1,,,,,,,,,,,,,,,,,,,,,,,,,,,,,
2019-08-07 16:19:00,11.734000000000002,11.734000000000002,11.728,11.728,24346.0,-0.014000000000001123,0,-241.0,0,,,,,,,,,,,,,,,,,,,,,,,,,,,,,
2019-08-07 16:20:00,11.73,11.73,11.728,11.73,7784.0,-0.004000000000001336,0,-16562.0,0,,,,,,,,,,,,,,,,,,,,,,,,,,,,,
2019-08-07 16:21:00,11.724,11.726,11.714,11.722,29649.0,-0.007999999999999119,0,21865.0,1,,,,,,,,,,,,,,,,,,,,,,,,,,,,,
2019-08-07 16:22:00,11.722,11.736,11.722,11.734000000000002,20228.0,0.010000000000001565,1,-9421.0,0,,,,,,,,,,,,,,,,,,,,,,,,,,,,,
2019-08-07 16:23:00,11.734000000000002,11.734000000000002,11.72,11.72,33742.0,-0.002000000000000668,0,13514.0,1,,,,,,,,,,,,,,,,,,,,,,,,,,,,,
2019-08-07 16:24:00,11.726,11.726,11.724,11.726,7340.0,-0.008000000000002672,0,-26402.0,0,,,,,,,,,,,,,,,,,,,,,,,,,,,,,
2019-08-07 16:25:00,11.728,11.728,11.724,11.724,7427.0,-0.001999999999998892,0,87.0,1,,,,,,,,,,,,,,,,,,,,,,,,,,,,,
2019-08-07 16:26:00,11.728,11.732,11.722,11.726,46384.0,-0.002000000000000668,0,38957.0,1,,,,,,,,,,,,,,,,,,,,,,,,,,,,,
2019-08-07 16:27:00,11.722,11.722,11.714,11.718,13234.0,-0.009999999999999787,0,-33150.0,0,,,,,,,,,,,,,,,,,,,,,,,,,,,,,
2019-08-07 16:28:00,11.718,11.724,11.718,11.724,9615.0,0.001999999999998892,1,-3619.0,0,,,,,,,,,,,,,,,,,,,,,,,,,,,,,
2019-08-07 16:29:00,11.728,11.744000000000002,11.728,11.73,36368.0,0.012000000000000456,1,26753.0,1,,,,,,,,,,,,,,,,,,,,,,,,,,,,,
2019-08-07 16:30:00,11.736,11.736,11.716,11.716,25630.0,-0.012000000000000456,0,-10738.0,0,,,,,,,,,,,,,,,,,,,,,,,,,,,,,
2019-08-07 16:31:00,11.718,11.724,11.718,11.722,3880.0,-0.01399999999999757,0,-21750.0,0,,,,,,,,,,,,,,,,,,,,,,,,,,,,,
2019-08-07 16:32:00,11.724,11.772,11.72,11.77,79824.0,0.0519999999999996,1,75944.0,1,,,,,,,,,,,,,,,,,,,,,,,,,,,,,
2019-08-07 16:33:00,11.768,11.77,11.76,11.765999999999998,26326.0,0.04199999999999804,1,-53498.0,0,,,,,,,,,,,,,,,,,,,,,,,,,,,,,
2019-08-07 16:34:00,11.765999999999998,11.765999999999998,11.758,11.764,16063.0,-0.003999999999997783,0,-10263.0,0,,,,,,,,,,,,,,,,,,,,,,,,,,,,,
2019-08-07 16:35:00,11.765999999999998,11.782,11.765999999999998,11.774,14466.0,0.008000000000002672,1,-1597.0,0,,,,,,,,,,,,,,,,,,,,,,,,,,,,,
2019-08-07 16:36:00,11.78,11.794,11.78,11.79,9332.0,0.02400000000000091,1,-5134.0,0,,,,,,,,,,,,,,,,,,,,,,,,,,,,,
2019-08-07 16:37:00,11.788,11.788,11.78,11.78,4667.0,0.0,0,-4665.0,0,,,,,,,,,,,,,,,,,,,,,,,,,,,,,
2019-08-07 16:38:00,11.782,11.784,11.77,11.77,18805.0,-0.018000000000000682,0,14138.0,1,,,,,,,,,,,,,,,,,,,,,,,,,,,,,
2019-08-07 16:39:00,11.77,11.778,11.754,11.778,78416.0,-0.004000000000001336,0,59611.0,1,,,,,,,,,,,,,,,,,,,,,,,,,,,,,
2019-08-07 16:40:00,11.774,11.788,11.772,11.786,15173.0,0.016000000000000014,1,-63243.0,0,,,,,,,,,,,,,,,,,,,,,,,,,,,,,
2019-08-07 16:41:00,11.782,11.786,11.78,11.784,9334.0,0.009999999999999787,1,-5839.0,0,,,,,,,,,,,,,,,,,,,,,,,,,,,,,
2019-08-07 16:42:00,11.788,11.788,11.78,11.78,4069.0,-0.002000000000000668,0,-5265.0,0,,,,,,,,,,,,,,,,,,,,,,,,,,,,,
2019-08-07 16:43:00,11.784,11.784,11.768,11.768,14222.0,-0.02000000000000135,0,10153.0,1,,,,,,,,,,,,,,,,,,,,,,,,,,,,,
2019-08-07 16:44:00,11.774,11.774,11.765999999999998,11.765999999999998,17947.0,-0.01800000000000246,0,3725.0,1,,,,,,,,,,,,,,,,,,,,,,,,,,,,,
2019-08-07 16:45:00,11.764,11.768,11.755999999999998,11.768,35712.0,-0.006000000000002004,0,17765.0,1,,,,,,,,,,,,,,,,,,,,,,,,,,,,,
2019-08-07 16:46:00,11.77,11.77,11.764,11.764,9370.0,0.0,0,-26342.0,0,,,,,,,,,,,,,,,,,,,,,,,,,,,,,
2019-08-07 16:47:00,11.762,11.764,11.758,11.758,6153.0,-0.012000000000000456,0,-3217.0,0,,,,,,,,,,,,,,,,,,,,,,,,,,,,,
2019-08-07 16:48:00,11.755999999999998,11.76,11.752,11.758,7882.0,-0.004000000000001336,0,1729.0,1,,,,,,,,,,,,,,,,,,,,,,,,,,,,,
2019-08-07 16:49:00,11.765999999999998,11.77,11.76,11.762,4814.0,0.006000000000002004,1,-3068.0,0,,,,,,,,,,,,,,,,,,,,,,,,,,,,,
2019-08-07 16:50:00,11.765999999999998,11.778,11.765999999999998,11.778,8021.0,0.012000000000000456,1,3207.0,1,,,,,,,,,,,,,,,,,,,,,,,,,,,,,
2019-08-07 16:51:00,11.776,11.808,11.774,11.808,28225.0,0.042000000000001585,1,20204.0,1,,,,,,,,,,,,,,,,,,,,,,,,,,,,,
2019-08-07 16:52:00,11.808,11.814,11.806,11.808,28991.0,0.03200000000000003,1,766.0,1,,,,,,,,,,,,,,,,,,,,,,,,,,,,,
2019-08-07 16:53:00,11.81,11.81,11.796,11.8,17260.0,-0.007999999999999119,0,-11731.0,0,,,,,,,,,,,,,,,,,,,,,,,,,,,,,
2019-08-07 16:54:00,11.802,11.806,11.8,11.802,33006.0,-0.008000000000000895,0,15746.0,1,,,,,,,,,,,,,,,,,,,,,,,,,,,,,
2019-08-07 16:55:00,11.804,11.808,11.794,11.8,40870.0,-0.001999999999998892,0,7864.0,1,,,,,,,,,,,,,,,,,,,,,,,,,,,,,
2019-08-07 16:56:00,11.8,11.802,11.79,11.79,12068.0,-0.014000000000001123,0,-28802.0,0,,,,,,,,,,,,,,,,,,,,,,,,,,,,,
2019-08-07 16:57:00,11.79,11.796,11.782,11.784,22886.0,-0.016000000000000014,0,10818.0,1,,,,,,,,,,,,,,,,,,,,,,,,,,,,,
2019-08-07 16:58:00,11.78,11.78,11.772,11.78,12568.0,-0.009999999999999787,0,-10318.0,0,,,,,,,,,,,,,,,,,,,,,,,,,,,,,
2019-08-07 16:59:00,11.784,11.79,11.776,11.79,11954.0,0.009999999999999787,1,-614.0,0,,,,,,,,,,,,,,,,,,,,,,,,,,,,,
2019-08-07 17:00:00,11.79,11.79,11.786,11.788,4236.0,0.00399999999999956,1,-7718.0,0,,,,,,,,,,,,,,,,,,,,,,,,,,,,,
2019-08-07 17:01:00,11.786,11.786,11.77,11.774,31435.0,-0.015999999999998238,0,27199.0,1,,,,,,,,,,,,,,,,,,,,,,,,,,,,,
2019-08-07 17:02:00,11.776,11.776,11.764,11.768,20923.0,-0.018000000000000682,0,-10512.0,0,,,,,,,,,,,,,,,,,,,,,,,,,,,,,
2019-08-07 17:03:00,11.77,11.77,11.754,11.754,5771.0,-0.021999999999998462,0,-15152.0,0,,,,,,,,,,,,,,,,,,,,,,,,,,,,,
2019-08-07 17:04:00,11.758,11.758,11.742,11.746,21167.0,-0.02400000000000091,0,15396.0,1,,,,,,,,,,,,,,,,,,,,,,,,,,,,,
2019-08-07 17:05:00,11.746,11.752,11.738,11.74,18171.0,-0.017999999999998906,0,-2996.0,0,,,,,,,,,,,,,,,,,,,,,,,,,,,,,
2019-08-07 17:06:00,11.74,11.746,11.738,11.74,16339.0,-0.005999999999998451,0,-1832.0,0,,,,,,,,,,,,,,,,,,,,,,,,,,,,,
2019-08-07 17:07:00,11.74,11.742,11.736,11.736,18476.0,-0.004000000000001336,0,2137.0,1,,,,,,,,,,,,,,,,,,,,,,,,,,,,,
2019-08-07 17:08:00,11.732,11.746,11.732,11.746,19124.0,0.005999999999998451,1,648.0,1,,,,,,,,,,,,,,,,,,,,,,,,,,,,,
2019-08-07 17:09:00,11.744000000000002,11.75,11.742,11.748,10675.0,0.015999999999998238,1,-8449.0,0,,,,,,,,,,,,,,,,,,,,,,,,,,,,,
2019-08-07 17:10:00,11.75,11.758,11.748,11.758,11657.0,0.01399999999999757,1,982.0,1,,,,,,,,,,,,,,,,,,,,,,,,,,,,,
2019-08-07 17:11:00,11.758,11.758,11.748,11.758,20276.0,0.007999999999999119,1,8619.0,1,,,,,,,,,,,,,,,,,,,,,,,,,,,,,
2019-08-07 17:12:00,11.754,11.754,11.75,11.752,5594.0,-0.005999999999998451,0,-14682.0,0,,,,,,,,,,,,,,,,,,,,,,,,,,,,,
2019-08-07 17:13:00,11.754,11.758,11.75,11.754,12354.0,0.0,0,6760.0,1,,,,,,,,,,,,,,,,,,,,,,,,,,,,,
2019-08-07 17:14:00,11.752,11.755999999999998,11.75,11.755999999999998,1975.0,0.0019999999999971148,1,-10379.0,0,,,,,,,,,,,,,,,,,,,,,,,,,,,,,
2019-08-07 17:15:00,11.752,11.765999999999998,11.752,11.765999999999998,16369.0,0.01399999999999757,1,14394.0,1,,,,,,,,,,,,,,,,,,,,,,,,,,,,,
2019-08-07 17:16:00,11.764,11.77,11.764,11.765999999999998,2174.0,0.01399999999999757,1,-14195.0,0,,,,,,,,,,,,,,,,,,,,,,,,,,,,,
2019-08-07 17:17:00,11.764,11.768,11.754,11.762,44093.0,-0.002000000000000668,0,41919.0,1,,,,,,,,,,,,,,,,,,,,,,,,,,,,,
2019-08-07 17:18:00,11.765999999999998,11.772,11.764,11.768,5768.0,0.003999999999997783,1,-38325.0,0,,,,,,,,,,,,,,,,,,,,,,,,,,,,,
2019-08-07 17:19:00,11.762,11.762,11.75,11.752,39570.0,-0.01399999999999757,0,33802.0,1,,,,,,,,,,,,,,,,,,,,,,,,,,,,,
2019-08-07 17:20:00,11.754,11.758,11.752,11.758,5138.0,-0.004000000000001336,0,-34432.0,0,,,,,,,,,,,,,,,,,,,,,,,,,,,,,
2019-08-07 17:21:00,11.758,11.758,11.746,11.75,14700.0,-0.004000000000001336,0,9562.0,1,,,,,,,,,,,,,,,,,,,,,,,,,,,,,
2019-08-07 17:22:00,11.748,11.75,11.742,11.744000000000002,19007.0,-0.01399999999999757,0,4307.0,1,,,,,,,,,,,,,,,,,,,,,,,,,,,,,
2019-08-07 17:23:00,11.74,11.742,11.722,11.722,18050.0,-0.025999999999998025,0,-957.0,0,,,,,,,,,,,,,,,,,,,,,,,,,,,,,
2019-08-07 17:24:00,11.722,11.722,11.708,11.708,24200.0,-0.03200000000000003,0,6150.0,1,,,,,,,,,,,,,,,,,,,,,,,,,,,,,
2019-08-07 17:25:00,11.708,11.712,11.704,11.706,16808.0,-0.01600000000000179,0,-7392.0,0,,,,,,,,,,,,,,,,,,,,,,,,,,,,,
2019-08-07 17:26:00,11.714,11.722,11.714,11.722,5017.0,0.014000000000001123,1,-11791.0,0,,,,,,,,,,,,,,,,,,,,,,,,,,,,,
2019-08-07 17:27:00,11.722,11.724,11.714,11.718,39172.0,0.00399999999999956,1,34155.0,1,,,,,,,,,,,,,,,,,,,,,,,,,,,,,
2019-08-07 17:28:00,11.71,11.722,11.71,11.714,7313.0,-0.008000000000000895,0,-31859.0,0,,,,,,,,,,,,,,,,,,,,,,,,,,,,,
2019-08-07 17:29:00,11.714,11.716,11.708,11.714,10842.0,0.00399999999999956,1,3529.0,1,,,,,,,,,,,,,,,,,,,,,,,,,,,,,
2019-08-07 17:30:00,11.714,11.72,11.708,11.72,18260.0,0.006000000000000227,1,7418.0,1,,,,,,,,,,,,,,,,,,,,,,,,,,,,,
2019-08-07 17:36:00,11.7,11.7,11.7,11.7,1304024.0,-0.014000000000001123,0,1285764.0,1,,,,,,,,,,,,,,,,,,,,,,,,,,,,,
2019-08-07 17:37:00,11.7,11.7,11.7,11.7,390.0,0.0,0,-1303634.0,0,,,,,,,,,,,,,,,,,,,,,,,,,,,,,
2019-08-07 17:40:00,11.7,11.7,11.7,11.7,34264.0,0.0,0,33874.0,1,,,,,,,,,,,,,,,,,,,,,,,,,,,,,
2019-08-07 17:42:00,11.7,11.7,11.7,11.7,2220.0,0.0,0,-32044.0,0,,,,,,,,,,,,,,,,,,,,,,,,,,,,,
