Date,OPEN,HIGH,LOW,CLOSE,VOLUME,url,header,release time,article content,formatteddate,flair_sentiment_header,flair_sentiment_content,neg_vader_header,neu_vader_header,pos_vader_header,compound_vader_header,neg_vader_articel_content,neu_vader_articel_content,pos_vader_articel_content,compound_vader_articel_content,polarity_textblob_sentiment_header,subjectivity_textblob_sentiment_header,polarity_textblob_sentiment_content,subjectivity_textblob_sentiment_content
2019-09-12 09:01:00,12.464,12.53,12.464,12.53,116758.0,,,,,,,,,,,,,,,,,,,
2019-09-12 09:02:00,12.512,12.544,12.502,12.51,47030.0,,,,,,,,,,,,,,,,,,,
2019-09-12 09:03:00,12.505999999999998,12.517999999999999,12.5,12.515999999999998,10486.0,,,,,,,,,,,,,,,,,,,
2019-09-12 09:04:00,12.515999999999998,12.53,12.51,12.526,59475.0,,,,,,,,,,,,,,,,,,,
2019-09-12 09:05:00,12.524000000000001,12.526,12.524000000000001,12.526,7280.0,,,,,,,,,,,,,,,,,,,
2019-09-12 09:06:00,12.526,12.558,12.524000000000001,12.558,59319.0,,,,,,,,,,,,,,,,,,,
2019-09-12 09:07:00,12.544,12.548,12.522,12.542,47620.0,,,,,,,,,,,,,,,,,,,
2019-09-12 09:08:00,12.536,12.536,12.522,12.527999999999999,15583.0,,,,,,,,,,,,,,,,,,,
2019-09-12 09:09:00,12.52,12.522,12.504000000000001,12.504000000000001,41010.0,,,,,,,,,,,,,,,,,,,
2019-09-12 09:10:00,12.51,12.517999999999999,12.498,12.508,36974.0,,,,,,,,,,,,,,,,,,,
2019-09-12 09:11:00,12.504000000000001,12.504000000000001,12.492,12.492,17963.0,,,,,,,,,,,,,,,,,,,
2019-09-12 09:12:00,12.495999999999999,12.51,12.495999999999999,12.51,22426.0,,,,,,,,,,,,,,,,,,,
2019-09-12 09:13:00,12.514000000000001,12.524000000000001,12.508,12.524000000000001,21446.0,,,,,,,,,,,,,,,,,,,
2019-09-12 09:14:00,12.524000000000001,12.527999999999999,12.517999999999999,12.517999999999999,18219.0,,,,,,,,,,,,,,,,,,,
2019-09-12 09:15:00,12.526,12.526,12.522,12.522,5440.0,,,,,,,,,,,,,,,,,,,
2019-09-12 09:16:00,12.527999999999999,12.538,12.515999999999998,12.538,40357.0,,,,,,,,,,,,,,,,,,,
2019-09-12 09:17:00,12.532,12.538,12.524000000000001,12.53,29706.0,,,,,,,,,,,,,,,,,,,
2019-09-12 09:18:00,12.534,12.536,12.514000000000001,12.514000000000001,36662.0,,,,,,,,,,,,,,,,,,,
2019-09-12 09:19:00,12.514000000000001,12.52,12.512,12.512,14033.0,,,,,,,,,,,,,,,,,,,
2019-09-12 09:20:00,12.51,12.51,12.504000000000001,12.504000000000001,7880.0,,,,,,,,,,,,,,,,,,,
2019-09-12 09:21:00,12.504000000000001,12.512,12.504000000000001,12.512,12446.0,,,,,,,,,,,,,,,,,,,
2019-09-12 09:22:00,12.514000000000001,12.515999999999998,12.51,12.515999999999998,20187.0,,,,,,,,,,,,,,,,,,,
2019-09-12 09:23:00,12.515999999999998,12.52,12.504000000000001,12.505999999999998,34924.0,,,,,,,,,,,,,,,,,,,
2019-09-12 09:24:00,12.502,12.522,12.502,12.52,29060.0,,,,,,,,,,,,,,,,,,,
2019-09-12 09:25:00,12.517999999999999,12.522,12.512,12.52,20965.0,,,,,,,,,,,,,,,,,,,
2019-09-12 09:26:00,12.522,12.53,12.522,12.522,40670.0,,,,,,,,,,,,,,,,,,,
2019-09-12 09:27:00,12.524000000000001,12.53,12.522,12.53,15729.0,,,,,,,,,,,,,,,,,,,
2019-09-12 09:28:00,12.527999999999999,12.527999999999999,12.52,12.52,37165.0,,,,,,,,,,,,,,,,,,,
2019-09-12 09:29:00,12.52,12.526,12.52,12.52,20131.0,,,,,,,,,,,,,,,,,,,
2019-09-12 09:30:00,12.517999999999999,12.532,12.515999999999998,12.53,25757.0,,,,,,,,,,,,,,,,,,,
2019-09-12 09:31:00,12.532,12.54,12.532,12.532,105787.0,,,,,,,,,,,,,,,,,,,
2019-09-12 09:32:00,12.536,12.536,12.532,12.534,25277.0,,,,,,,,,,,,,,,,,,,
2019-09-12 09:33:00,12.532,12.536,12.52,12.536,34288.0,,,,,,,,,,,,,,,,,,,
2019-09-12 09:34:00,12.534,12.534,12.514000000000001,12.524000000000001,29708.0,,,,,,,,,,,,,,,,,,,
2019-09-12 09:35:00,12.52,12.524000000000001,12.517999999999999,12.52,11454.0,,,,,,,,,,,,,,,,,,,
2019-09-12 09:36:00,12.522,12.524000000000001,12.52,12.524000000000001,6186.0,,,,,,,,,,,,,,,,,,,
2019-09-12 09:37:00,12.522,12.522,12.52,12.52,13970.0,,,,,,,,,,,,,,,,,,,
2019-09-12 09:38:00,12.524000000000001,12.524000000000001,12.524000000000001,12.524000000000001,100.0,,,,,,,,,,,,,,,,,,,
2019-09-12 09:39:00,12.524000000000001,12.526,12.522,12.522,29215.0,,,,,,,,,,,,,,,,,,,
2019-09-12 09:40:00,12.524000000000001,12.524000000000001,12.515999999999998,12.515999999999998,21934.0,,,,,,,,,,,,,,,,,,,
2019-09-12 09:41:00,12.517999999999999,12.524000000000001,12.514000000000001,12.522,26145.0,,,,,,,,,,,,,,,,,,,
2019-09-12 09:42:00,12.52,12.52,12.515999999999998,12.515999999999998,8192.0,,,,,,,,,,,,,,,,,,,
2019-09-12 09:43:00,12.514000000000001,12.514000000000001,12.508,12.51,13232.0,,,,,,,,,,,,,,,,,,,
2019-09-12 09:44:00,12.512,12.515999999999998,12.512,12.515999999999998,6897.0,,,,,,,,,,,,,,,,,,,
2019-09-12 09:45:00,12.522,12.527999999999999,12.522,12.524000000000001,12550.0,,,,,,,,,,,,,,,,,,,
2019-09-12 09:46:00,12.526,12.53,12.526,12.526,19251.0,,,,,,,,,,,,,,,,,,,
2019-09-12 09:47:00,12.527999999999999,12.538,12.526,12.536,36683.0,,,,,,,,,,,,,,,,,,,
2019-09-12 09:48:00,12.536,12.546,12.536,12.544,41034.0,,,,,,,,,,,,,,,,,,,
2019-09-12 09:49:00,12.542,12.542,12.54,12.54,16282.0,,,,,,,,,,,,,,,,,,,
2019-09-12 09:50:00,12.542,12.546,12.54,12.54,40082.0,,,,,,,,,,,,,,,,,,,
2019-09-12 09:51:00,12.538,12.538,12.532,12.532,14126.0,,,,,,,,,,,,,,,,,,,
2019-09-12 09:52:00,12.532,12.54,12.524000000000001,12.524000000000001,62627.0,,,,,,,,,,,,,,,,,,,
2019-09-12 09:53:00,12.52,12.527999999999999,12.52,12.524000000000001,33368.0,,,,,,,,,,,,,,,,,,,
2019-09-12 09:54:00,12.524000000000001,12.527999999999999,12.524000000000001,12.524000000000001,4552.0,,,,,,,,,,,,,,,,,,,
2019-09-12 09:55:00,12.527999999999999,12.53,12.527999999999999,12.53,14112.0,,,,,,,,,,,,,,,,,,,
2019-09-12 09:56:00,12.532,12.534,12.527999999999999,12.527999999999999,9101.0,,,,,,,,,,,,,,,,,,,
2019-09-12 09:57:00,12.527999999999999,12.53,12.527999999999999,12.53,3394.0,,,,,,,,,,,,,,,,,,,
2019-09-12 09:58:00,12.527999999999999,12.532,12.517999999999999,12.52,33670.0,,,,,,,,,,,,,,,,,,,
2019-09-12 09:59:00,12.522,12.527999999999999,12.522,12.527999999999999,8958.0,,,,,,,,,,,,,,,,,,,
2019-09-12 10:00:00,12.526,12.526,12.515999999999998,12.524000000000001,26874.0,,,,,,,,,,,,,,,,,,,
2019-09-12 10:01:00,12.526,12.526,12.517999999999999,12.517999999999999,23921.0,,,,,,,,,,,,,,,,,,,
2019-09-12 10:02:00,12.514000000000001,12.517999999999999,12.51,12.515999999999998,27253.0,,,,,,,,,,,,,,,,,,,
2019-09-12 10:03:00,12.517999999999999,12.524000000000001,12.517999999999999,12.517999999999999,16590.0,,,,,,,,,,,,,,,,,,,
2019-09-12 10:04:00,12.517999999999999,12.517999999999999,12.504000000000001,12.504000000000001,31696.0,,,,,,,,,,,,,,,,,,,
2019-09-12 10:05:00,12.504000000000001,12.508,12.504000000000001,12.505999999999998,19603.0,,,,,,,,,,,,,,,,,,,
2019-09-12 10:06:00,12.502,12.502,12.5,12.5,8627.0,,,,,,,,,,,,,,,,,,,
2019-09-12 10:07:00,12.5,12.504000000000001,12.5,12.504000000000001,10602.0,,,,,,,,,,,,,,,,,,,
2019-09-12 10:08:00,12.508,12.51,12.508,12.51,7689.0,,,,,,,,,,,,,,,,,,,
2019-09-12 10:09:00,12.508,12.527999999999999,12.502,12.527999999999999,45600.0,,,,,,,,,,,,,,,,,,,
2019-09-12 10:10:00,12.526,12.527999999999999,12.517999999999999,12.524000000000001,23973.0,,,,,,,,,,,,,,,,,,,
2019-09-12 10:11:00,12.527999999999999,12.53,12.526,12.526,13603.0,,,,,,,,,,,,,,,,,,,
2019-09-12 10:12:00,12.526,12.526,12.52,12.526,10367.0,,,,,,,,,,,,,,,,,,,
2019-09-12 10:14:00,12.524000000000001,12.524000000000001,12.524000000000001,12.524000000000001,1566.0,,,,,,,,,,,,,,,,,,,
2019-09-12 10:15:00,12.524000000000001,12.526,12.524000000000001,12.526,3355.0,,,,,,,,,,,,,,,,,,,
2019-09-12 10:16:00,12.524000000000001,12.53,12.524000000000001,12.53,9944.0,,,,,,,,,,,,,,,,,,,
2019-09-12 10:17:00,12.526,12.526,12.526,12.526,16629.0,,,,,,,,,,,,,,,,,,,
2019-09-12 10:18:00,12.53,12.53,12.524000000000001,12.527999999999999,9525.0,,,,,,,,,,,,,,,,,,,
2019-09-12 10:19:00,12.53,12.532,12.53,12.53,31345.0,,,,,,,,,,,,,,,,,,,
2019-09-12 10:20:00,12.53,12.532,12.527999999999999,12.53,12877.0,,,,,,,,,,,,,,,,,,,
2019-09-12 10:21:00,12.532,12.532,12.532,12.532,750.0,,,,,,,,,,,,,,,,,,,
2019-09-12 10:22:00,12.534,12.538,12.53,12.538,64146.0,,,,,,,,,,,,,,,,,,,
2019-09-12 10:23:00,12.54,12.546,12.54,12.546,56593.0,,,,,,,,,,,,,,,,,,,
2019-09-12 10:24:00,12.548,12.548,12.544,12.544,17121.0,,,,,,,,,,,,,,,,,,,
2019-09-12 10:25:00,12.544,12.546,12.542,12.544,10485.0,,,,,,,,,,,,,,,,,,,
2019-09-12 10:26:00,12.544,12.546,12.536,12.538,23604.0,,,,,,,,,,,,,,,,,,,
2019-09-12 10:27:00,12.538,12.542,12.538,12.54,7055.0,,,,,,,,,,,,,,,,,,,
2019-09-12 10:28:00,12.54,12.542,12.538,12.54,8876.0,,,,,,,,,,,,,,,,,,,
2019-09-12 10:29:00,12.54,12.54,12.538,12.538,6671.0,,,,,,,,,,,,,,,,,,,
2019-09-12 10:30:00,12.538,12.54,12.538,12.54,7115.0,,,,,,,,,,,,,,,,,,,
2019-09-12 10:31:00,12.54,12.544,12.54,12.542,22748.0,,,,,,,,,,,,,,,,,,,
2019-09-12 10:32:00,12.544,12.546,12.544,12.544,5691.0,,,,,,,,,,,,,,,,,,,
2019-09-12 10:33:00,12.544,12.548,12.544,12.544,16315.0,,,,,,,,,,,,,,,,,,,
2019-09-12 10:34:00,12.542,12.544,12.54,12.54,7208.0,,,,,,,,,,,,,,,,,,,
2019-09-12 10:35:00,12.544,12.546,12.54,12.546,11400.0,,,,,,,,,,,,,,,,,,,
2019-09-12 10:36:00,12.544,12.544,12.54,12.544,7174.0,,,,,,,,,,,,,,,,,,,
2019-09-12 10:37:00,12.542,12.55,12.542,12.55,28023.0,,,,,,,,,,,,,,,,,,,
2019-09-12 10:38:00,12.548,12.558,12.548,12.558,27036.0,,,,,,,,,,,,,,,,,,,
2019-09-12 10:39:00,12.558,12.558,12.552,12.552,13237.0,,,,,,,,,,,,,,,,,,,
2019-09-12 10:40:00,12.546,12.546,12.544,12.546,3895.0,,,,,,,,,,,,,,,,,,,
2019-09-12 10:41:00,12.546,12.546,12.546,12.546,12597.0,,,,,,,,,,,,,,,,,,,
2019-09-12 10:42:00,12.544,12.544,12.538,12.538,5434.0,,,,,,,,,,,,,,,,,,,
2019-09-12 10:43:00,12.538,12.538,12.532,12.534,17624.0,,,,,,,,,,,,,,,,,,,
2019-09-12 10:44:00,12.53,12.53,12.526,12.526,10565.0,,,,,,,,,,,,,,,,,,,
2019-09-12 10:45:00,12.524000000000001,12.524000000000001,12.52,12.522,10819.0,,,,,,,,,,,,,,,,,,,
2019-09-12 10:46:00,12.526,12.53,12.526,12.526,11789.0,,,,,,,,,,,,,,,,,,,
2019-09-12 10:47:00,12.526,12.53,12.526,12.527999999999999,10790.0,,,,,,,,,,,,,,,,,,,
2019-09-12 10:48:00,12.527999999999999,12.527999999999999,12.527999999999999,12.527999999999999,5821.0,,,,,,,,,,,,,,,,,,,
2019-09-12 10:49:00,12.527999999999999,12.527999999999999,12.527999999999999,12.527999999999999,802.0,,,,,,,,,,,,,,,,,,,
2019-09-12 10:50:00,12.53,12.534,12.53,12.534,8585.0,,,,,,,,,,,,,,,,,,,
2019-09-12 10:51:00,12.538,12.544,12.536,12.544,8744.0,,,,,,,,,,,,,,,,,,,
2019-09-12 10:52:00,12.544,12.55,12.544,12.548,16971.0,,,,,,,,,,,,,,,,,,,
2019-09-12 10:53:00,12.546,12.55,12.546,12.55,42298.0,,,,,,,,,,,,,,,,,,,
2019-09-12 10:54:00,12.548,12.548,12.538,12.544,21478.0,,,,,,,,,,,,,,,,,,,
2019-09-12 10:55:00,12.544,12.544,12.542,12.544,6063.0,,,,,,,,,,,,,,,,,,,
2019-09-12 10:56:00,12.542,12.544,12.538,12.544,7709.0,,,,,,,,,,,,,,,,,,,
2019-09-12 10:57:00,12.544,12.546,12.542,12.546,11761.0,,,,,,,,,,,,,,,,,,,
2019-09-12 10:58:00,12.55,12.55,12.55,12.55,4718.0,,,,,,,,,,,,,,,,,,,
2019-09-12 10:59:00,12.548,12.552,12.548,12.548,9604.0,,,,,,,,,,,,,,,,,,,
2019-09-12 11:00:00,12.548,12.55,12.548,12.55,3053.0,,,,,,,,,,,,,,,,,,,
2019-09-12 11:01:00,12.552,12.552,12.55,12.55,14588.0,,,,,,,,,,,,,,,,,,,
2019-09-12 11:02:00,12.55,12.552,12.548,12.552,23193.0,,,,,,,,,,,,,,,,,,,
2019-09-12 11:03:00,12.552,12.552,12.552,12.552,4327.0,,,,,,,,,,,,,,,,,,,
2019-09-12 11:04:00,12.552,12.556,12.552,12.556,26019.0,,,,,,,,,,,,,,,,,,,
2019-09-12 11:05:00,12.554,12.556,12.552,12.552,21779.0,,,,,,,,,,,,,,,,,,,
2019-09-12 11:06:00,12.552,12.56,12.552,12.56,31086.0,,,,,,,,,,,,,,,,,,,
2019-09-12 11:07:00,12.56,12.565999999999999,12.558,12.562000000000001,37159.0,,,,,,,,,,,,,,,,,,,
2019-09-12 11:08:00,12.562000000000001,12.562000000000001,12.546,12.546,14475.0,,,,,,,,,,,,,,,,,,,
2019-09-12 11:09:00,12.544,12.544,12.544,12.544,2455.0,,,,,,,,,,,,,,,,,,,
2019-09-12 11:10:00,12.546,12.548,12.546,12.548,8934.0,,,,,,,,,,,,,,,,,,,
2019-09-12 11:11:00,12.548,12.548,12.544,12.544,7820.0,,,,,,,,,,,,,,,,,,,
2019-09-12 11:12:00,12.548,12.548,12.544,12.548,3234.0,,,,,,,,,,,,,,,,,,,
2019-09-12 11:13:00,12.548,12.548,12.542,12.542,6981.0,,,,,,,,,,,,,,,,,,,
2019-09-12 11:14:00,12.542,12.546,12.54,12.546,20600.0,,,,,,,,,,,,,,,,,,,
2019-09-12 11:15:00,12.548,12.548,12.544,12.544,3836.0,,,,,,,,,,,,,,,,,,,
2019-09-12 11:16:00,12.544,12.544,12.534,12.536,12640.0,,,,,,,,,,,,,,,,,,,
2019-09-12 11:17:00,12.538,12.538,12.536,12.536,3477.0,,,,,,,,,,,,,,,,,,,
2019-09-12 11:18:00,12.538,12.54,12.538,12.54,12707.0,,,,,,,,,,,,,,,,,,,
2019-09-12 11:19:00,12.54,12.54,12.54,12.54,6440.0,,,,,,,,,,,,,,,,,,,
2019-09-12 11:20:00,12.544,12.544,12.534,12.534,7202.0,,,,,,,,,,,,,,,,,,,
2019-09-12 11:21:00,12.534,12.538,12.534,12.538,2905.0,,,,,,,,,,,,,,,,,,,
2019-09-12 11:22:00,12.532,12.536,12.53,12.536,13338.0,,,,,,,,,,,,,,,,,,,
2019-09-12 11:23:00,12.536,12.54,12.536,12.54,3243.0,,,,,,,,,,,,,,,,,,,
2019-09-12 11:24:00,12.54,12.54,12.534,12.538,9988.0,,,,,,,,,,,,,,,,,,,
2019-09-12 11:25:00,12.536,12.54,12.536,12.54,1698.0,,,,,,,,,,,,,,,,,,,
2019-09-12 11:26:00,12.542,12.544,12.542,12.542,5138.0,,,,,,,,,,,,,,,,,,,
2019-09-12 11:27:00,12.546,12.554,12.546,12.55,32147.0,,,,,,,,,,,,,,,,,,,
2019-09-12 11:28:00,12.55,12.55,12.546,12.546,11549.0,,,,,,,,,,,,,,,,,,,
2019-09-12 11:29:00,12.548,12.548,12.548,12.548,7521.0,,,,,,,,,,,,,,,,,,,
2019-09-12 11:30:00,12.546,12.546,12.532,12.532,16072.0,,,,,,,,,,,,,,,,,,,
2019-09-12 11:32:00,12.536,12.536,12.534,12.534,3872.0,,,,,,,,,,,,,,,,,,,
2019-09-12 11:33:00,12.532,12.532,12.527999999999999,12.53,17864.0,,,,,,,,,,,,,,,,,,,
2019-09-12 11:34:00,12.524000000000001,12.524000000000001,12.52,12.52,6283.0,,,,,,,,,,,,,,,,,,,
2019-09-12 11:35:00,12.517999999999999,12.522,12.517999999999999,12.522,7862.0,,,,,,,,,,,,,,,,,,,
2019-09-12 11:36:00,12.52,12.52,12.52,12.52,3184.0,,,,,,,,,,,,,,,,,,,
2019-09-12 11:37:00,12.522,12.527999999999999,12.52,12.526,10522.0,,,,,,,,,,,,,,,,,,,
2019-09-12 11:38:00,12.526,12.527999999999999,12.526,12.526,4216.0,,,,,,,,,,,,,,,,,,,
2019-09-12 11:39:00,12.524000000000001,12.524000000000001,12.522,12.522,4563.0,,,,,,,,,,,,,,,,,,,
2019-09-12 11:40:00,12.522,12.524000000000001,12.52,12.524000000000001,2740.0,,,,,,,,,,,,,,,,,,,
2019-09-12 11:41:00,12.522,12.522,12.522,12.522,2725.0,,,,,,,,,,,,,,,,,,,
2019-09-12 11:42:00,12.52,12.52,12.515999999999998,12.515999999999998,21696.0,,,,,,,,,,,,,,,,,,,
2019-09-12 11:43:00,12.515999999999998,12.517999999999999,12.514000000000001,12.517999999999999,3509.0,,,,,,,,,,,,,,,,,,,
2019-09-12 11:44:00,12.515999999999998,12.515999999999998,12.514000000000001,12.514000000000001,3990.0,,,,,,,,,,,,,,,,,,,
2019-09-12 11:46:00,12.517999999999999,12.517999999999999,12.517999999999999,12.517999999999999,7479.0,,,,,,,,,,,,,,,,,,,
2019-09-12 11:47:00,12.517999999999999,12.524000000000001,12.517999999999999,12.524000000000001,7905.0,,,,,,,,,,,,,,,,,,,
2019-09-12 11:48:00,12.526,12.526,12.524000000000001,12.524000000000001,6262.0,,,,,,,,,,,,,,,,,,,
2019-09-12 11:49:00,12.522,12.524000000000001,12.515999999999998,12.522,15106.0,,,,,,,,,,,,,,,,,,,
2019-09-12 11:50:00,12.524000000000001,12.53,12.524000000000001,12.53,11791.0,,,,,,,,,,,,,,,,,,,
2019-09-12 11:51:00,12.53,12.534,12.53,12.534,11158.0,,,,,,,,,,,,,,,,,,,
2019-09-12 11:52:00,12.536,12.546,12.534,12.544,14061.0,,,,,,,,,,,,,,,,,,,
2019-09-12 11:53:00,12.546,12.546,12.544,12.544,12349.0,,,,,,,,,,,,,,,,,,,
2019-09-12 11:54:00,12.542,12.542,12.54,12.54,6094.0,,,,,,,,,,,,,,,,,,,
2019-09-12 11:55:00,12.544,12.544,12.544,12.544,5761.0,,,,,,,,,,,,,,,,,,,
2019-09-12 11:56:00,12.542,12.544,12.54,12.544,8902.0,,,,,,,,,,,,,,,,,,,
2019-09-12 11:58:00,12.546,12.546,12.542,12.542,6552.0,,,,,,,,,,,,,,,,,,,
2019-09-12 11:59:00,12.544,12.544,12.54,12.54,7453.0,,,,,,,,,,,,,,,,,,,
2019-09-12 12:00:00,12.54,12.548,12.54,12.548,3454.0,,,,,,,,,,,,,,,,,,,
2019-09-12 12:02:00,12.544,12.544,12.54,12.54,5474.0,,,,,,,,,,,,,,,,,,,
2019-09-12 12:03:00,12.54,12.54,12.532,12.534,12844.0,,,,,,,,,,,,,,,,,,,
2019-09-12 12:04:00,12.536,12.536,12.536,12.536,7062.0,,,,,,,,,,,,,,,,,,,
2019-09-12 12:05:00,12.534,12.534,12.534,12.534,300.0,,,,,,,,,,,,,,,,,,,
2019-09-12 12:06:00,12.538,12.54,12.536,12.54,17619.0,,,,,,,,,,,,,,,,,,,
2019-09-12 12:07:00,12.54,12.54,12.536,12.536,14440.0,,,,,,,,,,,,,,,,,,,
2019-09-12 12:08:00,12.536,12.538,12.532,12.538,7015.0,,,,,,,,,,,,,,,,,,,
2019-09-12 12:09:00,12.542,12.542,12.538,12.538,10440.0,,,,,,,,,,,,,,,,,,,
2019-09-12 12:11:00,12.54,12.548,12.538,12.548,21375.0,,,,,,,,,,,,,,,,,,,
2019-09-12 12:12:00,12.548,12.55,12.548,12.55,8357.0,,,,,,,,,,,,,,,,,,,
2019-09-12 12:13:00,12.552,12.552,12.546,12.546,8434.0,,,,,,,,,,,,,,,,,,,
2019-09-12 12:14:00,12.544,12.546,12.544,12.546,8229.0,,,,,,,,,,,,,,,,,,,
2019-09-12 12:15:00,12.544,12.55,12.544,12.55,16689.0,,,,,,,,,,,,,,,,,,,
2019-09-12 12:16:00,12.548,12.548,12.542,12.542,6871.0,,,,,,,,,,,,,,,,,,,
2019-09-12 12:17:00,12.542,12.542,12.538,12.542,4688.0,,,,,,,,,,,,,,,,,,,
2019-09-12 12:18:00,12.542,12.55,12.542,12.55,9000.0,,,,,,,,,,,,,,,,,,,
2019-09-12 12:19:00,12.546,12.546,12.54,12.542,23398.0,,,,,,,,,,,,,,,,,,,
2019-09-12 12:20:00,12.544,12.546,12.544,12.546,8072.0,,,,,,,,,,,,,,,,,,,
2019-09-12 12:21:00,12.544,12.546,12.544,12.546,8599.0,,,,,,,,,,,,,,,,,,,
2019-09-12 12:22:00,12.548,12.552,12.548,12.552,7787.0,,,,,,,,,,,,,,,,,,,
2019-09-12 12:23:00,12.552,12.556,12.552,12.556,9716.0,,,,,,,,,,,,,,,,,,,
2019-09-12 12:24:00,12.554,12.554,12.546,12.546,31575.0,,,,,,,,,,,,,,,,,,,
2019-09-12 12:25:00,12.55,12.554,12.55,12.554,6998.0,,,,,,,,,,,,,,,,,,,
2019-09-12 12:26:00,12.552,12.556,12.552,12.552,14930.0,,,,,,,,,,,,,,,,,,,
2019-09-12 12:27:00,12.548,12.548,12.544,12.546,8601.0,,,,,,,,,,,,,,,,,,,
2019-09-12 12:29:00,12.546,12.548,12.546,12.548,7048.0,,,,,,,,,,,,,,,,,,,
2019-09-12 12:30:00,12.546,12.546,12.53,12.53,17781.0,,,,,,,,,,,,,,,,,,,
2019-09-12 12:31:00,12.532,12.54,12.532,12.54,15737.0,,,,,,,,,,,,,,,,,,,
2019-09-12 12:32:00,12.54,12.542,12.54,12.542,475.0,,,,,,,,,,,,,,,,,,,
2019-09-12 12:33:00,12.54,12.542,12.538,12.54,13038.0,,,,,,,,,,,,,,,,,,,
2019-09-12 12:34:00,12.544,12.55,12.544,12.55,10028.0,,,,,,,,,,,,,,,,,,,
2019-09-12 12:35:00,12.548,12.548,12.548,12.548,444.0,,,,,,,,,,,,,,,,,,,
2019-09-12 12:36:00,12.548,12.55,12.548,12.55,16597.0,,,,,,,,,,,,,,,,,,,
2019-09-12 12:37:00,12.55,12.552,12.55,12.552,5125.0,,,,,,,,,,,,,,,,,,,
2019-09-12 12:38:00,12.552,12.552,12.544,12.546,15432.0,,,,,,,,,,,,,,,,,,,
2019-09-12 12:39:00,12.546,12.546,12.546,12.546,810.0,,,,,,,,,,,,,,,,,,,
2019-09-12 12:40:00,12.548,12.548,12.548,12.548,4564.0,,,,,,,,,,,,,,,,,,,
2019-09-12 12:41:00,12.546,12.548,12.546,12.548,3390.0,,,,,,,,,,,,,,,,,,,
2019-09-12 12:42:00,12.546,12.546,12.54,12.544,22330.0,,,,,,,,,,,,,,,,,,,
2019-09-12 12:43:00,12.542,12.546,12.542,12.546,4866.0,,,,,,,,,,,,,,,,,,,
2019-09-12 12:44:00,12.544,12.546,12.544,12.544,12314.0,,,,,,,,,,,,,,,,,,,
2019-09-12 12:45:00,12.538,12.538,12.536,12.536,6148.0,,,,,,,,,,,,,,,,,,,
2019-09-12 12:46:00,12.534,12.534,12.527999999999999,12.53,12277.0,,,,,,,,,,,,,,,,,,,
2019-09-12 12:47:00,12.524000000000001,12.524000000000001,12.524000000000001,12.524000000000001,9247.0,,,,,,,,,,,,,,,,,,,
2019-09-12 12:48:00,12.522,12.522,12.515999999999998,12.515999999999998,14252.0,,,,,,,,,,,,,,,,,,,
2019-09-12 12:49:00,12.515999999999998,12.515999999999998,12.512,12.514000000000001,18707.0,,,,,,,,,,,,,,,,,,,
2019-09-12 12:50:00,12.517999999999999,12.517999999999999,12.515999999999998,12.515999999999998,7932.0,,,,,,,,,,,,,,,,,,,
2019-09-12 12:51:00,12.514000000000001,12.514000000000001,12.508,12.508,11558.0,,,,,,,,,,,,,,,,,,,
2019-09-12 12:52:00,12.508,12.508,12.505999999999998,12.505999999999998,6312.0,,,,,,,,,,,,,,,,,,,
2019-09-12 12:53:00,12.505999999999998,12.505999999999998,12.505999999999998,12.505999999999998,4201.0,,,,,,,,,,,,,,,,,,,
2019-09-12 12:54:00,12.504000000000001,12.508,12.504000000000001,12.508,27604.0,,,,,,,,,,,,,,,,,,,
2019-09-12 12:55:00,12.505999999999998,12.505999999999998,12.505999999999998,12.505999999999998,432.0,,,,,,,,,,,,,,,,,,,
2019-09-12 12:56:00,12.504000000000001,12.504000000000001,12.504000000000001,12.504000000000001,100.0,,,,,,,,,,,,,,,,,,,
2019-09-12 12:57:00,12.504000000000001,12.504000000000001,12.498,12.5,22990.0,,,,,,,,,,,,,,,,,,,
2019-09-12 12:58:00,12.5,12.502,12.5,12.5,9324.0,,,,,,,,,,,,,,,,,,,
2019-09-12 12:59:00,12.504000000000001,12.51,12.5,12.505999999999998,27182.0,,,,,,,,,,,,,,,,,,,
2019-09-12 13:00:00,12.504000000000001,12.505999999999998,12.5,12.505999999999998,21508.0,,,,,,,,,,,,,,,,,,,
2019-09-12 13:01:00,12.504000000000001,12.514000000000001,12.504000000000001,12.514000000000001,6826.0,,,,,,,,,,,,,,,,,,,
2019-09-12 13:02:00,12.514000000000001,12.514000000000001,12.514000000000001,12.514000000000001,4716.0,,,,,,,,,,,,,,,,,,,
2019-09-12 13:03:00,12.512,12.512,12.512,12.512,105.0,,,,,,,,,,,,,,,,,,,
2019-09-12 13:05:00,12.512,12.52,12.512,12.52,11915.0,,,,,,,,,,,,,,,,,,,
2019-09-12 13:06:00,12.515999999999998,12.515999999999998,12.515999999999998,12.515999999999998,12396.0,,,,,,,,,,,,,,,,,,,
2019-09-12 13:07:00,12.517999999999999,12.517999999999999,12.515999999999998,12.517999999999999,1384.0,,,,,,,,,,,,,,,,,,,
2019-09-12 13:08:00,12.515999999999998,12.52,12.515999999999998,12.52,3766.0,,,,,,,,,,,,,,,,,,,
2019-09-12 13:09:00,12.52,12.52,12.517999999999999,12.517999999999999,6670.0,,,,,,,,,,,,,,,,,,,
2019-09-12 13:10:00,12.514000000000001,12.514000000000001,12.508,12.508,1956.0,,,,,,,,,,,,,,,,,,,
2019-09-12 13:11:00,12.508,12.512,12.504000000000001,12.512,11795.0,,,,,,,,,,,,,,,,,,,
2019-09-12 13:12:00,12.514000000000001,12.514000000000001,12.514000000000001,12.514000000000001,2467.0,,,,,,,,,,,,,,,,,,,
2019-09-12 13:13:00,12.515999999999998,12.515999999999998,12.514000000000001,12.514000000000001,3414.0,,,,,,,,,,,,,,,,,,,
2019-09-12 13:15:00,12.51,12.51,12.504000000000001,12.508,7695.0,,,,,,,,,,,,,,,,,,,
2019-09-12 13:16:00,12.504000000000001,12.504000000000001,12.504000000000001,12.504000000000001,2060.0,,,,,,,,,,,,,,,,,,,
2019-09-12 13:17:00,12.505999999999998,12.508,12.505999999999998,12.508,3761.0,,,,,,,,,,,,,,,,,,,
2019-09-12 13:18:00,12.51,12.51,12.51,12.51,3701.0,,,,,,,,,,,,,,,,,,,
2019-09-12 13:19:00,12.51,12.51,12.51,12.51,1461.0,,,,,,,,,,,,,,,,,,,
2019-09-12 13:20:00,12.51,12.514000000000001,12.504000000000001,12.504000000000001,73992.0,,,,,,,,,,,,,,,,,,,
2019-09-12 13:21:00,12.504000000000001,12.504000000000001,12.494000000000002,12.494000000000002,11497.0,,,,,,,,,,,,,,,,,,,
2019-09-12 13:22:00,12.494000000000002,12.495999999999999,12.494000000000002,12.495999999999999,13634.0,,,,,,,,,,,,,,,,,,,
2019-09-12 13:23:00,12.495999999999999,12.495999999999999,12.495999999999999,12.495999999999999,4615.0,,,,,,,,,,,,,,,,,,,
2019-09-12 13:24:00,12.5,12.5,12.498,12.498,7052.0,,,,,,,,,,,,,,,,,,,
2019-09-12 13:25:00,12.5,12.5,12.494000000000002,12.494000000000002,6728.0,,,,,,,,,,,,,,,,,,,
2019-09-12 13:26:00,12.492,12.492,12.482000000000001,12.484000000000002,35945.0,,,,,,,,,,,,,,,,,,,
2019-09-12 13:27:00,12.485999999999999,12.485999999999999,12.484000000000002,12.485999999999999,7964.0,,,,,,,,,,,,,,,,,,,
2019-09-12 13:28:00,12.488,12.492,12.488,12.492,6472.0,,,,,,,,,,,,,,,,,,,
2019-09-12 13:29:00,12.494000000000002,12.494000000000002,12.488,12.49,5993.0,,,,,,,,,,,,,,,,,,,
2019-09-12 13:30:00,12.49,12.49,12.485999999999999,12.485999999999999,2197.0,,,,,,,,,,,,,,,,,,,
2019-09-12 13:31:00,12.485999999999999,12.488,12.485999999999999,12.485999999999999,2439.0,,,,,,,,,,,,,,,,,,,
2019-09-12 13:32:00,12.49,12.492,12.482000000000001,12.482000000000001,33057.0,,,,,,,,,,,,,,,,,,,
2019-09-12 13:33:00,12.48,12.488,12.475999999999999,12.488,26419.0,,,,,,,,,,,,,,,,,,,
2019-09-12 13:34:00,12.484000000000002,12.485999999999999,12.482000000000001,12.485999999999999,3297.0,,,,,,,,,,,,,,,,,,,
2019-09-12 13:35:00,12.485999999999999,12.49,12.485999999999999,12.49,5591.0,,,,,,,,,,,,,,,,,,,
2019-09-12 13:36:00,12.49,12.492,12.49,12.49,6968.0,,,,,,,,,,,,,,,,,,,
2019-09-12 13:37:00,12.494000000000002,12.5,12.492,12.5,9180.0,,,,,,,,,,,,,,,,,,,
2019-09-12 13:38:00,12.5,12.504000000000001,12.498,12.498,9032.0,,,,,,,,,,,,,,,,,,,
2019-09-12 13:39:00,12.498,12.498,12.498,12.498,2699.0,,,,,,,,,,,,,,,,,,,
2019-09-12 13:40:00,12.498,12.498,12.494000000000002,12.494000000000002,10164.0,,,,,,,,,,,,,,,,,,,
2019-09-12 13:42:00,12.495999999999999,12.495999999999999,12.494000000000002,12.495999999999999,4591.0,,,,,,,,,,,,,,,,,,,
2019-09-12 13:43:00,12.494000000000002,12.494000000000002,12.49,12.49,24449.0,,,,,,,,,,,,,,,,,,,
2019-09-12 13:44:00,12.492,12.495999999999999,12.49,12.49,5784.0,,,,,,,,,,,,,,,,,,,
2019-09-12 13:45:00,12.488,12.494000000000002,12.488,12.494000000000002,37431.0,,,,,,,,,,,,,,,,,,,
2019-09-12 13:46:00,12.492,12.522,12.43,12.51,149185.0,,,,,,,,,,,,,,,,,,,
2019-09-12 13:47:00,12.52,12.57,12.514000000000001,12.527999999999999,105683.0,,,,,,,,,,,,,,,,,,,
2019-09-12 13:48:00,12.552,12.565999999999999,12.527999999999999,12.534,113147.0,,,,,,,,,,,,,,,,,,,
2019-09-12 13:49:00,12.536,12.558,12.534,12.534,32172.0,,,,,,,,,,,,,,,,,,,
2019-09-12 13:50:00,12.517999999999999,12.538,12.514000000000001,12.524000000000001,60450.0,,,,,,,,,,,,,,,,,,,
2019-09-12 13:51:00,12.52,12.544,12.515999999999998,12.526,46155.0,,,,,,,,,,,,,,,,,,,
2019-09-12 13:52:00,12.527999999999999,12.527999999999999,12.512,12.515999999999998,73265.0,,,,,,,,,,,,,,,,,,,
2019-09-12 13:53:00,12.51,12.51,12.504000000000001,12.504000000000001,14851.0,,,,,,,,,,,,,,,,,,,
2019-09-12 13:54:00,12.508,12.51,12.485999999999999,12.485999999999999,40370.0,,,,,,,,,,,,,,,,,,,
2019-09-12 13:55:00,12.49,12.51,12.475999999999999,12.508,45023.0,,,,,,,,,,,,,,,,,,,
2019-09-12 13:56:00,12.504000000000001,12.504000000000001,12.488,12.498,48410.0,,,,,,,,,,,,,,,,,,,
2019-09-12 13:57:00,12.495999999999999,12.5,12.488,12.49,23159.0,,,,,,,,,,,,,,,,,,,
2019-09-12 13:58:00,12.482000000000001,12.482000000000001,12.47,12.478,4350.0,,,,,,,,,,,,,,,,,,,
2019-09-12 13:59:00,12.474,12.48,12.46,12.468,10696.0,,,,,,,,,,,,,,,,,,,
2019-09-12 14:00:00,12.474,12.484000000000002,12.47,12.48,10362.0,,,,,,,,,,,,,,,,,,,
2019-09-12 14:01:00,12.478,12.485999999999999,12.478,12.485999999999999,8098.0,,,,,,,,,,,,,,,,,,,
2019-09-12 14:02:00,12.488,12.488,12.474,12.484000000000002,23354.0,,,,,,,,,,,,,,,,,,,
2019-09-12 14:03:00,12.485999999999999,12.485999999999999,12.478,12.478,11160.0,,,,,,,,,,,,,,,,,,,
2019-09-12 14:04:00,12.475999999999999,12.478,12.466,12.466,13455.0,,,,,,,,,,,,,,,,,,,
2019-09-12 14:05:00,12.466,12.466,12.437999999999999,12.437999999999999,7409.0,,,,,,,,,,,,,,,,,,,
2019-09-12 14:06:00,12.45,12.456,12.446,12.446,6481.0,,,,,,,,,,,,,,,,,,,
2019-09-12 14:07:00,12.446,12.462,12.446,12.462,17609.0,,,,,,,,,,,,,,,,,,,
2019-09-12 14:08:00,12.462,12.462,12.456,12.46,5083.0,,,,,,,,,,,,,,,,,,,
2019-09-12 14:09:00,12.462,12.462,12.454,12.454,12264.0,,,,,,,,,,,,,,,,,,,
2019-09-12 14:10:00,12.45,12.45,12.444,12.444,5175.0,,,,,,,,,,,,,,,,,,,
2019-09-12 14:11:00,12.448,12.45,12.44,12.444,26691.0,,,,,,,,,,,,,,,,,,,
2019-09-12 14:12:00,12.444,12.444,12.422,12.44,44869.0,,,,,,,,,,,,,,,,,,,
2019-09-12 14:13:00,12.436,12.452,12.436,12.452,6337.0,,,,,,,,,,,,,,,,,,,
2019-09-12 14:14:00,12.454,12.46,12.45,12.45,13649.0,,,,,,,,,,,,,,,,,,,
2019-09-12 14:15:00,12.452,12.456,12.452,12.454,6417.0,,,,,,,,,,,,,,,,,,,
2019-09-12 14:16:00,12.458,12.468,12.454,12.456,9728.0,,,,,,,,,,,,,,,,,,,
2019-09-12 14:17:00,12.456,12.458,12.444,12.444,20628.0,,,,,,,,,,,,,,,,,,,
2019-09-12 14:18:00,12.442,12.458,12.442,12.458,9682.0,,,,,,,,,,,,,,,,,,,
2019-09-12 14:19:00,12.464,12.472000000000001,12.464,12.472000000000001,6464.0,,,,,,,,,,,,,,,,,,,
2019-09-12 14:20:00,12.468,12.478,12.464,12.475999999999999,15964.0,,,,,,,,,,,,,,,,,,,
2019-09-12 14:21:00,12.474,12.49,12.474,12.49,8280.0,,,,,,,,,,,,,,,,,,,
2019-09-12 14:22:00,12.49,12.495999999999999,12.49,12.495999999999999,3069.0,,,,,,,,,,,,,,,,,,,
2019-09-12 14:23:00,12.488,12.492,12.478,12.492,11735.0,,,,,,,,,,,,,,,,,,,
2019-09-12 14:24:00,12.492,12.492,12.484000000000002,12.484000000000002,5046.0,,,,,,,,,,,,,,,,,,,
2019-09-12 14:25:00,12.48,12.494000000000002,12.48,12.485999999999999,8952.0,,,,,,,,,,,,,,,,,,,
2019-09-12 14:26:00,12.485999999999999,12.498,12.485999999999999,12.494000000000002,20451.0,,,,,,,,,,,,,,,,,,,
2019-09-12 14:27:00,12.495999999999999,12.498,12.495999999999999,12.495999999999999,7841.0,,,,,,,,,,,,,,,,,,,
2019-09-12 14:28:00,12.494000000000002,12.494000000000002,12.49,12.492,18053.0,,,,,,,,,,,,,,,,,,,
2019-09-12 14:29:00,12.494000000000002,12.5,12.494000000000002,12.5,8587.0,,,,,,,,,,,,,,,,,,,
2019-09-12 14:30:00,12.502,12.517999999999999,12.502,12.505999999999998,18088.0,,,,,,,,,,,,,,,,,,,
2019-09-12 14:31:00,12.51,12.515999999999998,12.498,12.498,15255.0,,,,,,,,,,,,,,,,,,,
2019-09-12 14:32:00,12.505999999999998,12.508,12.504000000000001,12.508,27412.0,,,,,,,,,,,,,,,,,,,
2019-09-12 14:33:00,12.51,12.514000000000001,12.505999999999998,12.505999999999998,17044.0,,,,,,,,,,,,,,,,,,,
2019-09-12 14:34:00,12.51,12.51,12.492,12.492,5766.0,,,,,,,,,,,,,,,,,,,
2019-09-12 14:35:00,12.494000000000002,12.508,12.492,12.505999999999998,15690.0,,,,,,,,,,,,,,,,,,,
2019-09-12 14:36:00,12.504000000000001,12.512,12.502,12.504000000000001,22324.0,,,,,,,,,,,,,,,,,,,
2019-09-12 14:37:00,12.505999999999998,12.505999999999998,12.5,12.504000000000001,6461.0,,,,,,,,,,,,,,,,,,,
2019-09-12 14:38:00,12.505999999999998,12.508,12.505999999999998,12.505999999999998,6457.0,,,,,,,,,,,,,,,,,,,
2019-09-12 14:39:00,12.505999999999998,12.51,12.504000000000001,12.508,16718.0,,,,,,,,,,,,,,,,,,,
2019-09-12 14:40:00,12.508,12.508,12.492,12.498,21829.0,,,,,,,,,,,,,,,,,,,
2019-09-12 14:41:00,12.498,12.505999999999998,12.498,12.498,19417.0,,,,,,,,,,,,,,,,,,,
2019-09-12 14:42:00,12.494000000000002,12.494000000000002,12.488,12.49,6903.0,,,,,,,,,,,,,,,,,,,
2019-09-12 14:43:00,12.494000000000002,12.512,12.494000000000002,12.508,15228.0,,,,,,,,,,,,,,,,,,,
2019-09-12 14:44:00,12.505999999999998,12.505999999999998,12.495999999999999,12.495999999999999,2657.0,,,,,,,,,,,,,,,,,,,
2019-09-12 14:45:00,12.494000000000002,12.5,12.494000000000002,12.5,837.0,,,,,,,,,,,,,,,,,,,
2019-09-12 14:46:00,12.502,12.51,12.502,12.51,6860.0,,,,,,,,,,,,,,,,,,,
2019-09-12 14:47:00,12.502,12.502,12.495999999999999,12.495999999999999,3028.0,,,,,,,,,,,,,,,,,,,
2019-09-12 14:48:00,12.502,12.508,12.502,12.508,5704.0,,,,,,,,,,,,,,,,,,,
2019-09-12 14:49:00,12.504000000000001,12.517999999999999,12.504000000000001,12.51,48100.0,,,,,,,,,,,,,,,,,,,
2019-09-12 14:50:00,12.505999999999998,12.505999999999998,12.504000000000001,12.505999999999998,3031.0,,,,,,,,,,,,,,,,,,,
2019-09-12 14:51:00,12.505999999999998,12.505999999999998,12.495999999999999,12.5,14128.0,,,,,,,,,,,,,,,,,,,
2019-09-12 14:52:00,12.504000000000001,12.51,12.504000000000001,12.504000000000001,14173.0,,,,,,,,,,,,,,,,,,,
2019-09-12 14:53:00,12.502,12.508,12.502,12.505999999999998,12935.0,,,,,,,,,,,,,,,,,,,
2019-09-12 14:54:00,12.505999999999998,12.508,12.502,12.502,6363.0,,,,,,,,,,,,,,,,,,,
2019-09-12 14:55:00,12.502,12.502,12.5,12.5,7991.0,,,,,,,,,,,,,,,,,,,
2019-09-12 14:56:00,12.494000000000002,12.502,12.494000000000002,12.498,9811.0,,,,,,,,,,,,,,,,,,,
2019-09-12 14:57:00,12.495999999999999,12.502,12.494000000000002,12.502,18989.0,,,,,,,,,,,,,,,,,,,
2019-09-12 14:58:00,12.504000000000001,12.508,12.504000000000001,12.508,7441.0,,,,,,,,,,,,,,,,,,,
2019-09-12 14:59:00,12.508,12.508,12.498,12.5,8627.0,,,,,,,,,,,,,,,,,,,
2019-09-12 15:00:00,12.502,12.508,12.498,12.504000000000001,28171.0,,,,,,,,,,,,,,,,,,,
2019-09-12 15:01:00,12.504000000000001,12.505999999999998,12.502,12.504000000000001,25163.0,,,,,,,,,,,,,,,,,,,
2019-09-12 15:02:00,12.505999999999998,12.512,12.504000000000001,12.504000000000001,10697.0,,,,,,,,,,,,,,,,,,,
2019-09-12 15:03:00,12.502,12.502,12.494000000000002,12.5,19366.0,,,,,,,,,,,,,,,,,,,
2019-09-12 15:04:00,12.494000000000002,12.494000000000002,12.49,12.492,17996.0,,,,,,,,,,,,,,,,,,,
2019-09-12 15:05:00,12.488,12.498,12.488,12.495999999999999,6368.0,,,,,,,,,,,,,,,,,,,
2019-09-12 15:06:00,12.494000000000002,12.498,12.492,12.498,6542.0,,,,,,,,,,,,,,,,,,,
2019-09-12 15:07:00,12.495999999999999,12.5,12.495999999999999,12.498,8971.0,,,,,,,,,,,,,,,,,,,
2019-09-12 15:08:00,12.502,12.502,12.498,12.5,3132.0,,,,,,,,,,,,,,,,,,,
2019-09-12 15:09:00,12.498,12.504000000000001,12.498,12.504000000000001,12796.0,,,,,,,,,,,,,,,,,,,
2019-09-12 15:10:00,12.5,12.5,12.5,12.5,2355.0,,,,,,,,,,,,,,,,,,,
2019-09-12 15:11:00,12.495999999999999,12.495999999999999,12.48,12.492,31469.0,,,,,,,,,,,,,,,,,,,
2019-09-12 15:12:00,12.495999999999999,12.502,12.495999999999999,12.502,2253.0,,,,,,,,,,,,,,,,,,,
2019-09-12 15:13:00,12.498,12.498,12.495999999999999,12.498,5431.0,,,,,,,,,,,,,,,,,,,
2019-09-12 15:14:00,12.502,12.502,12.5,12.502,7625.0,,,,,,,,,,,,,,,,,,,
2019-09-12 15:15:00,12.504000000000001,12.505999999999998,12.5,12.502,22759.0,,,,,,,,,,,,,,,,,,,
2019-09-12 15:16:00,12.494000000000002,12.5,12.494000000000002,12.5,16989.0,,,,,,,,,,,,,,,,,,,
2019-09-12 15:17:00,12.498,12.498,12.492,12.492,8104.0,,,,,,,,,,,,,,,,,,,
2019-09-12 15:18:00,12.498,12.508,12.498,12.508,7312.0,,,,,,,,,,,,,,,,,,,
2019-09-12 15:19:00,12.504000000000001,12.508,12.504000000000001,12.508,4346.0,,,,,,,,,,,,,,,,,,,
2019-09-12 15:20:00,12.508,12.51,12.505999999999998,12.51,7247.0,,,,,,,,,,,,,,,,,,,
2019-09-12 15:21:00,12.508,12.51,12.505999999999998,12.51,17514.0,,,,,,,,,,,,,,,,,,,
2019-09-12 15:22:00,12.51,12.512,12.51,12.512,19945.0,,,,,,,,,,,,,,,,,,,
2019-09-12 15:23:00,12.512,12.52,12.51,12.517999999999999,26337.0,,,,,,,,,,,,,,,,,,,
2019-09-12 15:24:00,12.52,12.52,12.517999999999999,12.52,9651.0,,,,,,,,,,,,,,,,,,,
2019-09-12 15:25:00,12.515999999999998,12.52,12.515999999999998,12.52,22062.0,,,,,,,,,,,,,,,,,,,
2019-09-12 15:26:00,12.515999999999998,12.515999999999998,12.505999999999998,12.515999999999998,22663.0,,,,,,,,,,,,,,,,,,,
2019-09-12 15:27:00,12.515999999999998,12.526,12.508,12.522,16617.0,,,,,,,,,,,,,,,,,,,
2019-09-12 15:28:00,12.524000000000001,12.526,12.524000000000001,12.524000000000001,3665.0,,,,,,,,,,,,,,,,,,,
2019-09-12 15:29:00,12.522,12.522,12.517999999999999,12.517999999999999,11146.0,,,,,,,,,,,,,,,,,,,
2019-09-12 15:30:00,12.515999999999998,12.515999999999998,12.51,12.51,22675.0,,,,,,,,,,,,,,,,,,,
2019-09-12 15:31:00,12.508,12.512,12.492,12.5,36018.0,,,,,,,,,,,,,,,,,,,
2019-09-12 15:32:00,12.5,12.502,12.478,12.478,19904.0,,,,,,,,,,,,,,,,,,,
2019-09-12 15:33:00,12.478,12.492,12.466,12.49,53084.0,,,,,,,,,,,,,,,,,,,
2019-09-12 15:34:00,12.492,12.504000000000001,12.492,12.504000000000001,35876.0,,,,,,,,,,,,,,,,,,,
2019-09-12 15:35:00,12.505999999999998,12.517999999999999,12.5,12.512,24884.0,,,,,,,,,,,,,,,,,,,
2019-09-12 15:36:00,12.514000000000001,12.514000000000001,12.504000000000001,12.504000000000001,13758.0,,,,,,,,,,,,,,,,,,,
2019-09-12 15:37:00,12.505999999999998,12.51,12.5,12.51,33364.0,,,,,,,,,,,,,,,,,,,
2019-09-12 15:38:00,12.508,12.508,12.502,12.502,8488.0,,,,,,,,,,,,,,,,,,,
2019-09-12 15:39:00,12.505999999999998,12.505999999999998,12.492,12.494000000000002,31650.0,,,,,,,,,,,,,,,,,,,
2019-09-12 15:40:00,12.5,12.517999999999999,12.5,12.517999999999999,18103.0,,,,,,,,,,,,,,,,,,,
2019-09-12 15:41:00,12.517999999999999,12.52,12.508,12.508,17720.0,,,,,,,,,,,,,,,,,,,
2019-09-12 15:42:00,12.51,12.512,12.505999999999998,12.512,10037.0,,,,,,,,,,,,,,,,,,,
2019-09-12 15:43:00,12.514000000000001,12.515999999999998,12.505999999999998,12.514000000000001,25450.0,,,,,,,,,,,,,,,,,,,
2019-09-12 15:44:00,12.51,12.51,12.488,12.488,25672.0,,,,,,,,,,,,,,,,,,,
2019-09-12 15:45:00,12.492,12.492,12.484000000000002,12.484000000000002,11609.0,,,,,,,,,,,,,,,,,,,
2019-09-12 15:46:00,12.484000000000002,12.484000000000002,12.468,12.468,26152.0,,,,,,,,,,,,,,,,,,,
2019-09-12 15:47:00,12.468,12.468,12.45,12.452,70002.0,,,,,,,,,,,,,,,,,,,
2019-09-12 15:48:00,12.452,12.452,12.442,12.452,69543.0,,,,,,,,,,,,,,,,,,,
2019-09-12 15:49:00,12.454,12.458,12.44,12.442,29637.0,,,,,,,,,,,,,,,,,,,
2019-09-12 15:50:00,12.442,12.444,12.436,12.44,19244.0,,,,,,,,,,,,,,,,,,,
2019-09-12 15:51:00,12.444,12.446,12.436,12.444,9988.0,,,,,,,,,,,,,,,,,,,
2019-09-12 15:52:00,12.442,12.46,12.44,12.46,25519.0,,,,,,,,,,,,,,,,,,,
2019-09-12 15:53:00,12.458,12.468,12.458,12.462,32949.0,,,,,,,,,,,,,,,,,,,
2019-09-12 15:54:00,12.462,12.474,12.46,12.462,48123.0,,,,,,,,,,,,,,,,,,,
2019-09-12 15:55:00,12.46,12.47,12.446,12.466,33374.0,,,,,,,,,,,,,,,,,,,
2019-09-12 15:56:00,12.468,12.468,12.458,12.46,7401.0,,,,,,,,,,,,,,,,,,,
2019-09-12 15:57:00,12.468,12.474,12.468,12.468,11874.0,,,,,,,,,,,,,,,,,,,
2019-09-12 15:58:00,12.474,12.475999999999999,12.468,12.474,10499.0,,,,,,,,,,,,,,,,,,,
2019-09-12 15:59:00,12.47,12.475999999999999,12.468,12.475999999999999,8147.0,,,,,,,,,,,,,,,,,,,
2019-09-12 16:00:00,12.478,12.484000000000002,12.478,12.484000000000002,13700.0,,,,,,,,,,,,,,,,,,,
2019-09-12 16:01:00,12.48,12.485999999999999,12.478,12.485999999999999,15925.0,,,,,,,,,,,,,,,,,,,
2019-09-12 16:02:00,12.48,12.485999999999999,12.48,12.482000000000001,5026.0,,,,,,,,,,,,,,,,,,,
2019-09-12 16:03:00,12.488,12.502,12.488,12.495999999999999,43640.0,,,,,,,,,,,,,,,,,,,
2019-09-12 16:04:00,12.495999999999999,12.495999999999999,12.488,12.488,13432.0,,,,,,,,,,,,,,,,,,,
2019-09-12 16:05:00,12.492,12.504000000000001,12.492,12.504000000000001,27158.0,,,,,,,,,,,,,,,,,,,
2019-09-12 16:06:00,12.504000000000001,12.508,12.498,12.498,21208.0,,,,,,,,,,,,,,,,,,,
2019-09-12 16:07:00,12.5,12.505999999999998,12.494000000000002,12.494000000000002,26400.0,,,,,,,,,,,,,,,,,,,
2019-09-12 16:08:00,12.492,12.492,12.478,12.482000000000001,14053.0,,,,,,,,,,,,,,,,,,,
2019-09-12 16:09:00,12.48,12.48,12.475999999999999,12.475999999999999,5125.0,,,,,,,,,,,,,,,,,,,
2019-09-12 16:10:00,12.482000000000001,12.484000000000002,12.48,12.482000000000001,11711.0,,,,,,,,,,,,,,,,,,,
2019-09-12 16:11:00,12.48,12.532,12.47,12.527999999999999,123623.0,,,,,,,,,,,,,,,,,,,
2019-09-12 16:12:00,12.524000000000001,12.59,12.51,12.554,182763.0,,,,,,,,,,,,,,,,,,,
2019-09-12 16:13:00,12.568,12.572000000000001,12.532,12.534,59379.0,,,,,,,,,,,,,,,,,,,
2019-09-12 16:14:00,12.548,12.548,12.527999999999999,12.532,45116.0,,,,,,,,,,,,,,,,,,,
2019-09-12 16:15:00,12.536,12.544,12.53,12.544,29956.0,,,,,,,,,,,,,,,,,,,
2019-09-12 16:16:00,12.55,12.556,12.544,12.548,29703.0,,,,,,,,,,,,,,,,,,,
2019-09-12 16:17:00,12.55,12.564,12.548,12.564,33392.0,,,,,,,,,,,,,,,,,,,
2019-09-12 16:18:00,12.562000000000001,12.57,12.558,12.558,47667.0,,,,,,,,,,,,,,,,,,,
2019-09-12 16:19:00,12.558,12.558,12.54,12.54,14758.0,,,,,,,,,,,,,,,,,,,
2019-09-12 16:20:00,12.54,12.544,12.538,12.538,44001.0,,,,,,,,,,,,,,,,,,,
2019-09-12 16:21:00,12.538,12.56,12.538,12.558,24896.0,,,,,,,,,,,,,,,,,,,
2019-09-12 16:22:00,12.56,12.56,12.552,12.556,15939.0,,,,,,,,,,,,,,,,,,,
2019-09-12 16:23:00,12.554,12.554,12.544,12.546,12637.0,,,,,,,,,,,,,,,,,,,
2019-09-12 16:24:00,12.548,12.552,12.544,12.548,13071.0,,,,,,,,,,,,,,,,,,,
2019-09-12 16:25:00,12.548,12.55,12.546,12.548,5013.0,,,,,,,,,,,,,,,,,,,
2019-09-12 16:26:00,12.55,12.558,12.55,12.558,24963.0,,,,,,,,,,,,,,,,,,,
2019-09-12 16:27:00,12.56,12.562000000000001,12.556,12.556,9403.0,,,,,,,,,,,,,,,,,,,
2019-09-12 16:28:00,12.558,12.564,12.558,12.564,12426.0,,,,,,,,,,,,,,,,,,,
2019-09-12 16:29:00,12.564,12.564,12.562000000000001,12.564,6443.0,,,,,,,,,,,,,,,,,,,
2019-09-12 16:30:00,12.564,12.578,12.564,12.574000000000002,28624.0,,,,,,,,,,,,,,,,,,,
2019-09-12 16:31:00,12.568,12.574000000000002,12.556,12.558,66173.0,,,,,,,,,,,,,,,,,,,
2019-09-12 16:32:00,12.554,12.554,12.517999999999999,12.527999999999999,49769.0,,,,,,,,,,,,,,,,,,,
2019-09-12 16:33:00,12.527999999999999,12.546,12.527999999999999,12.544,13156.0,,,,,,,,,,,,,,,,,,,
2019-09-12 16:34:00,12.552,12.554,12.55,12.55,5606.0,,,,,,,,,,,,,,,,,,,
2019-09-12 16:35:00,12.548,12.548,12.538,12.544,15325.0,,,,,,,,,,,,,,,,,,,
2019-09-12 16:36:00,12.54,12.546,12.527999999999999,12.53,23908.0,,,,,,,,,,,,,,,,,,,
2019-09-12 16:38:00,12.526,12.526,12.515999999999998,12.526,24059.0,,,,,,,,,,,,,,,,,,,
2019-09-12 16:39:00,12.526,12.526,12.517999999999999,12.517999999999999,11292.0,,,,,,,,,,,,,,,,,,,
2019-09-12 16:40:00,12.517999999999999,12.532,12.517999999999999,12.526,18206.0,,,,,,,,,,,,,,,,,,,
2019-09-12 16:41:00,12.53,12.534,12.526,12.526,16199.0,,,,,,,,,,,,,,,,,,,
2019-09-12 16:42:00,12.524000000000001,12.524000000000001,12.512,12.512,27839.0,,,,,,,,,,,,,,,,,,,
2019-09-12 16:43:00,12.51,12.526,12.508,12.52,27301.0,,,,,,,,,,,,,,,,,,,
2019-09-12 16:44:00,12.52,12.52,12.52,12.52,2080.0,,,,,,,,,,,,,,,,,,,
2019-09-12 16:45:00,12.52,12.522,12.512,12.515999999999998,12909.0,,,,,,,,,,,,,,,,,,,
2019-09-12 16:46:00,12.517999999999999,12.517999999999999,12.508,12.514000000000001,11213.0,,,,,,,,,,,,,,,,,,,
2019-09-12 16:47:00,12.517999999999999,12.527999999999999,12.515999999999998,12.527999999999999,12325.0,,,,,,,,,,,,,,,,,,,
2019-09-12 16:48:00,12.526,12.526,12.51,12.51,19169.0,,,,,,,,,,,,,,,,,,,
2019-09-12 16:49:00,12.51,12.514000000000001,12.51,12.512,2410.0,,,,,,,,,,,,,,,,,,,
2019-09-12 16:50:00,12.52,12.526,12.514000000000001,12.517999999999999,34828.0,,,,,,,,,,,,,,,,,,,
2019-09-12 16:51:00,12.515999999999998,12.52,12.446,12.45,99563.0,,,,,,,,,,,,,,,,,,,
2019-09-12 16:52:00,12.46,12.464,12.436,12.458,28195.0,,,,,,,,,,,,,,,,,,,
2019-09-12 16:53:00,12.46,12.474,12.442,12.45,38917.0,,,,,,,,,,,,,,,,,,,
2019-09-12 16:54:00,12.45,12.456,12.446,12.456,3878.0,,,,,,,,,,,,,,,,,,,
2019-09-12 16:55:00,12.448,12.462,12.446,12.462,8828.0,,,,,,,,,,,,,,,,,,,
2019-09-12 16:56:00,12.464,12.472000000000001,12.464,12.47,2094.0,,,,,,,,,,,,,,,,,,,
2019-09-12 16:57:00,12.478,12.484000000000002,12.478,12.48,9445.0,,,,,,,,,,,,,,,,,,,
2019-09-12 16:58:00,12.485999999999999,12.494000000000002,12.482000000000001,12.494000000000002,20037.0,,,,,,,,,,,,,,,,,,,
2019-09-12 16:59:00,12.49,12.498,12.485999999999999,12.498,21850.0,,,,,,,,,,,,,,,,,,,
2019-09-12 17:00:00,12.494000000000002,12.494000000000002,12.49,12.492,7697.0,,,,,,,,,,,,,,,,,,,
2019-09-12 17:01:00,12.495999999999999,12.495999999999999,12.492,12.492,8071.0,,,,,,,,,,,,,,,,,,,
2019-09-12 17:02:00,12.495999999999999,12.5,12.494000000000002,12.5,15387.0,,,,,,,,,,,,,,,,,,,
2019-09-12 17:03:00,12.498,12.508,12.498,12.502,20283.0,,,,,,,,,,,,,,,,,,,
2019-09-12 17:04:00,12.505999999999998,12.51,12.505999999999998,12.51,3378.0,,,,,,,,,,,,,,,,,,,
2019-09-12 17:05:00,12.51,12.51,12.504000000000001,12.508,10731.0,,,,,,,,,,,,,,,,,,,
2019-09-12 17:06:00,12.51,12.52,12.51,12.52,17755.0,,,,,,,,,,,,,,,,,,,
2019-09-12 17:07:00,12.517999999999999,12.524000000000001,12.515999999999998,12.515999999999998,10543.0,,,,,,,,,,,,,,,,,,,
2019-09-12 17:08:00,12.514000000000001,12.514000000000001,12.512,12.512,3332.0,,,,,,,,,,,,,,,,,,,
2019-09-12 17:09:00,12.514000000000001,12.52,12.514000000000001,12.52,9215.0,,,,,,,,,,,,,,,,,,,
2019-09-12 17:10:00,12.522,12.526,12.52,12.522,10787.0,,,,,,,,,,,,,,,,,,,
2019-09-12 17:11:00,12.524000000000001,12.532,12.524000000000001,12.527999999999999,44207.0,,,,,,,,,,,,,,,,,,,
2019-09-12 17:12:00,12.527999999999999,12.53,12.527999999999999,12.53,4641.0,,,,,,,,,,,,,,,,,,,
2019-09-12 17:13:00,12.527999999999999,12.527999999999999,12.522,12.522,15243.0,,,,,,,,,,,,,,,,,,,
2019-09-12 17:14:00,12.517999999999999,12.52,12.505999999999998,12.505999999999998,6119.0,,,,,,,,,,,,,,,,,,,
2019-09-12 17:15:00,12.508,12.512,12.508,12.512,10728.0,,,,,,,,,,,,,,,,,,,
2019-09-12 17:16:00,12.52,12.522,12.52,12.522,1447.0,,,,,,,,,,,,,,,,,,,
2019-09-12 17:17:00,12.526,12.532,12.526,12.53,21406.0,,,,,,,,,,,,,,,,,,,
2019-09-12 17:18:00,12.526,12.526,12.517999999999999,12.517999999999999,6597.0,,,,,,,,,,,,,,,,,,,
2019-09-12 17:19:00,12.52,12.524000000000001,12.52,12.524000000000001,5074.0,,,,,,,,,,,,,,,,,,,
2019-09-12 17:20:00,12.526,12.527999999999999,12.52,12.52,17781.0,,,,,,,,,,,,,,,,,,,
2019-09-12 17:21:00,12.522,12.53,12.522,12.53,23601.0,,,,,,,,,,,,,,,,,,,
2019-09-12 17:22:00,12.527999999999999,12.534,12.527999999999999,12.534,11806.0,,,,,,,,,,,,,,,,,,,
2019-09-12 17:23:00,12.534,12.54,12.534,12.538,7662.0,,,,,,,,,,,,,,,,,,,
2019-09-12 17:24:00,12.538,12.538,12.536,12.536,18208.0,,,,,,,,,,,,,,,,,,,
2019-09-12 17:25:00,12.538,12.54,12.538,12.538,13390.0,,,,,,,,,,,,,,,,,,,
2019-09-12 17:26:00,12.538,12.54,12.536,12.54,5432.0,,,,,,,,,,,,,,,,,,,
2019-09-12 17:27:00,12.534,12.534,12.532,12.534,12946.0,,,,,,,,,,,,,,,,,,,
2019-09-12 17:28:00,12.532,12.536,12.53,12.534,47666.0,,,,,,,,,,,,,,,,,,,
2019-09-12 17:29:00,12.534,12.548,12.534,12.548,8461.0,,,,,,,,,,,,,,,,,,,
2019-09-12 17:30:00,12.548,12.548,12.538,12.542,16619.0,,,,,,,,,,,,,,,,,,,
2019-09-12 17:36:00,12.572000000000001,12.572000000000001,12.572000000000001,12.572000000000001,1437244.0,,,,,,,,,,,,,,,,,,,
2019-09-12 17:39:00,12.572000000000001,12.572000000000001,12.572000000000001,12.572000000000001,188.0,,,,,,,,,,,,,,,,,,,
