Date,OPEN,HIGH,LOW,CLOSE,VOLUME,return,return_one_hot_encoded,volume_difference,volume_one_hot_encoded,url,header_x,release time_x,article content_x,formatted date_x,flair_sentiment_header_label,flair_sentiment_header_score,flair_sentiment_content_label,flair_sentiment_content_score,header_y,release time_y,article content_y,formatted date_y,neg_vader_header,neu_vader_header,pos_vader_header,compound_vader_header,neg_vader_articel_content,neu_vader_articel_content,pos_vader_articel_content,compound_vader_articel_content,header,release time,article content,formatteddate,polarity_textblob_sentiment_header,subjectivity_textblob_sentiment_header,polarity_textblob_sentiment_content,subjectivity_textblob_sentiment_content
2020-02-06 09:01:00,174.25,174.5,174.05,174.15,64473.0,0.0,0,0.0,0,,,,,,,,,,,,,,,,,,,,,,,,,,,,,
2020-02-06 09:02:00,174.25,174.45,174.15,174.25,15330.0,0.0,0,-49143.0,0,,,,,,,,,,,,,,,,,,,,,,,,,,,,,
2020-02-06 09:03:00,174.4,174.6,174.2,174.5,38551.0,0.25,1,23221.0,1,,,,,,,,,,,,,,,,,,,,,,,,,,,,,
2020-02-06 09:04:00,174.45,174.8,174.4,174.8,8542.0,0.4000000000000057,1,-30009.0,0,,,,,,,,,,,,,,,,,,,,,,,,,,,,,
2020-02-06 09:05:00,174.9,175.1,174.85,174.9,42999.0,0.45000000000001705,1,34457.0,1,,,,,,,,,,,,,,,,,,,,,,,,,,,,,
2020-02-06 09:06:00,174.8,174.9,174.5,174.6,24198.0,-0.30000000000001137,0,-18801.0,0,,,,,,,,,,,,,,,,,,,,,,,,,,,,,
2020-02-06 09:07:00,174.55,174.75,174.45,174.5,17044.0,-0.30000000000001137,0,-7154.0,0,,,,,,,,,,,,,,,,,,,,,,,,,,,,,
2020-02-06 09:08:00,174.6,174.7,174.6,174.65,2865.0,0.09999999999999433,1,-14179.0,0,,,,,,,,,,,,,,,,,,,,,,,,,,,,,
2020-02-06 09:09:00,174.6,174.75,174.55,174.75,7883.0,0.15000000000000568,1,5018.0,1,,,,,,,,,,,,,,,,,,,,,,,,,,,,,
2020-02-06 09:10:00,174.7,174.7,174.5,174.55,5035.0,-0.04999999999998295,0,-2848.0,0,,,,,,,,,,,,,,,,,,,,,,,,,,,,,
2020-02-06 09:11:00,174.6,174.7,174.55,174.7,28010.0,0.0,0,22975.0,1,,,,,,,,,,,,,,,,,,,,,,,,,,,,,
2020-02-06 09:12:00,174.65,174.8,174.55,174.6,30455.0,0.0,0,2445.0,1,,,,,,,,,,,,,,,,,,,,,,,,,,,,,
2020-02-06 09:13:00,174.6,174.6,174.4,174.4,11486.0,-0.25,0,-18969.0,0,,,,,,,,,,,,,,,,,,,,,,,,,,,,,
2020-02-06 09:14:00,174.45,174.65,174.4,174.65,11646.0,0.05000000000001137,1,160.0,1,,,,,,,,,,,,,,,,,,,,,,,,,,,,,
2020-02-06 09:15:00,174.6,174.65,174.55,174.55,19725.0,0.10000000000002274,1,8079.0,1,,,,,,,,,,,,,,,,,,,,,,,,,,,,,
2020-02-06 09:16:00,174.6,174.7,174.5,174.55,5746.0,-0.04999999999998295,0,-13979.0,0,,,,,,,,,,,,,,,,,,,,,,,,,,,,,
2020-02-06 09:17:00,174.6,174.6,174.55,174.55,588.0,-0.04999999999998295,0,-5158.0,0,,,,,,,,,,,,,,,,,,,,,,,,,,,,,
2020-02-06 09:18:00,174.65,174.65,174.55,174.6,1376.0,0.0,0,788.0,1,,,,,,,,,,,,,,,,,,,,,,,,,,,,,
2020-02-06 09:19:00,174.6,174.7,174.5,174.55,21313.0,-0.09999999999999433,0,19937.0,1,,,,,,,,,,,,,,,,,,,,,,,,,,,,,
2020-02-06 09:20:00,174.6,174.6,174.5,174.6,2212.0,0.0,0,-19101.0,0,,,,,,,,,,,,,,,,,,,,,,,,,,,,,
2020-02-06 09:21:00,174.55,174.55,174.45,174.45,14224.0,-0.15000000000000568,0,12012.0,1,,,,,,,,,,,,,,,,,,,,,,,,,,,,,
2020-02-06 09:22:00,174.4,174.4,174.35,174.4,7490.0,-0.15000000000000568,0,-6734.0,0,,,,,,,,,,,,,,,,,,,,,,,,,,,,,
2020-02-06 09:23:00,174.4,174.4,174.15,174.15,4525.0,-0.25,0,-2965.0,0,,,,,,,,,,,,,,,,,,,,,,,,,,,,,
2020-02-06 09:24:00,174.2,174.25,174.1,174.1,5352.0,-0.30000000000001137,0,827.0,1,,,,,,,,,,,,,,,,,,,,,,,,,,,,,
2020-02-06 09:25:00,174.15,174.15,174.0,174.05,36118.0,-0.14999999999997726,0,30766.0,1,,,,,,,,,,,,,,,,,,,,,,,,,,,,,
2020-02-06 09:26:00,174.1,174.15,174.05,174.1,8687.0,-0.05000000000001137,0,-27431.0,0,,,,,,,,,,,,,,,,,,,,,,,,,,,,,
2020-02-06 09:27:00,174.05,174.15,174.0,174.05,5036.0,-0.04999999999998295,0,-3651.0,0,,,,,,,,,,,,,,,,,,,,,,,,,,,,,
2020-02-06 09:28:00,174.1,174.1,173.95,174.0,10415.0,-0.05000000000001137,0,5379.0,1,,,,,,,,,,,,,,,,,,,,,,,,,,,,,
2020-02-06 09:29:00,174.0,174.2,174.0,174.05,14217.0,-0.04999999999998295,0,3802.0,1,,,,,,,,,,,,,,,,,,,,,,,,,,,,,
2020-02-06 09:30:00,173.95,173.95,173.85,173.9,3443.0,-0.09999999999999433,0,-10774.0,0,,,,,,,,,,,,,,,,,,,,,,,,,,,,,
2020-02-06 09:31:00,173.8,174.1,173.8,174.1,6160.0,0.15000000000000568,1,2717.0,1,,,,,,,,,,,,,,,,,,,,,,,,,,,,,
2020-02-06 09:32:00,174.05,174.1,174.0,174.1,3652.0,0.2999999999999829,1,-2508.0,0,,,,,,,,,,,,,,,,,,,,,,,,,,,,,
2020-02-06 09:33:00,174.1,174.15,174.05,174.1,4058.0,0.04999999999998295,1,406.0,1,,,,,,,,,,,,,,,,,,,,,,,,,,,,,
2020-02-06 09:34:00,174.05,174.05,174.0,174.0,4357.0,-0.09999999999999433,0,299.0,1,,,,,,,,,,,,,,,,,,,,,,,,,,,,,
2020-02-06 09:35:00,174.0,174.15,174.0,174.05,2472.0,0.0,0,-1885.0,0,,,,,,,,,,,,,,,,,,,,,,,,,,,,,
2020-02-06 09:36:00,174.05,174.05,173.8,173.8,8825.0,-0.19999999999998866,0,6353.0,1,,,,,,,,,,,,,,,,,,,,,,,,,,,,,
2020-02-06 09:37:00,173.85,174.05,173.85,173.95,6386.0,-0.10000000000002274,0,-2439.0,0,,,,,,,,,,,,,,,,,,,,,,,,,,,,,
2020-02-06 09:38:00,173.95,174.15,173.95,174.15,4211.0,0.30000000000001137,1,-2175.0,0,,,,,,,,,,,,,,,,,,,,,,,,,,,,,
2020-02-06 09:39:00,174.15,174.25,174.15,174.25,4861.0,0.30000000000001137,1,650.0,1,,,,,,,,,,,,,,,,,,,,,,,,,,,,,
2020-02-06 09:40:00,174.2,174.35,174.2,174.3,9732.0,0.15000000000000568,1,4871.0,1,,,,,,,,,,,,,,,,,,,,,,,,,,,,,
2020-02-06 09:41:00,174.25,174.3,174.2,174.2,3540.0,0.0,0,-6192.0,0,,,,,,,,,,,,,,,,,,,,,,,,,,,,,
2020-02-06 09:42:00,174.25,174.25,174.2,174.25,9055.0,0.0,0,5515.0,1,,,,,,,,,,,,,,,,,,,,,,,,,,,,,
2020-02-06 09:43:00,174.25,174.3,174.25,174.25,13072.0,0.0,0,4017.0,1,,,,,,,,,,,,,,,,,,,,,,,,,,,,,
2020-02-06 09:44:00,174.25,174.5,174.25,174.5,9428.0,0.25,1,-3644.0,0,,,,,,,,,,,,,,,,,,,,,,,,,,,,,
2020-02-06 09:45:00,174.5,174.55,174.35,174.35,6435.0,0.09999999999999433,1,-2993.0,0,,,,,,,,,,,,,,,,,,,,,,,,,,,,,
2020-02-06 09:46:00,174.45,174.5,174.35,174.35,10003.0,-0.15000000000000568,0,3568.0,1,,,,,,,,,,,,,,,,,,,,,,,,,,,,,
2020-02-06 09:47:00,174.4,174.45,174.4,174.45,12316.0,0.0,0,2313.0,1,,,,,,,,,,,,,,,,,,,,,,,,,,,,,
2020-02-06 09:48:00,174.45,174.45,174.4,174.45,655.0,0.04999999999998295,1,-11661.0,0,,,,,,,,,,,,,,,,,,,,,,,,,,,,,
2020-02-06 09:49:00,174.35,174.4,174.2,174.2,17565.0,-0.25,0,16910.0,1,,,,,,,,,,,,,,,,,,,,,,,,,,,,,
2020-02-06 09:50:00,174.15,174.25,174.15,174.25,10956.0,-0.09999999999999433,0,-6609.0,0,,,,,,,,,,,,,,,,,,,,,,,,,,,,,
2020-02-06 09:51:00,174.3,174.45,174.2,174.2,21471.0,0.04999999999998295,1,10515.0,1,,,,,,,,,,,,,,,,,,,,,,,,,,,,,
2020-02-06 09:52:00,174.2,174.25,174.2,174.25,5249.0,-0.05000000000001137,0,-16222.0,0,,,,,,,,,,,,,,,,,,,,,,,,,,,,,
2020-02-06 09:53:00,174.25,174.3,174.25,174.3,1110.0,0.10000000000002274,1,-4139.0,0,,,,,,,,,,,,,,,,,,,,,,,,,,,,,
2020-02-06 09:54:00,174.3,174.3,174.15,174.15,17717.0,-0.09999999999999433,0,16607.0,1,,,,,,,,,,,,,,,,,,,,,,,,,,,,,
2020-02-06 09:55:00,174.2,174.2,174.15,174.15,13776.0,-0.15000000000000568,0,-3941.0,0,,,,,,,,,,,,,,,,,,,,,,,,,,,,,
2020-02-06 09:56:00,174.2,174.2,174.15,174.15,9356.0,-0.04999999999998295,0,-4420.0,0,,,,,,,,,,,,,,,,,,,,,,,,,,,,,
2020-02-06 09:57:00,174.2,174.25,174.2,174.25,1637.0,0.05000000000001137,1,-7719.0,0,,,,,,,,,,,,,,,,,,,,,,,,,,,,,
2020-02-06 09:58:00,174.25,174.25,174.2,174.2,5290.0,0.0,0,3653.0,1,,,,,,,,,,,,,,,,,,,,,,,,,,,,,
2020-02-06 09:59:00,174.3,174.35,174.25,174.25,5470.0,0.0,0,180.0,1,,,,,,,,,,,,,,,,,,,,,,,,,,,,,
2020-02-06 10:00:00,174.3,174.3,174.3,174.3,3493.0,0.0,0,-1977.0,0,,,,,,,,,,,,,,,,,,,,,,,,,,,,,
2020-02-06 10:01:00,174.25,174.25,174.2,174.2,5444.0,-0.10000000000002274,0,1951.0,1,,,,,,,,,,,,,,,,,,,,,,,,,,,,,
2020-02-06 10:02:00,174.15,174.15,174.15,174.15,3851.0,-0.09999999999999433,0,-1593.0,0,,,,,,,,,,,,,,,,,,,,,,,,,,,,,
2020-02-06 10:03:00,174.1,174.1,174.05,174.05,18433.0,-0.09999999999999433,0,14582.0,1,,,,,,,,,,,,,,,,,,,,,,,,,,,,,
2020-02-06 10:04:00,174.05,174.1,174.05,174.1,7381.0,0.0,0,-11052.0,0,,,,,,,,,,,,,,,,,,,,,,,,,,,,,
2020-02-06 10:05:00,174.1,174.15,174.1,174.15,9015.0,0.09999999999999433,1,1634.0,1,,,,,,,,,,,,,,,,,,,,,,,,,,,,,
2020-02-06 10:06:00,174.15,174.2,174.05,174.05,26753.0,-0.04999999999998295,0,17738.0,1,,,,,,,,,,,,,,,,,,,,,,,,,,,,,
2020-02-06 10:07:00,174.0,174.05,174.0,174.05,9169.0,-0.09999999999999433,0,-17584.0,0,,,,,,,,,,,,,,,,,,,,,,,,,,,,,
2020-02-06 10:08:00,174.0,174.05,174.0,174.0,5239.0,0.0,0,-3930.0,0,,,,,,,,,,,,,,,,,,,,,,,,,,,,,
2020-02-06 10:09:00,173.95,174.05,173.95,174.05,26431.0,0.05000000000001137,1,21192.0,1,,,,,,,,,,,,,,,,,,,,,,,,,,,,,
2020-02-06 10:10:00,174.05,174.1,174.05,174.05,8241.0,0.10000000000002274,1,-18190.0,0,,,,,,,,,,,,,,,,,,,,,,,,,,,,,
2020-02-06 10:11:00,174.1,174.1,174.0,174.0,11417.0,-0.05000000000001137,0,3176.0,1,,,,,,,,,,,,,,,,,,,,,,,,,,,,,
2020-02-06 10:12:00,174.0,174.0,173.95,173.95,3725.0,-0.15000000000000568,0,-7692.0,0,,,,,,,,,,,,,,,,,,,,,,,,,,,,,
2020-02-06 10:13:00,174.0,174.05,174.0,174.05,4331.0,0.05000000000001137,1,606.0,1,,,,,,,,,,,,,,,,,,,,,,,,,,,,,
2020-02-06 10:14:00,174.0,174.05,174.0,174.05,2529.0,0.05000000000001137,1,-1802.0,0,,,,,,,,,,,,,,,,,,,,,,,,,,,,,
2020-02-06 10:15:00,174.1,174.1,174.0,174.05,5747.0,0.05000000000001137,1,3218.0,1,,,,,,,,,,,,,,,,,,,,,,,,,,,,,
2020-02-06 10:16:00,174.1,174.1,174.05,174.05,6434.0,-0.04999999999998295,0,687.0,1,,,,,,,,,,,,,,,,,,,,,,,,,,,,,
2020-02-06 10:17:00,174.05,174.05,173.9,173.95,14490.0,-0.15000000000000568,0,8056.0,1,,,,,,,,,,,,,,,,,,,,,,,,,,,,,
2020-02-06 10:18:00,173.9,173.95,173.9,173.95,1691.0,-0.10000000000002274,0,-12799.0,0,,,,,,,,,,,,,,,,,,,,,,,,,,,,,
2020-02-06 10:19:00,173.95,173.95,173.9,173.9,3738.0,0.0,0,2047.0,1,,,,,,,,,,,,,,,,,,,,,,,,,,,,,
2020-02-06 10:20:00,173.85,173.85,173.75,173.75,10342.0,-0.19999999999998866,0,6604.0,1,,,,,,,,,,,,,,,,,,,,,,,,,,,,,
2020-02-06 10:21:00,173.75,173.75,173.6,173.6,4364.0,-0.25,0,-5978.0,0,,,,,,,,,,,,,,,,,,,,,,,,,,,,,
2020-02-06 10:22:00,173.6,173.6,173.5,173.5,8747.0,-0.25,0,4383.0,1,,,,,,,,,,,,,,,,,,,,,,,,,,,,,
2020-02-06 10:23:00,173.5,173.5,173.45,173.45,7602.0,-0.15000000000000568,0,-1145.0,0,,,,,,,,,,,,,,,,,,,,,,,,,,,,,
2020-02-06 10:24:00,173.45,173.45,173.25,173.3,12141.0,-0.19999999999998866,0,4539.0,1,,,,,,,,,,,,,,,,,,,,,,,,,,,,,
2020-02-06 10:25:00,173.25,173.25,173.15,173.2,7133.0,-0.25,0,-5008.0,0,,,,,,,,,,,,,,,,,,,,,,,,,,,,,
2020-02-06 10:26:00,173.15,173.25,173.15,173.25,3257.0,0.0,0,-3876.0,0,,,,,,,,,,,,,,,,,,,,,,,,,,,,,
2020-02-06 10:27:00,173.25,173.25,173.15,173.2,6468.0,0.04999999999998295,1,3211.0,1,,,,,,,,,,,,,,,,,,,,,,,,,,,,,
2020-02-06 10:28:00,173.15,173.25,173.15,173.2,6737.0,-0.05000000000001137,0,269.0,1,,,,,,,,,,,,,,,,,,,,,,,,,,,,,
2020-02-06 10:29:00,173.15,173.15,172.8,173.1,39451.0,-0.05000000000001137,0,32714.0,1,,,,,,,,,,,,,,,,,,,,,,,,,,,,,
2020-02-06 10:30:00,173.15,173.2,173.05,173.1,9116.0,-0.05000000000001137,0,-30335.0,0,,,,,,,,,,,,,,,,,,,,,,,,,,,,,
2020-02-06 10:31:00,173.0,173.0,173.0,173.0,100.0,-0.15000000000000568,0,-9016.0,0,,,,,,,,,,,,,,,,,,,,,,,,,,,,,
2020-02-06 10:32:00,172.95,173.0,172.95,173.0,4914.0,0.0,0,4814.0,1,,,,,,,,,,,,,,,,,,,,,,,,,,,,,
2020-02-06 10:33:00,173.05,173.15,173.05,173.15,5056.0,0.20000000000001705,1,142.0,1,,,,,,,,,,,,,,,,,,,,,,,,,,,,,
2020-02-06 10:34:00,173.15,173.15,172.95,173.05,8802.0,0.0,0,3746.0,1,,,,,,,,,,,,,,,,,,,,,,,,,,,,,
2020-02-06 10:35:00,173.0,173.05,173.0,173.05,1331.0,-0.09999999999999433,0,-7471.0,0,,,,,,,,,,,,,,,,,,,,,,,,,,,,,
2020-02-06 10:36:00,173.05,173.05,172.95,173.0,4501.0,0.0,0,3170.0,1,,,,,,,,,,,,,,,,,,,,,,,,,,,,,
2020-02-06 10:37:00,173.05,173.05,172.95,172.95,6303.0,-0.10000000000002274,0,1802.0,1,,,,,,,,,,,,,,,,,,,,,,,,,,,,,
2020-02-06 10:38:00,172.95,173.05,172.95,173.05,5425.0,0.0,0,-878.0,0,,,,,,,,,,,,,,,,,,,,,,,,,,,,,
2020-02-06 10:39:00,173.1,173.2,173.1,173.2,4325.0,0.25,1,-1100.0,0,,,,,,,,,,,,,,,,,,,,,,,,,,,,,
2020-02-06 10:40:00,173.15,173.2,173.05,173.1,6458.0,0.0,0,2133.0,1,,,,,,,,,,,,,,,,,,,,,,,,,,,,,
2020-02-06 10:41:00,173.15,173.15,173.0,173.05,4787.0,-0.09999999999999433,0,-1671.0,0,,,,,,,,,,,,,,,,,,,,,,,,,,,,,
2020-02-06 10:42:00,173.0,173.0,173.0,173.0,4564.0,-0.15000000000000568,0,-223.0,0,,,,,,,,,,,,,,,,,,,,,,,,,,,,,
2020-02-06 10:43:00,173.0,173.0,172.8,172.8,12446.0,-0.19999999999998866,0,7882.0,1,,,,,,,,,,,,,,,,,,,,,,,,,,,,,
2020-02-06 10:44:00,172.85,172.9,172.85,172.9,5464.0,-0.09999999999999433,0,-6982.0,0,,,,,,,,,,,,,,,,,,,,,,,,,,,,,
2020-02-06 10:45:00,172.95,172.95,172.95,172.95,1234.0,0.09999999999999433,1,-4230.0,0,,,,,,,,,,,,,,,,,,,,,,,,,,,,,
2020-02-06 10:46:00,173.0,173.0,173.0,173.0,1207.0,0.05000000000001137,1,-27.0,0,,,,,,,,,,,,,,,,,,,,,,,,,,,,,
2020-02-06 10:47:00,172.95,172.95,172.9,172.95,3433.0,-0.05000000000001137,0,2226.0,1,,,,,,,,,,,,,,,,,,,,,,,,,,,,,
2020-02-06 10:48:00,172.85,172.85,172.8,172.8,7070.0,-0.14999999999997726,0,3637.0,1,,,,,,,,,,,,,,,,,,,,,,,,,,,,,
2020-02-06 10:49:00,172.8,172.85,172.8,172.85,2256.0,0.0,0,-4814.0,0,,,,,,,,,,,,,,,,,,,,,,,,,,,,,
2020-02-06 10:50:00,172.8,172.85,172.75,172.75,9299.0,-0.05000000000001137,0,7043.0,1,,,,,,,,,,,,,,,,,,,,,,,,,,,,,
2020-02-06 10:51:00,172.8,172.8,172.7,172.7,3833.0,-0.10000000000002274,0,-5466.0,0,,,,,,,,,,,,,,,,,,,,,,,,,,,,,
2020-02-06 10:52:00,172.65,172.75,172.65,172.75,2580.0,-0.05000000000001137,0,-1253.0,0,,,,,,,,,,,,,,,,,,,,,,,,,,,,,
2020-02-06 10:53:00,172.7,172.7,172.7,172.7,30.0,0.04999999999998295,1,-2550.0,0,,,,,,,,,,,,,,,,,,,,,,,,,,,,,
2020-02-06 10:54:00,172.7,172.75,172.65,172.7,7893.0,0.0,0,7863.0,1,,,,,,,,,,,,,,,,,,,,,,,,,,,,,
2020-02-06 10:55:00,172.7,172.7,172.6,172.6,3868.0,-0.09999999999999433,0,-4025.0,0,,,,,,,,,,,,,,,,,,,,,,,,,,,,,
2020-02-06 10:56:00,172.6,172.7,172.6,172.6,12818.0,-0.09999999999999433,0,8950.0,1,,,,,,,,,,,,,,,,,,,,,,,,,,,,,
2020-02-06 10:57:00,172.6,172.6,172.45,172.5,7295.0,-0.09999999999999433,0,-5523.0,0,,,,,,,,,,,,,,,,,,,,,,,,,,,,,
2020-02-06 10:58:00,172.4,172.45,172.4,172.45,7755.0,-0.15000000000000568,0,460.0,1,,,,,,,,,,,,,,,,,,,,,,,,,,,,,
2020-02-06 10:59:00,172.45,172.55,172.45,172.45,9536.0,0.04999999999998295,1,1781.0,1,,,,,,,,,,,,,,,,,,,,,,,,,,,,,
2020-02-06 11:00:00,172.4,172.45,172.4,172.45,900.0,0.0,0,-8636.0,0,,,,,,,,,,,,,,,,,,,,,,,,,,,,,
2020-02-06 11:01:00,172.4,172.4,172.35,172.35,3701.0,-0.05000000000001137,0,2801.0,1,,,,,,,,,,,,,,,,,,,,,,,,,,,,,
2020-02-06 11:02:00,172.35,172.4,172.35,172.4,2687.0,0.0,0,-1014.0,0,,,,,,,,,,,,,,,,,,,,,,,,,,,,,
2020-02-06 11:03:00,172.4,172.45,172.4,172.45,947.0,0.09999999999999433,1,-1740.0,0,,,,,,,,,,,,,,,,,,,,,,,,,,,,,
2020-02-06 11:04:00,172.45,172.5,172.45,172.5,5907.0,0.09999999999999433,1,4960.0,1,,,,,,,,,,,,,,,,,,,,,,,,,,,,,
2020-02-06 11:05:00,172.5,172.5,172.5,172.5,200.0,0.05000000000001137,1,-5707.0,0,,,,,,,,,,,,,,,,,,,,,,,,,,,,,
2020-02-06 11:06:00,172.5,172.6,172.5,172.6,6648.0,0.09999999999999433,1,6448.0,1,,,,,,,,,,,,,,,,,,,,,,,,,,,,,
2020-02-06 11:07:00,172.6,172.65,172.55,172.6,11730.0,0.09999999999999433,1,5082.0,1,,,,,,,,,,,,,,,,,,,,,,,,,,,,,
2020-02-06 11:08:00,172.65,172.65,172.55,172.55,3344.0,-0.04999999999998295,0,-8386.0,0,,,,,,,,,,,,,,,,,,,,,,,,,,,,,
2020-02-06 11:09:00,172.5,172.5,172.45,172.5,1301.0,-0.15000000000000568,0,-2043.0,0,,,,,,,,,,,,,,,,,,,,,,,,,,,,,
2020-02-06 11:10:00,172.5,172.5,172.5,172.5,1.0,0.0,0,-1300.0,0,,,,,,,,,,,,,,,,,,,,,,,,,,,,,
2020-02-06 11:11:00,172.45,172.5,172.45,172.5,2225.0,0.0,0,2224.0,1,,,,,,,,,,,,,,,,,,,,,,,,,,,,,
2020-02-06 11:12:00,172.55,172.6,172.5,172.5,7810.0,0.05000000000001137,1,5585.0,1,,,,,,,,,,,,,,,,,,,,,,,,,,,,,
2020-02-06 11:13:00,172.5,172.5,172.4,172.4,2235.0,-0.15000000000000568,0,-5575.0,0,,,,,,,,,,,,,,,,,,,,,,,,,,,,,
2020-02-06 11:14:00,172.4,172.4,172.35,172.4,2600.0,-0.09999999999999433,0,365.0,1,,,,,,,,,,,,,,,,,,,,,,,,,,,,,
2020-02-06 11:15:00,172.35,172.35,172.25,172.3,5190.0,-0.09999999999999433,0,2590.0,1,,,,,,,,,,,,,,,,,,,,,,,,,,,,,
2020-02-06 11:16:00,172.2,172.2,172.2,172.2,4757.0,-0.15000000000000568,0,-433.0,0,,,,,,,,,,,,,,,,,,,,,,,,,,,,,
2020-02-06 11:17:00,172.2,172.25,172.0,172.05,74205.0,-0.14999999999997726,0,69448.0,1,,,,,,,,,,,,,,,,,,,,,,,,,,,,,
2020-02-06 11:18:00,172.05,172.25,172.05,172.25,7209.0,0.05000000000001137,1,-66996.0,0,,,,,,,,,,,,,,,,,,,,,,,,,,,,,
2020-02-06 11:19:00,172.2,172.4,172.2,172.3,7467.0,0.25,1,258.0,1,,,,,,,,,,,,,,,,,,,,,,,,,,,,,
2020-02-06 11:20:00,172.25,172.25,172.2,172.2,3458.0,0.0,0,-4009.0,0,,,,,,,,,,,,,,,,,,,,,,,,,,,,,
2020-02-06 11:21:00,172.2,172.2,172.05,172.05,5188.0,-0.19999999999998866,0,1730.0,1,,,,,,,,,,,,,,,,,,,,,,,,,,,,,
2020-02-06 11:22:00,172.1,172.2,172.1,172.2,3456.0,0.0,0,-1732.0,0,,,,,,,,,,,,,,,,,,,,,,,,,,,,,
2020-02-06 11:23:00,172.25,172.25,172.2,172.2,6351.0,0.09999999999999433,1,2895.0,1,,,,,,,,,,,,,,,,,,,,,,,,,,,,,
2020-02-06 11:24:00,172.25,172.25,172.2,172.2,1688.0,-0.05000000000001137,0,-4663.0,0,,,,,,,,,,,,,,,,,,,,,,,,,,,,,
2020-02-06 11:25:00,172.25,172.25,172.1,172.1,8031.0,-0.15000000000000568,0,6343.0,1,,,,,,,,,,,,,,,,,,,,,,,,,,,,,
2020-02-06 11:26:00,172.05,172.2,172.05,172.2,2622.0,-0.05000000000001137,0,-5409.0,0,,,,,,,,,,,,,,,,,,,,,,,,,,,,,
2020-02-06 11:27:00,172.1,172.25,172.1,172.25,7590.0,0.19999999999998866,1,4968.0,1,,,,,,,,,,,,,,,,,,,,,,,,,,,,,
2020-02-06 11:28:00,172.3,172.3,172.25,172.25,1747.0,0.15000000000000568,1,-5843.0,0,,,,,,,,,,,,,,,,,,,,,,,,,,,,,
2020-02-06 11:29:00,172.25,172.25,172.2,172.2,4301.0,-0.10000000000002274,0,2554.0,1,,,,,,,,,,,,,,,,,,,,,,,,,,,,,
2020-02-06 11:30:00,172.25,172.25,172.25,172.25,2263.0,0.0,0,-2038.0,0,,,,,,,,,,,,,,,,,,,,,,,,,,,,,
2020-02-06 11:31:00,172.25,172.25,172.2,172.25,3756.0,0.0,0,1493.0,1,,,,,,,,,,,,,,,,,,,,,,,,,,,,,
2020-02-06 11:32:00,172.25,172.25,172.25,172.25,200.0,0.0,0,-3556.0,0,,,,,,,,,,,,,,,,,,,,,,,,,,,,,
2020-02-06 11:33:00,172.25,172.25,172.25,172.25,16502.0,0.0,0,16302.0,1,,,,,,,,,,,,,,,,,,,,,,,,,,,,,
2020-02-06 11:34:00,172.25,172.25,172.2,172.2,7519.0,-0.05000000000001137,0,-8983.0,0,,,,,,,,,,,,,,,,,,,,,,,,,,,,,
2020-02-06 11:35:00,172.15,172.15,172.1,172.1,1145.0,-0.15000000000000568,0,-6374.0,0,,,,,,,,,,,,,,,,,,,,,,,,,,,,,
2020-02-06 11:36:00,172.05,172.05,171.85,171.9,5125.0,-0.25,0,3980.0,1,,,,,,,,,,,,,,,,,,,,,,,,,,,,,
2020-02-06 11:37:00,171.9,171.9,171.85,171.85,3375.0,-0.20000000000001705,0,-1750.0,0,,,,,,,,,,,,,,,,,,,,,,,,,,,,,
2020-02-06 11:38:00,171.8,171.8,171.8,171.8,4735.0,-0.09999999999999433,0,1360.0,1,,,,,,,,,,,,,,,,,,,,,,,,,,,,,
2020-02-06 11:39:00,171.8,171.9,171.8,171.9,11790.0,0.09999999999999433,1,7055.0,1,,,,,,,,,,,,,,,,,,,,,,,,,,,,,
2020-02-06 11:40:00,171.9,171.9,171.8,171.8,8734.0,0.0,0,-3056.0,0,,,,,,,,,,,,,,,,,,,,,,,,,,,,,
2020-02-06 11:41:00,171.75,171.75,171.75,171.75,1045.0,-0.15000000000000568,0,-7689.0,0,,,,,,,,,,,,,,,,,,,,,,,,,,,,,
2020-02-06 11:42:00,171.75,171.9,171.75,171.9,2310.0,0.15000000000000568,1,1265.0,1,,,,,,,,,,,,,,,,,,,,,,,,,,,,,
2020-02-06 11:43:00,171.85,171.85,171.6,171.6,3050.0,-0.15000000000000568,0,740.0,1,,,,,,,,,,,,,,,,,,,,,,,,,,,,,
2020-02-06 11:44:00,171.65,171.7,171.65,171.7,2333.0,-0.15000000000000568,0,-717.0,0,,,,,,,,,,,,,,,,,,,,,,,,,,,,,
2020-02-06 11:45:00,171.7,171.7,171.65,171.7,5050.0,0.04999999999998295,1,2717.0,1,,,,,,,,,,,,,,,,,,,,,,,,,,,,,
2020-02-06 11:46:00,171.7,171.9,171.7,171.9,3916.0,0.20000000000001705,1,-1134.0,0,,,,,,,,,,,,,,,,,,,,,,,,,,,,,
2020-02-06 11:47:00,171.8,171.8,171.7,171.7,3855.0,0.0,0,-61.0,0,,,,,,,,,,,,,,,,,,,,,,,,,,,,,
2020-02-06 11:48:00,171.7,171.7,171.7,171.7,399.0,-0.10000000000002274,0,-3456.0,0,,,,,,,,,,,,,,,,,,,,,,,,,,,,,
2020-02-06 11:49:00,171.65,171.65,171.65,171.65,1099.0,-0.04999999999998295,0,700.0,1,,,,,,,,,,,,,,,,,,,,,,,,,,,,,
2020-02-06 11:50:00,171.65,171.9,171.65,171.9,11469.0,0.25,1,10370.0,1,,,,,,,,,,,,,,,,,,,,,,,,,,,,,
2020-02-06 11:51:00,171.85,171.85,171.75,171.8,4101.0,0.15000000000000568,1,-7368.0,0,,,,,,,,,,,,,,,,,,,,,,,,,,,,,
2020-02-06 11:52:00,171.85,171.85,171.7,171.7,3091.0,-0.15000000000000568,0,-1010.0,0,,,,,,,,,,,,,,,,,,,,,,,,,,,,,
2020-02-06 11:53:00,171.65,171.65,171.6,171.6,1504.0,-0.25,0,-1587.0,0,,,,,,,,,,,,,,,,,,,,,,,,,,,,,
2020-02-06 11:54:00,171.55,171.55,171.35,171.35,13584.0,-0.30000000000001137,0,12080.0,1,,,,,,,,,,,,,,,,,,,,,,,,,,,,,
2020-02-06 11:55:00,171.35,171.5,171.35,171.5,11895.0,-0.05000000000001137,0,-1689.0,0,,,,,,,,,,,,,,,,,,,,,,,,,,,,,
2020-02-06 11:56:00,171.5,171.55,171.5,171.55,2327.0,0.20000000000001705,1,-9568.0,0,,,,,,,,,,,,,,,,,,,,,,,,,,,,,
2020-02-06 11:57:00,171.5,171.55,171.45,171.55,1298.0,0.05000000000001137,1,-1029.0,0,,,,,,,,,,,,,,,,,,,,,,,,,,,,,
2020-02-06 11:58:00,171.45,171.45,171.35,171.35,5552.0,-0.15000000000000568,0,4254.0,1,,,,,,,,,,,,,,,,,,,,,,,,,,,,,
2020-02-06 11:59:00,171.4,171.45,171.35,171.4,2598.0,-0.04999999999998295,0,-2954.0,0,,,,,,,,,,,,,,,,,,,,,,,,,,,,,
2020-02-06 12:00:00,171.35,171.4,171.35,171.4,1628.0,0.0,0,-970.0,0,,,,,,,,,,,,,,,,,,,,,,,,,,,,,
2020-02-06 12:01:00,171.35,171.55,171.35,171.55,10374.0,0.20000000000001705,1,8746.0,1,,,,,,,,,,,,,,,,,,,,,,,,,,,,,
2020-02-06 12:02:00,171.5,171.55,171.5,171.55,669.0,0.20000000000001705,1,-9705.0,0,,,,,,,,,,,,,,,,,,,,,,,,,,,,,
2020-02-06 12:03:00,171.6,171.65,171.55,171.6,10042.0,0.09999999999999433,1,9373.0,1,,,,,,,,,,,,,,,,,,,,,,,,,,,,,
2020-02-06 12:04:00,171.65,171.65,171.6,171.65,1689.0,0.05000000000001137,1,-8353.0,0,,,,,,,,,,,,,,,,,,,,,,,,,,,,,
2020-02-06 12:05:00,171.7,171.75,171.7,171.75,42.0,0.09999999999999433,1,-1647.0,0,,,,,,,,,,,,,,,,,,,,,,,,,,,,,
2020-02-06 12:06:00,171.7,171.8,171.7,171.8,2632.0,0.10000000000002274,1,2590.0,1,,,,,,,,,,,,,,,,,,,,,,,,,,,,,
2020-02-06 12:07:00,171.8,171.95,171.8,171.9,8207.0,0.20000000000001705,1,5575.0,1,,,,,,,,,,,,,,,,,,,,,,,,,,,,,
2020-02-06 12:08:00,171.9,172.0,171.85,171.95,6098.0,0.14999999999997726,1,-2109.0,0,,,,,,,,,,,,,,,,,,,,,,,,,,,,,
2020-02-06 12:09:00,172.0,172.0,171.95,171.95,2853.0,0.04999999999998295,1,-3245.0,0,,,,,,,,,,,,,,,,,,,,,,,,,,,,,
2020-02-06 12:10:00,171.9,171.9,171.65,171.65,5539.0,-0.3499999999999943,0,2686.0,1,,,,,,,,,,,,,,,,,,,,,,,,,,,,,
2020-02-06 12:11:00,171.65,171.65,171.6,171.65,2483.0,-0.25,0,-3056.0,0,,,,,,,,,,,,,,,,,,,,,,,,,,,,,
2020-02-06 12:12:00,171.6,171.75,171.6,171.7,6916.0,0.04999999999998295,1,4433.0,1,,,,,,,,,,,,,,,,,,,,,,,,,,,,,
2020-02-06 12:13:00,171.75,171.75,171.65,171.65,1966.0,0.05000000000001137,1,-4950.0,0,,,,,,,,,,,,,,,,,,,,,,,,,,,,,
2020-02-06 12:14:00,171.6,171.65,171.55,171.6,1443.0,-0.15000000000000568,0,-523.0,0,,,,,,,,,,,,,,,,,,,,,,,,,,,,,
2020-02-06 12:15:00,171.6,171.6,171.6,171.6,3.0,0.0,0,-1440.0,0,,,,,,,,,,,,,,,,,,,,,,,,,,,,,
2020-02-06 12:16:00,171.55,171.55,171.5,171.5,3209.0,-0.09999999999999433,0,3206.0,1,,,,,,,,,,,,,,,,,,,,,,,,,,,,,
2020-02-06 12:17:00,171.5,171.55,171.45,171.55,7355.0,0.0,0,4146.0,1,,,,,,,,,,,,,,,,,,,,,,,,,,,,,
2020-02-06 12:18:00,171.55,171.65,171.55,171.6,1551.0,0.09999999999999433,1,-5804.0,0,,,,,,,,,,,,,,,,,,,,,,,,,,,,,
2020-02-06 12:19:00,171.6,171.65,171.6,171.65,2691.0,0.09999999999999433,1,1140.0,1,,,,,,,,,,,,,,,,,,,,,,,,,,,,,
2020-02-06 12:20:00,171.65,171.65,171.4,171.4,8362.0,-0.19999999999998866,0,5671.0,1,,,,,,,,,,,,,,,,,,,,,,,,,,,,,
2020-02-06 12:21:00,171.45,171.45,171.45,171.45,5991.0,-0.20000000000001705,0,-2371.0,0,,,,,,,,,,,,,,,,,,,,,,,,,,,,,
2020-02-06 12:22:00,171.45,171.45,171.45,171.45,2.0,0.0,0,-5989.0,0,,,,,,,,,,,,,,,,,,,,,,,,,,,,,
2020-02-06 12:23:00,171.4,171.45,171.4,171.45,3703.0,0.0,0,3701.0,1,,,,,,,,,,,,,,,,,,,,,,,,,,,,,
2020-02-06 12:24:00,171.45,171.5,171.45,171.5,3586.0,0.09999999999999433,1,-117.0,0,,,,,,,,,,,,,,,,,,,,,,,,,,,,,
2020-02-06 12:25:00,171.5,171.5,171.45,171.5,3204.0,0.05000000000001137,1,-382.0,0,,,,,,,,,,,,,,,,,,,,,,,,,,,,,
2020-02-06 12:26:00,171.55,171.55,171.45,171.5,5489.0,0.0,0,2285.0,1,,,,,,,,,,,,,,,,,,,,,,,,,,,,,
2020-02-06 12:27:00,171.45,171.45,171.45,171.45,629.0,-0.10000000000002274,0,-4860.0,0,,,,,,,,,,,,,,,,,,,,,,,,,,,,,
2020-02-06 12:28:00,171.4,171.4,171.2,171.2,5066.0,-0.25,0,4437.0,1,,,,,,,,,,,,,,,,,,,,,,,,,,,,,
2020-02-06 12:29:00,171.2,171.25,171.2,171.25,9480.0,-0.15000000000000568,0,4414.0,1,,,,,,,,,,,,,,,,,,,,,,,,,,,,,
2020-02-06 12:30:00,171.2,171.25,171.2,171.25,1428.0,0.05000000000001137,1,-8052.0,0,,,,,,,,,,,,,,,,,,,,,,,,,,,,,
2020-02-06 12:31:00,171.25,171.25,171.25,171.25,7833.0,0.05000000000001137,1,6405.0,1,,,,,,,,,,,,,,,,,,,,,,,,,,,,,
2020-02-06 12:32:00,171.25,171.25,171.25,171.25,4683.0,0.0,0,-3150.0,0,,,,,,,,,,,,,,,,,,,,,,,,,,,,,
2020-02-06 12:33:00,171.3,171.3,171.3,171.3,5187.0,0.05000000000001137,1,504.0,1,,,,,,,,,,,,,,,,,,,,,,,,,,,,,
2020-02-06 12:34:00,171.3,171.4,171.3,171.4,9275.0,0.09999999999999433,1,4088.0,1,,,,,,,,,,,,,,,,,,,,,,,,,,,,,
2020-02-06 12:35:00,171.45,171.45,171.35,171.35,2012.0,0.04999999999998295,1,-7263.0,0,,,,,,,,,,,,,,,,,,,,,,,,,,,,,
2020-02-06 12:36:00,171.35,171.35,171.25,171.25,2952.0,-0.19999999999998866,0,940.0,1,,,,,,,,,,,,,,,,,,,,,,,,,,,,,
2020-02-06 12:37:00,171.3,171.3,171.25,171.3,3671.0,-0.04999999999998295,0,719.0,1,,,,,,,,,,,,,,,,,,,,,,,,,,,,,
2020-02-06 12:38:00,171.25,171.25,171.2,171.25,542.0,-0.05000000000001137,0,-3129.0,0,,,,,,,,,,,,,,,,,,,,,,,,,,,,,
2020-02-06 12:39:00,171.25,171.25,171.2,171.2,825.0,-0.05000000000001137,0,283.0,1,,,,,,,,,,,,,,,,,,,,,,,,,,,,,
2020-02-06 12:40:00,171.2,171.25,171.2,171.2,2150.0,-0.05000000000001137,0,1325.0,1,,,,,,,,,,,,,,,,,,,,,,,,,,,,,
2020-02-06 12:41:00,171.2,171.2,171.15,171.2,4874.0,0.0,0,2724.0,1,,,,,,,,,,,,,,,,,,,,,,,,,,,,,
2020-02-06 12:42:00,171.15,171.15,171.15,171.15,2587.0,-0.04999999999998295,0,-2287.0,0,,,,,,,,,,,,,,,,,,,,,,,,,,,,,
2020-02-06 12:43:00,171.15,171.15,171.1,171.1,4433.0,-0.05000000000001137,0,1846.0,1,,,,,,,,,,,,,,,,,,,,,,,,,,,,,
2020-02-06 12:44:00,171.05,171.1,171.0,171.05,16683.0,-0.09999999999999433,0,12250.0,1,,,,,,,,,,,,,,,,,,,,,,,,,,,,,
2020-02-06 12:45:00,171.05,171.2,171.05,171.15,10538.0,0.09999999999999433,1,-6145.0,0,,,,,,,,,,,,,,,,,,,,,,,,,,,,,
2020-02-06 12:46:00,171.2,171.25,171.2,171.25,7514.0,0.19999999999998866,1,-3024.0,0,,,,,,,,,,,,,,,,,,,,,,,,,,,,,
2020-02-06 12:47:00,171.25,171.25,171.05,171.05,31288.0,-0.14999999999997726,0,23774.0,1,,,,,,,,,,,,,,,,,,,,,,,,,,,,,
2020-02-06 12:48:00,171.05,171.1,171.05,171.05,2543.0,-0.19999999999998866,0,-28745.0,0,,,,,,,,,,,,,,,,,,,,,,,,,,,,,
2020-02-06 12:49:00,171.1,171.1,171.1,171.1,11728.0,0.04999999999998295,1,9185.0,1,,,,,,,,,,,,,,,,,,,,,,,,,,,,,
2020-02-06 12:50:00,171.1,171.1,171.0,171.0,18212.0,-0.09999999999999433,0,6484.0,1,,,,,,,,,,,,,,,,,,,,,,,,,,,,,
2020-02-06 12:51:00,171.0,171.0,170.85,170.95,9035.0,-0.15000000000000568,0,-9177.0,0,,,,,,,,,,,,,,,,,,,,,,,,,,,,,
2020-02-06 12:52:00,171.0,171.05,171.0,171.05,3018.0,0.05000000000001137,1,-6017.0,0,,,,,,,,,,,,,,,,,,,,,,,,,,,,,
2020-02-06 12:53:00,171.0,171.0,170.9,170.9,6192.0,-0.09999999999999433,0,3174.0,1,,,,,,,,,,,,,,,,,,,,,,,,,,,,,
2020-02-06 12:54:00,170.9,170.9,170.85,170.9,2243.0,-0.09999999999999433,0,-3949.0,0,,,,,,,,,,,,,,,,,,,,,,,,,,,,,
2020-02-06 12:55:00,170.9,170.9,170.75,170.75,6182.0,-0.15000000000000568,0,3939.0,1,,,,,,,,,,,,,,,,,,,,,,,,,,,,,
2020-02-06 12:56:00,170.8,171.05,170.8,171.0,12023.0,0.09999999999999433,1,5841.0,1,,,,,,,,,,,,,,,,,,,,,,,,,,,,,
2020-02-06 12:57:00,171.1,171.15,171.05,171.05,8995.0,0.25,1,-3028.0,0,,,,,,,,,,,,,,,,,,,,,,,,,,,,,
2020-02-06 12:58:00,171.05,171.1,171.05,171.05,2454.0,-0.04999999999998295,0,-6541.0,0,,,,,,,,,,,,,,,,,,,,,,,,,,,,,
2020-02-06 12:59:00,171.0,171.1,171.0,171.1,2159.0,0.04999999999998295,1,-295.0,0,,,,,,,,,,,,,,,,,,,,,,,,,,,,,
2020-02-06 13:00:00,171.1,171.15,171.1,171.15,676.0,0.15000000000000568,1,-1483.0,0,,,,,,,,,,,,,,,,,,,,,,,,,,,,,
2020-02-06 13:01:00,171.1,171.2,171.1,171.2,4462.0,0.09999999999999433,1,3786.0,1,,,,,,,,,,,,,,,,,,,,,,,,,,,,,
2020-02-06 13:02:00,171.25,171.3,171.2,171.3,3529.0,0.20000000000001705,1,-933.0,0,,,,,,,,,,,,,,,,,,,,,,,,,,,,,
2020-02-06 13:03:00,171.35,171.35,171.25,171.25,5982.0,0.0,0,2453.0,1,,,,,,,,,,,,,,,,,,,,,,,,,,,,,
2020-02-06 13:04:00,171.25,171.3,171.25,171.3,2345.0,-0.04999999999998295,0,-3637.0,0,,,,,,,,,,,,,,,,,,,,,,,,,,,,,
2020-02-06 13:05:00,171.3,171.3,171.3,171.3,333.0,0.05000000000001137,1,-2012.0,0,,,,,,,,,,,,,,,,,,,,,,,,,,,,,
2020-02-06 13:06:00,171.3,171.5,171.3,171.45,8954.0,0.14999999999997726,1,8621.0,1,,,,,,,,,,,,,,,,,,,,,,,,,,,,,
2020-02-06 13:07:00,171.45,171.5,171.45,171.5,1184.0,0.19999999999998866,1,-7770.0,0,,,,,,,,,,,,,,,,,,,,,,,,,,,,,
2020-02-06 13:08:00,171.55,171.55,171.45,171.45,4663.0,0.0,0,3479.0,1,,,,,,,,,,,,,,,,,,,,,,,,,,,,,
2020-02-06 13:09:00,171.4,171.4,171.4,171.4,433.0,-0.15000000000000568,0,-4230.0,0,,,,,,,,,,,,,,,,,,,,,,,,,,,,,
2020-02-06 13:10:00,171.4,171.4,171.3,171.3,3402.0,-0.09999999999999433,0,2969.0,1,,,,,,,,,,,,,,,,,,,,,,,,,,,,,
2020-02-06 13:11:00,171.35,171.4,171.35,171.4,3476.0,0.0,0,74.0,1,,,,,,,,,,,,,,,,,,,,,,,,,,,,,
2020-02-06 13:12:00,171.4,171.4,171.3,171.3,3125.0,-0.04999999999998295,0,-351.0,0,,,,,,,,,,,,,,,,,,,,,,,,,,,,,
2020-02-06 13:13:00,171.35,171.35,171.3,171.35,1601.0,-0.05000000000001137,0,-1524.0,0,,,,,,,,,,,,,,,,,,,,,,,,,,,,,
2020-02-06 13:14:00,171.35,171.4,171.3,171.3,3911.0,-0.04999999999998295,0,2310.0,1,,,,,,,,,,,,,,,,,,,,,,,,,,,,,
2020-02-06 13:15:00,171.25,171.25,171.2,171.2,3561.0,-0.15000000000000568,0,-350.0,0,,,,,,,,,,,,,,,,,,,,,,,,,,,,,
2020-02-06 13:16:00,171.2,171.3,171.2,171.25,1694.0,0.0,0,-1867.0,0,,,,,,,,,,,,,,,,,,,,,,,,,,,,,
2020-02-06 13:17:00,171.25,171.25,171.25,171.25,895.0,0.05000000000001137,1,-799.0,0,,,,,,,,,,,,,,,,,,,,,,,,,,,,,
2020-02-06 13:18:00,171.2,171.2,171.15,171.15,4976.0,-0.09999999999999433,0,4081.0,1,,,,,,,,,,,,,,,,,,,,,,,,,,,,,
2020-02-06 13:19:00,171.2,171.25,171.15,171.25,3967.0,0.05000000000001137,1,-1009.0,0,,,,,,,,,,,,,,,,,,,,,,,,,,,,,
2020-02-06 13:20:00,171.25,171.35,171.25,171.35,806.0,0.15000000000000568,1,-3161.0,0,,,,,,,,,,,,,,,,,,,,,,,,,,,,,
2020-02-06 13:21:00,171.35,171.35,171.3,171.3,2635.0,0.05000000000001137,1,1829.0,1,,,,,,,,,,,,,,,,,,,,,,,,,,,,,
2020-02-06 13:22:00,171.3,171.3,171.3,171.3,1054.0,-0.04999999999998295,0,-1581.0,0,,,,,,,,,,,,,,,,,,,,,,,,,,,,,
2020-02-06 13:23:00,171.3,171.4,171.3,171.4,3375.0,0.09999999999999433,1,2321.0,1,,,,,,,,,,,,,,,,,,,,,,,,,,,,,
2020-02-06 13:24:00,171.3,171.3,171.3,171.3,2473.0,0.0,0,-902.0,0,,,,,,,,,,,,,,,,,,,,,,,,,,,,,
2020-02-06 13:25:00,171.3,171.3,171.25,171.3,1807.0,0.0,0,-666.0,0,,,,,,,,,,,,,,,,,,,,,,,,,,,,,
2020-02-06 13:26:00,171.3,171.3,171.3,171.3,330.0,0.0,0,-1477.0,0,,,,,,,,,,,,,,,,,,,,,,,,,,,,,
2020-02-06 13:27:00,171.3,171.4,171.3,171.4,742.0,0.09999999999999433,1,412.0,1,,,,,,,,,,,,,,,,,,,,,,,,,,,,,
2020-02-06 13:28:00,171.45,171.45,171.45,171.45,1406.0,0.14999999999997726,1,664.0,1,,,,,,,,,,,,,,,,,,,,,,,,,,,,,
2020-02-06 13:29:00,171.45,171.45,171.3,171.3,4253.0,-0.14999999999997726,0,2847.0,1,,,,,,,,,,,,,,,,,,,,,,,,,,,,,
2020-02-06 13:30:00,171.35,171.35,171.25,171.25,3567.0,-0.19999999999998866,0,-686.0,0,,,,,,,,,,,,,,,,,,,,,,,,,,,,,
2020-02-06 13:31:00,171.2,171.3,171.2,171.25,2001.0,-0.09999999999999433,0,-1566.0,0,,,,,,,,,,,,,,,,,,,,,,,,,,,,,
2020-02-06 13:32:00,171.25,171.25,171.15,171.2,5775.0,0.0,0,3774.0,1,,,,,,,,,,,,,,,,,,,,,,,,,,,,,
2020-02-06 13:33:00,171.15,171.15,170.9,171.0,18176.0,-0.25,0,12401.0,1,,,,,,,,,,,,,,,,,,,,,,,,,,,,,
2020-02-06 13:34:00,170.95,171.0,170.9,170.95,6066.0,-0.20000000000001705,0,-12110.0,0,,,,,,,,,,,,,,,,,,,,,,,,,,,,,
2020-02-06 13:36:00,170.95,171.0,170.85,170.95,9552.0,0.0,0,3486.0,1,,,,,,,,,,,,,,,,,,,,,,,,,,,,,
2020-02-06 13:37:00,170.95,171.0,170.95,171.0,2552.0,0.05000000000001137,1,-7000.0,0,,,,,,,,,,,,,,,,,,,,,,,,,,,,,
2020-02-06 13:38:00,171.0,171.0,170.95,170.95,493.0,0.0,0,-2059.0,0,,,,,,,,,,,,,,,,,,,,,,,,,,,,,
2020-02-06 13:39:00,170.9,171.05,170.85,171.0,7532.0,0.0,0,7039.0,1,,,,,,,,,,,,,,,,,,,,,,,,,,,,,
2020-02-06 13:40:00,171.05,171.05,171.05,171.05,1168.0,0.15000000000000568,1,-6364.0,0,,,,,,,,,,,,,,,,,,,,,,,,,,,,,
2020-02-06 13:41:00,170.95,171.0,170.95,171.0,1050.0,-0.05000000000001137,0,-118.0,0,,,,,,,,,,,,,,,,,,,,,,,,,,,,,
2020-02-06 13:42:00,171.0,171.0,171.0,171.0,1307.0,0.05000000000001137,1,257.0,1,,,,,,,,,,,,,,,,,,,,,,,,,,,,,
2020-02-06 13:43:00,171.05,171.1,171.05,171.1,2192.0,0.09999999999999433,1,885.0,1,,,,,,,,,,,,,,,,,,,,,,,,,,,,,
2020-02-06 13:44:00,171.15,171.15,171.05,171.1,1506.0,0.04999999999998295,1,-686.0,0,,,,,,,,,,,,,,,,,,,,,,,,,,,,,
2020-02-06 13:45:00,171.1,171.1,171.0,171.1,10405.0,-0.05000000000001137,0,8899.0,1,,,,,,,,,,,,,,,,,,,,,,,,,,,,,
2020-02-06 13:46:00,171.05,171.05,171.0,171.0,4176.0,-0.09999999999999433,0,-6229.0,0,,,,,,,,,,,,,,,,,,,,,,,,,,,,,
2020-02-06 13:47:00,171.05,171.05,171.0,171.0,6997.0,-0.05000000000001137,0,2821.0,1,,,,,,,,,,,,,,,,,,,,,,,,,,,,,
2020-02-06 13:48:00,171.0,171.0,170.95,171.0,12624.0,-0.05000000000001137,0,5627.0,1,,,,,,,,,,,,,,,,,,,,,,,,,,,,,
2020-02-06 13:49:00,170.95,170.95,170.95,170.95,2361.0,-0.05000000000001137,0,-10263.0,0,,,,,,,,,,,,,,,,,,,,,,,,,,,,,
2020-02-06 13:50:00,170.9,170.9,170.85,170.85,2422.0,-0.09999999999999433,0,61.0,1,,,,,,,,,,,,,,,,,,,,,,,,,,,,,
2020-02-06 13:51:00,170.85,170.85,170.8,170.8,877.0,-0.09999999999999433,0,-1545.0,0,,,,,,,,,,,,,,,,,,,,,,,,,,,,,
2020-02-06 13:52:00,170.8,170.85,170.6,170.65,10155.0,-0.19999999999998866,0,9278.0,1,,,,,,,,,,,,,,,,,,,,,,,,,,,,,
2020-02-06 13:53:00,170.7,170.7,170.6,170.65,8156.0,-0.15000000000000568,0,-1999.0,0,,,,,,,,,,,,,,,,,,,,,,,,,,,,,
2020-02-06 13:54:00,170.7,170.8,170.7,170.8,8911.0,0.10000000000002274,1,755.0,1,,,,,,,,,,,,,,,,,,,,,,,,,,,,,
2020-02-06 13:55:00,170.75,170.75,170.6,170.6,15838.0,-0.09999999999999433,0,6927.0,1,,,,,,,,,,,,,,,,,,,,,,,,,,,,,
2020-02-06 13:56:00,170.65,170.65,170.55,170.6,3239.0,-0.15000000000000568,0,-12599.0,0,,,,,,,,,,,,,,,,,,,,,,,,,,,,,
2020-02-06 13:57:00,170.65,170.7,170.65,170.7,2132.0,0.04999999999998295,1,-1107.0,0,,,,,,,,,,,,,,,,,,,,,,,,,,,,,
2020-02-06 13:58:00,170.7,170.7,170.65,170.65,6100.0,0.0,0,3968.0,1,,,,,,,,,,,,,,,,,,,,,,,,,,,,,
2020-02-06 13:59:00,170.7,170.7,170.7,170.7,672.0,0.0,0,-5428.0,0,,,,,,,,,,,,,,,,,,,,,,,,,,,,,
2020-02-06 14:00:00,170.65,170.65,170.55,170.6,6511.0,-0.09999999999999433,0,5839.0,1,,,,,,,,,,,,,,,,,,,,,,,,,,,,,
2020-02-06 14:01:00,170.65,170.7,170.65,170.7,1417.0,0.04999999999998295,1,-5094.0,0,,,,,,,,,,,,,,,,,,,,,,,,,,,,,
2020-02-06 14:02:00,170.65,170.65,170.4,170.4,29808.0,-0.25,0,28391.0,1,,,,,,,,,,,,,,,,,,,,,,,,,,,,,
2020-02-06 14:03:00,170.4,170.55,170.4,170.55,11960.0,-0.09999999999999433,0,-17848.0,0,,,,,,,,,,,,,,,,,,,,,,,,,,,,,
2020-02-06 14:04:00,170.65,170.65,170.6,170.65,6330.0,0.25,1,-5630.0,0,,,,,,,,,,,,,,,,,,,,,,,,,,,,,
2020-02-06 14:05:00,170.7,170.7,170.65,170.65,2516.0,0.0,0,-3814.0,0,,,,,,,,,,,,,,,,,,,,,,,,,,,,,
2020-02-06 14:06:00,170.65,170.7,170.65,170.65,1845.0,-0.04999999999998295,0,-671.0,0,,,,,,,,,,,,,,,,,,,,,,,,,,,,,
2020-02-06 14:07:00,170.6,170.6,170.6,170.6,1441.0,-0.05000000000001137,0,-404.0,0,,,,,,,,,,,,,,,,,,,,,,,,,,,,,
2020-02-06 14:08:00,170.55,170.6,170.55,170.6,829.0,0.0,0,-612.0,0,,,,,,,,,,,,,,,,,,,,,,,,,,,,,
2020-02-06 14:09:00,170.65,170.7,170.65,170.7,3187.0,0.14999999999997726,1,2358.0,1,,,,,,,,,,,,,,,,,,,,,,,,,,,,,
2020-02-06 14:10:00,170.7,170.7,170.65,170.7,4861.0,0.04999999999998295,1,1674.0,1,,,,,,,,,,,,,,,,,,,,,,,,,,,,,
2020-02-06 14:11:00,170.75,170.75,170.55,170.65,11705.0,-0.04999999999998295,0,6844.0,1,,,,,,,,,,,,,,,,,,,,,,,,,,,,,
2020-02-06 14:12:00,170.65,170.65,170.65,170.65,2963.0,-0.09999999999999433,0,-8742.0,0,,,,,,,,,,,,,,,,,,,,,,,,,,,,,
2020-02-06 14:13:00,170.65,170.65,170.65,170.65,185.0,0.0,0,-2778.0,0,,,,,,,,,,,,,,,,,,,,,,,,,,,,,
2020-02-06 14:14:00,170.65,170.65,170.65,170.65,1617.0,0.0,0,1432.0,1,,,,,,,,,,,,,,,,,,,,,,,,,,,,,
2020-02-06 14:15:00,170.6,170.7,170.6,170.65,3209.0,0.0,0,1592.0,1,,,,,,,,,,,,,,,,,,,,,,,,,,,,,
2020-02-06 14:16:00,170.6,170.65,170.6,170.65,5176.0,0.05000000000001137,1,1967.0,1,,,,,,,,,,,,,,,,,,,,,,,,,,,,,
2020-02-06 14:17:00,170.6,170.65,170.6,170.65,2448.0,0.05000000000001137,1,-2728.0,0,,,,,,,,,,,,,,,,,,,,,,,,,,,,,
2020-02-06 14:18:00,170.6,170.6,170.6,170.6,4215.0,0.0,0,1767.0,1,,,,,,,,,,,,,,,,,,,,,,,,,,,,,
2020-02-06 14:19:00,170.6,170.6,170.45,170.45,10554.0,-0.15000000000000568,0,6339.0,1,,,,,,,,,,,,,,,,,,,,,,,,,,,,,
2020-02-06 14:20:00,170.5,170.55,170.45,170.55,2456.0,-0.04999999999998295,0,-8098.0,0,,,,,,,,,,,,,,,,,,,,,,,,,,,,,
2020-02-06 14:21:00,170.55,170.75,170.55,170.75,8164.0,0.25,1,5708.0,1,,,,,,,,,,,,,,,,,,,,,,,,,,,,,
2020-02-06 14:22:00,170.75,170.75,170.75,170.75,600.0,0.19999999999998866,1,-7564.0,0,,,,,,,,,,,,,,,,,,,,,,,,,,,,,
2020-02-06 14:23:00,170.7,170.75,170.7,170.7,19972.0,-0.05000000000001137,0,19372.0,1,,,,,,,,,,,,,,,,,,,,,,,,,,,,,
2020-02-06 14:24:00,170.65,170.65,170.6,170.6,585.0,-0.09999999999999433,0,-19387.0,0,,,,,,,,,,,,,,,,,,,,,,,,,,,,,
2020-02-06 14:25:00,170.55,170.55,170.55,170.55,776.0,-0.09999999999999433,0,191.0,1,,,,,,,,,,,,,,,,,,,,,,,,,,,,,
2020-02-06 14:27:00,170.6,170.6,170.6,170.6,3984.0,0.04999999999998295,1,3208.0,1,,,,,,,,,,,,,,,,,,,,,,,,,,,,,
2020-02-06 14:28:00,170.6,170.7,170.6,170.6,3950.0,0.0,0,-34.0,0,,,,,,,,,,,,,,,,,,,,,,,,,,,,,
2020-02-06 14:29:00,170.6,170.6,170.6,170.6,2949.0,0.0,0,-1001.0,0,,,,,,,,,,,,,,,,,,,,,,,,,,,,,
2020-02-06 14:30:00,170.55,170.55,170.55,170.55,1597.0,-0.04999999999998295,0,-1352.0,0,,,,,,,,,,,,,,,,,,,,,,,,,,,,,
2020-02-06 14:31:00,170.65,170.65,170.55,170.6,3182.0,0.04999999999998295,1,1585.0,1,,,,,,,,,,,,,,,,,,,,,,,,,,,,,
2020-02-06 14:32:00,170.55,170.65,170.55,170.6,9251.0,-0.05000000000001137,0,6069.0,1,,,,,,,,,,,,,,,,,,,,,,,,,,,,,
2020-02-06 14:33:00,170.6,170.6,170.55,170.6,2441.0,0.04999999999998295,1,-6810.0,0,,,,,,,,,,,,,,,,,,,,,,,,,,,,,
2020-02-06 14:34:00,170.65,170.75,170.65,170.7,5148.0,0.09999999999999433,1,2707.0,1,,,,,,,,,,,,,,,,,,,,,,,,,,,,,
2020-02-06 14:35:00,170.75,170.75,170.6,170.6,1515.0,-0.05000000000001137,0,-3633.0,0,,,,,,,,,,,,,,,,,,,,,,,,,,,,,
2020-02-06 14:36:00,170.75,170.75,170.55,170.55,6526.0,-0.19999999999998866,0,5011.0,1,,,,,,,,,,,,,,,,,,,,,,,,,,,,,
2020-02-06 14:37:00,170.6,170.6,170.55,170.55,2246.0,-0.19999999999998866,0,-4280.0,0,,,,,,,,,,,,,,,,,,,,,,,,,,,,,
2020-02-06 14:38:00,170.55,170.65,170.55,170.65,4255.0,0.05000000000001137,1,2009.0,1,,,,,,,,,,,,,,,,,,,,,,,,,,,,,
2020-02-06 14:39:00,170.75,170.75,170.6,170.6,740.0,0.04999999999998295,1,-3515.0,0,,,,,,,,,,,,,,,,,,,,,,,,,,,,,
2020-02-06 14:40:00,170.65,170.65,170.6,170.6,567.0,-0.15000000000000568,0,-173.0,0,,,,,,,,,,,,,,,,,,,,,,,,,,,,,
2020-02-06 14:41:00,170.65,170.7,170.65,170.7,2754.0,0.04999999999998295,1,2187.0,1,,,,,,,,,,,,,,,,,,,,,,,,,,,,,
2020-02-06 14:42:00,170.7,170.7,170.7,170.7,251.0,0.04999999999998295,1,-2503.0,0,,,,,,,,,,,,,,,,,,,,,,,,,,,,,
2020-02-06 14:43:00,170.65,170.7,170.6,170.6,3246.0,-0.09999999999999433,0,2995.0,1,,,,,,,,,,,,,,,,,,,,,,,,,,,,,
2020-02-06 14:44:00,170.65,170.65,170.65,170.65,294.0,0.0,0,-2952.0,0,,,,,,,,,,,,,,,,,,,,,,,,,,,,,
2020-02-06 14:45:00,170.6,170.65,170.55,170.55,8804.0,-0.09999999999999433,0,8510.0,1,,,,,,,,,,,,,,,,,,,,,,,,,,,,,
2020-02-06 14:46:00,170.55,170.65,170.55,170.6,7988.0,0.0,0,-816.0,0,,,,,,,,,,,,,,,,,,,,,,,,,,,,,
2020-02-06 14:47:00,170.55,170.6,170.55,170.55,7190.0,0.0,0,-798.0,0,,,,,,,,,,,,,,,,,,,,,,,,,,,,,
2020-02-06 14:48:00,170.55,170.6,170.55,170.6,2701.0,0.04999999999998295,1,-4489.0,0,,,,,,,,,,,,,,,,,,,,,,,,,,,,,
2020-02-06 14:49:00,170.6,170.65,170.6,170.65,1683.0,0.09999999999999433,1,-1018.0,0,,,,,,,,,,,,,,,,,,,,,,,,,,,,,
2020-02-06 14:50:00,170.65,170.65,170.65,170.65,282.0,0.05000000000001137,1,-1401.0,0,,,,,,,,,,,,,,,,,,,,,,,,,,,,,
2020-02-06 14:51:00,170.6,170.6,170.55,170.55,3122.0,-0.09999999999999433,0,2840.0,1,,,,,,,,,,,,,,,,,,,,,,,,,,,,,
2020-02-06 14:52:00,170.5,170.5,170.5,170.5,3333.0,-0.09999999999999433,0,211.0,1,,,,,,,,,,,,,,,,,,,,,,,,,,,,,
2020-02-06 14:53:00,170.5,170.5,170.5,170.5,4.0,0.0,0,-3329.0,0,,,,,,,,,,,,,,,,,,,,,,,,,,,,,
2020-02-06 14:54:00,170.55,170.55,170.55,170.55,1792.0,0.05000000000001137,1,1788.0,1,,,,,,,,,,,,,,,,,,,,,,,,,,,,,
2020-02-06 14:55:00,170.55,170.55,170.5,170.5,1755.0,-0.05000000000001137,0,-37.0,0,,,,,,,,,,,,,,,,,,,,,,,,,,,,,
2020-02-06 14:56:00,170.5,170.5,170.5,170.5,1083.0,-0.05000000000001137,0,-672.0,0,,,,,,,,,,,,,,,,,,,,,,,,,,,,,
2020-02-06 14:58:00,170.5,170.55,170.5,170.55,5126.0,0.05000000000001137,1,4043.0,1,,,,,,,,,,,,,,,,,,,,,,,,,,,,,
2020-02-06 14:59:00,170.65,170.65,170.65,170.65,1793.0,0.15000000000000568,1,-3333.0,0,,,,,,,,,,,,,,,,,,,,,,,,,,,,,
2020-02-06 15:00:00,170.7,170.7,170.65,170.65,101.0,0.0,0,-1692.0,0,,,,,,,,,,,,,,,,,,,,,,,,,,,,,
2020-02-06 15:01:00,170.6,170.6,170.5,170.55,7721.0,-0.14999999999997726,0,7620.0,1,,,,,,,,,,,,,,,,,,,,,,,,,,,,,
2020-02-06 15:02:00,170.5,170.55,170.5,170.55,1307.0,-0.04999999999998295,0,-6414.0,0,,,,,,,,,,,,,,,,,,,,,,,,,,,,,
2020-02-06 15:03:00,170.55,170.65,170.55,170.65,2714.0,0.15000000000000568,1,1407.0,1,,,,,,,,,,,,,,,,,,,,,,,,,,,,,
2020-02-06 15:04:00,170.7,170.7,170.7,170.7,536.0,0.14999999999997726,1,-2178.0,0,,,,,,,,,,,,,,,,,,,,,,,,,,,,,
2020-02-06 15:05:00,170.75,170.8,170.75,170.8,2494.0,0.10000000000002274,1,1958.0,1,,,,,,,,,,,,,,,,,,,,,,,,,,,,,
2020-02-06 15:06:00,170.8,170.8,170.75,170.8,328.0,0.05000000000001137,1,-2166.0,0,,,,,,,,,,,,,,,,,,,,,,,,,,,,,
2020-02-06 15:08:00,170.7,170.7,170.65,170.65,3323.0,-0.15000000000000568,0,2995.0,1,,,,,,,,,,,,,,,,,,,,,,,,,,,,,
2020-02-06 15:09:00,170.7,170.75,170.7,170.75,1333.0,0.05000000000001137,1,-1990.0,0,,,,,,,,,,,,,,,,,,,,,,,,,,,,,
2020-02-06 15:10:00,170.7,170.8,170.7,170.8,5419.0,0.10000000000002274,1,4086.0,1,,,,,,,,,,,,,,,,,,,,,,,,,,,,,
2020-02-06 15:11:00,170.75,170.75,170.7,170.7,2222.0,0.0,0,-3197.0,0,,,,,,,,,,,,,,,,,,,,,,,,,,,,,
2020-02-06 15:12:00,170.7,170.75,170.7,170.7,2969.0,-0.05000000000001137,0,747.0,1,,,,,,,,,,,,,,,,,,,,,,,,,,,,,
2020-02-06 15:14:00,170.75,170.75,170.75,170.75,200.0,0.05000000000001137,1,-2769.0,0,,,,,,,,,,,,,,,,,,,,,,,,,,,,,
2020-02-06 15:15:00,170.75,170.75,170.75,170.75,4786.0,0.0,0,4586.0,1,,,,,,,,,,,,,,,,,,,,,,,,,,,,,
2020-02-06 15:16:00,170.8,170.8,170.8,170.8,4429.0,0.05000000000001137,1,-357.0,0,,,,,,,,,,,,,,,,,,,,,,,,,,,,,
2020-02-06 15:17:00,170.8,170.8,170.8,170.8,2050.0,0.0,0,-2379.0,0,,,,,,,,,,,,,,,,,,,,,,,,,,,,,
2020-02-06 15:18:00,170.75,170.75,170.7,170.7,7262.0,-0.10000000000002274,0,5212.0,1,,,,,,,,,,,,,,,,,,,,,,,,,,,,,
2020-02-06 15:19:00,170.75,170.75,170.7,170.7,812.0,-0.05000000000001137,0,-6450.0,0,,,,,,,,,,,,,,,,,,,,,,,,,,,,,
2020-02-06 15:20:00,170.7,170.7,170.7,170.7,2525.0,-0.05000000000001137,0,1713.0,1,,,,,,,,,,,,,,,,,,,,,,,,,,,,,
2020-02-06 15:21:00,170.75,170.8,170.65,170.65,3656.0,-0.04999999999998295,0,1131.0,1,,,,,,,,,,,,,,,,,,,,,,,,,,,,,
2020-02-06 15:22:00,170.7,170.7,170.65,170.65,1534.0,-0.09999999999999433,0,-2122.0,0,,,,,,,,,,,,,,,,,,,,,,,,,,,,,
2020-02-06 15:23:00,170.7,170.7,170.7,170.7,1597.0,0.0,0,63.0,1,,,,,,,,,,,,,,,,,,,,,,,,,,,,,
2020-02-06 15:24:00,170.7,170.75,170.7,170.75,223.0,0.05000000000001137,1,-1374.0,0,,,,,,,,,,,,,,,,,,,,,,,,,,,,,
2020-02-06 15:25:00,170.75,170.85,170.75,170.85,3649.0,0.15000000000000568,1,3426.0,1,,,,,,,,,,,,,,,,,,,,,,,,,,,,,
2020-02-06 15:26:00,170.8,170.8,170.75,170.8,6375.0,0.05000000000001137,1,2726.0,1,,,,,,,,,,,,,,,,,,,,,,,,,,,,,
2020-02-06 15:27:00,170.8,170.8,170.8,170.8,1190.0,0.0,0,-5185.0,0,,,,,,,,,,,,,,,,,,,,,,,,,,,,,
2020-02-06 15:28:00,170.8,170.8,170.75,170.8,1628.0,0.0,0,438.0,1,,,,,,,,,,,,,,,,,,,,,,,,,,,,,
2020-02-06 15:29:00,170.8,170.9,170.8,170.9,4712.0,0.09999999999999433,1,3084.0,1,,,,,,,,,,,,,,,,,,,,,,,,,,,,,
2020-02-06 15:30:00,170.85,170.9,170.75,170.8,8169.0,0.0,0,3457.0,1,,,,,,,,,,,,,,,,,,,,,,,,,,,,,
2020-02-06 15:31:00,170.8,170.8,170.7,170.7,4876.0,-0.15000000000000568,0,-3293.0,0,,,,,,,,,,,,,,,,,,,,,,,,,,,,,
2020-02-06 15:32:00,170.65,170.65,170.6,170.6,2800.0,-0.20000000000001705,0,-2076.0,0,,,,,,,,,,,,,,,,,,,,,,,,,,,,,
2020-02-06 15:33:00,170.6,170.65,170.6,170.65,4002.0,0.0,0,1202.0,1,,,,,,,,,,,,,,,,,,,,,,,,,,,,,
2020-02-06 15:34:00,170.65,170.75,170.65,170.7,864.0,0.09999999999999433,1,-3138.0,0,,,,,,,,,,,,,,,,,,,,,,,,,,,,,
2020-02-06 15:35:00,170.65,170.65,170.65,170.65,1475.0,0.0,0,611.0,1,,,,,,,,,,,,,,,,,,,,,,,,,,,,,
2020-02-06 15:36:00,170.6,170.6,170.55,170.55,3996.0,-0.09999999999999433,0,2521.0,1,,,,,,,,,,,,,,,,,,,,,,,,,,,,,
2020-02-06 15:37:00,170.5,170.5,170.45,170.45,8573.0,-0.15000000000000568,0,4577.0,1,,,,,,,,,,,,,,,,,,,,,,,,,,,,,
2020-02-06 15:38:00,170.4,170.4,170.2,170.3,13524.0,-0.19999999999998866,0,4951.0,1,,,,,,,,,,,,,,,,,,,,,,,,,,,,,
2020-02-06 15:39:00,170.25,170.25,170.2,170.2,7133.0,-0.20000000000001705,0,-6391.0,0,,,,,,,,,,,,,,,,,,,,,,,,,,,,,
2020-02-06 15:40:00,170.2,170.2,170.05,170.05,14992.0,-0.19999999999998866,0,7859.0,1,,,,,,,,,,,,,,,,,,,,,,,,,,,,,
2020-02-06 15:41:00,170.05,170.05,169.95,170.0,37938.0,-0.19999999999998866,0,22946.0,1,,,,,,,,,,,,,,,,,,,,,,,,,,,,,
2020-02-06 15:42:00,170.0,170.05,169.95,170.0,5832.0,-0.05000000000001137,0,-32106.0,0,,,,,,,,,,,,,,,,,,,,,,,,,,,,,
2020-02-06 15:43:00,170.0,170.0,169.9,169.9,12649.0,-0.09999999999999433,0,6817.0,1,,,,,,,,,,,,,,,,,,,,,,,,,,,,,
2020-02-06 15:44:00,169.85,169.9,169.75,169.85,6725.0,-0.15000000000000568,0,-5924.0,0,,,,,,,,,,,,,,,,,,,,,,,,,,,,,
2020-02-06 15:45:00,169.8,169.95,169.8,169.95,3473.0,0.09999999999999433,1,-3252.0,0,,,,,,,,,,,,,,,,,,,,,,,,,,,,,
2020-02-06 15:46:00,170.0,170.0,169.8,169.8,7838.0,0.0,0,4365.0,1,,,,,,,,,,,,,,,,,,,,,,,,,,,,,
2020-02-06 15:47:00,169.85,170.0,169.8,169.95,16367.0,-0.05000000000001137,0,8529.0,1,,,,,,,,,,,,,,,,,,,,,,,,,,,,,
2020-02-06 15:48:00,170.0,170.0,169.95,170.0,5846.0,0.15000000000000568,1,-10521.0,0,,,,,,,,,,,,,,,,,,,,,,,,,,,,,
2020-02-06 15:49:00,170.05,170.1,170.05,170.1,2231.0,0.09999999999999433,1,-3615.0,0,,,,,,,,,,,,,,,,,,,,,,,,,,,,,
2020-02-06 15:50:00,170.1,170.1,170.0,170.05,8342.0,0.0,0,6111.0,1,,,,,,,,,,,,,,,,,,,,,,,,,,,,,
2020-02-06 15:51:00,170.1,170.15,170.05,170.05,2577.0,-0.04999999999998295,0,-5765.0,0,,,,,,,,,,,,,,,,,,,,,,,,,,,,,
2020-02-06 15:52:00,170.1,170.1,170.05,170.05,3001.0,-0.04999999999998295,0,424.0,1,,,,,,,,,,,,,,,,,,,,,,,,,,,,,
2020-02-06 15:53:00,170.05,170.1,170.05,170.1,11767.0,0.0,0,8766.0,1,,,,,,,,,,,,,,,,,,,,,,,,,,,,,
2020-02-06 15:54:00,170.15,170.3,170.15,170.3,4334.0,0.25,1,-7433.0,0,,,,,,,,,,,,,,,,,,,,,,,,,,,,,
2020-02-06 15:55:00,170.3,170.35,170.3,170.35,3362.0,0.19999999999998866,1,-972.0,0,,,,,,,,,,,,,,,,,,,,,,,,,,,,,
2020-02-06 15:56:00,170.3,170.35,170.3,170.35,4065.0,0.04999999999998295,1,703.0,1,,,,,,,,,,,,,,,,,,,,,,,,,,,,,
2020-02-06 15:57:00,170.4,170.4,170.4,170.4,1381.0,0.09999999999999433,1,-2684.0,0,,,,,,,,,,,,,,,,,,,,,,,,,,,,,
2020-02-06 15:58:00,170.45,170.45,170.4,170.45,6500.0,0.04999999999998295,1,5119.0,1,,,,,,,,,,,,,,,,,,,,,,,,,,,,,
2020-02-06 15:59:00,170.45,170.45,170.4,170.4,2798.0,-0.04999999999998295,0,-3702.0,0,,,,,,,,,,,,,,,,,,,,,,,,,,,,,
2020-02-06 16:00:00,170.45,170.6,170.45,170.5,26401.0,0.05000000000001137,1,23603.0,1,,,,,,,,,,,,,,,,,,,,,,,,,,,,,
2020-02-06 16:01:00,170.6,170.65,170.5,170.65,6573.0,0.20000000000001705,1,-19828.0,0,,,,,,,,,,,,,,,,,,,,,,,,,,,,,
2020-02-06 16:02:00,170.7,170.7,170.6,170.6,2107.0,0.0,0,-4466.0,0,,,,,,,,,,,,,,,,,,,,,,,,,,,,,
2020-02-06 16:03:00,170.55,170.55,170.45,170.45,4685.0,-0.25,0,2578.0,1,,,,,,,,,,,,,,,,,,,,,,,,,,,,,
2020-02-06 16:04:00,170.5,170.55,170.5,170.55,964.0,0.0,0,-3721.0,0,,,,,,,,,,,,,,,,,,,,,,,,,,,,,
2020-02-06 16:05:00,170.55,170.55,170.5,170.5,1438.0,0.0,0,474.0,1,,,,,,,,,,,,,,,,,,,,,,,,,,,,,
2020-02-06 16:06:00,170.5,170.65,170.5,170.65,13106.0,0.09999999999999433,1,11668.0,1,,,,,,,,,,,,,,,,,,,,,,,,,,,,,
2020-02-06 16:07:00,170.65,170.65,170.55,170.55,5555.0,0.05000000000001137,1,-7551.0,0,,,,,,,,,,,,,,,,,,,,,,,,,,,,,
2020-02-06 16:08:00,170.6,170.6,170.55,170.55,2642.0,-0.09999999999999433,0,-2913.0,0,,,,,,,,,,,,,,,,,,,,,,,,,,,,,
2020-02-06 16:09:00,170.55,170.55,170.5,170.5,2799.0,-0.09999999999999433,0,157.0,1,,,,,,,,,,,,,,,,,,,,,,,,,,,,,
2020-02-06 16:10:00,170.5,170.55,170.5,170.55,1119.0,0.0,0,-1680.0,0,,,,,,,,,,,,,,,,,,,,,,,,,,,,,
2020-02-06 16:11:00,170.6,170.6,170.6,170.6,2742.0,0.09999999999999433,1,1623.0,1,,,,,,,,,,,,,,,,,,,,,,,,,,,,,
2020-02-06 16:12:00,170.65,170.65,170.55,170.6,13419.0,0.0,0,10677.0,1,,,,,,,,,,,,,,,,,,,,,,,,,,,,,
2020-02-06 16:13:00,170.6,170.65,170.6,170.65,1587.0,0.0,0,-11832.0,0,,,,,,,,,,,,,,,,,,,,,,,,,,,,,
2020-02-06 16:14:00,170.7,170.75,170.7,170.75,8216.0,0.15000000000000568,1,6629.0,1,,,,,,,,,,,,,,,,,,,,,,,,,,,,,
2020-02-06 16:15:00,170.8,170.8,170.8,170.8,583.0,0.10000000000002274,1,-7633.0,0,,,,,,,,,,,,,,,,,,,,,,,,,,,,,
2020-02-06 16:16:00,170.8,170.8,170.75,170.75,3532.0,-0.05000000000001137,0,2949.0,1,,,,,,,,,,,,,,,,,,,,,,,,,,,,,
2020-02-06 16:17:00,170.7,170.7,170.65,170.65,3193.0,-0.15000000000000568,0,-339.0,0,,,,,,,,,,,,,,,,,,,,,,,,,,,,,
2020-02-06 16:18:00,170.65,170.8,170.65,170.8,7907.0,0.10000000000002274,1,4714.0,1,,,,,,,,,,,,,,,,,,,,,,,,,,,,,
2020-02-06 16:19:00,170.75,170.8,170.75,170.75,6634.0,0.09999999999999433,1,-1273.0,0,,,,,,,,,,,,,,,,,,,,,,,,,,,,,
2020-02-06 16:20:00,170.8,170.9,170.8,170.9,17201.0,0.15000000000000568,1,10567.0,1,,,,,,,,,,,,,,,,,,,,,,,,,,,,,
2020-02-06 16:21:00,170.85,171.0,170.85,171.0,6888.0,0.19999999999998866,1,-10313.0,0,,,,,,,,,,,,,,,,,,,,,,,,,,,,,
2020-02-06 16:22:00,171.0,171.0,170.9,170.95,7380.0,0.09999999999999433,1,492.0,1,,,,,,,,,,,,,,,,,,,,,,,,,,,,,
2020-02-06 16:23:00,171.0,171.0,170.7,170.7,10483.0,-0.30000000000001137,0,3103.0,1,,,,,,,,,,,,,,,,,,,,,,,,,,,,,
2020-02-06 16:24:00,170.65,170.65,170.6,170.65,5506.0,-0.3499999999999943,0,-4977.0,0,,,,,,,,,,,,,,,,,,,,,,,,,,,,,
2020-02-06 16:25:00,170.7,170.7,170.65,170.7,2325.0,0.04999999999998295,1,-3181.0,0,,,,,,,,,,,,,,,,,,,,,,,,,,,,,
2020-02-06 16:26:00,170.7,170.7,170.65,170.65,3091.0,-0.04999999999998295,0,766.0,1,,,,,,,,,,,,,,,,,,,,,,,,,,,,,
2020-02-06 16:27:00,170.75,170.85,170.75,170.85,1922.0,0.15000000000000568,1,-1169.0,0,,,,,,,,,,,,,,,,,,,,,,,,,,,,,
2020-02-06 16:28:00,170.9,170.95,170.85,170.85,10810.0,0.09999999999999433,1,8888.0,1,,,,,,,,,,,,,,,,,,,,,,,,,,,,,
2020-02-06 16:29:00,170.8,170.8,170.75,170.75,816.0,-0.15000000000000568,0,-9994.0,0,,,,,,,,,,,,,,,,,,,,,,,,,,,,,
2020-02-06 16:30:00,170.85,170.85,170.75,170.75,5126.0,-0.05000000000001137,0,4310.0,1,,,,,,,,,,,,,,,,,,,,,,,,,,,,,
2020-02-06 16:31:00,170.75,170.75,170.75,170.75,3073.0,-0.09999999999999433,0,-2053.0,0,,,,,,,,,,,,,,,,,,,,,,,,,,,,,
2020-02-06 16:32:00,170.8,170.85,170.75,170.8,7987.0,0.05000000000001137,1,4914.0,1,,,,,,,,,,,,,,,,,,,,,,,,,,,,,
2020-02-06 16:33:00,170.8,170.8,170.8,170.8,1045.0,0.0,0,-6942.0,0,,,,,,,,,,,,,,,,,,,,,,,,,,,,,
2020-02-06 16:34:00,170.75,170.75,170.7,170.7,614.0,-0.10000000000002274,0,-431.0,0,,,,,,,,,,,,,,,,,,,,,,,,,,,,,
2020-02-06 16:35:00,170.75,170.75,170.75,170.75,185.0,0.0,0,-429.0,0,,,,,,,,,,,,,,,,,,,,,,,,,,,,,
2020-02-06 16:36:00,170.8,170.8,170.75,170.75,2570.0,0.0,0,2385.0,1,,,,,,,,,,,,,,,,,,,,,,,,,,,,,
2020-02-06 16:37:00,170.75,170.75,170.75,170.75,1037.0,-0.05000000000001137,0,-1533.0,0,,,,,,,,,,,,,,,,,,,,,,,,,,,,,
2020-02-06 16:38:00,170.8,170.9,170.8,170.9,4925.0,0.15000000000000568,1,3888.0,1,,,,,,,,,,,,,,,,,,,,,,,,,,,,,
2020-02-06 16:39:00,170.85,170.9,170.85,170.9,1530.0,0.09999999999999433,1,-3395.0,0,,,,,,,,,,,,,,,,,,,,,,,,,,,,,
2020-02-06 16:40:00,170.85,170.85,170.8,170.8,3044.0,-0.04999999999998295,0,1514.0,1,,,,,,,,,,,,,,,,,,,,,,,,,,,,,
2020-02-06 16:41:00,170.85,170.85,170.8,170.8,4400.0,-0.04999999999998295,0,1356.0,1,,,,,,,,,,,,,,,,,,,,,,,,,,,,,
2020-02-06 16:42:00,170.8,170.8,170.75,170.75,4374.0,-0.09999999999999433,0,-26.0,0,,,,,,,,,,,,,,,,,,,,,,,,,,,,,
2020-02-06 16:43:00,170.8,170.8,170.75,170.75,1375.0,-0.05000000000001137,0,-2999.0,0,,,,,,,,,,,,,,,,,,,,,,,,,,,,,
2020-02-06 16:44:00,170.8,170.8,170.7,170.7,7019.0,-0.10000000000002274,0,5644.0,1,,,,,,,,,,,,,,,,,,,,,,,,,,,,,
2020-02-06 16:45:00,170.75,170.75,170.6,170.65,17913.0,-0.15000000000000568,0,10894.0,1,,,,,,,,,,,,,,,,,,,,,,,,,,,,,
2020-02-06 16:46:00,170.7,170.85,170.7,170.85,8541.0,0.09999999999999433,1,-9372.0,0,,,,,,,,,,,,,,,,,,,,,,,,,,,,,
2020-02-06 16:47:00,170.85,170.9,170.85,170.9,1786.0,0.20000000000001705,1,-6755.0,0,,,,,,,,,,,,,,,,,,,,,,,,,,,,,
2020-02-06 16:48:00,170.95,171.05,170.95,171.05,2411.0,0.20000000000001705,1,625.0,1,,,,,,,,,,,,,,,,,,,,,,,,,,,,,
2020-02-06 16:49:00,171.0,171.05,170.95,171.05,5360.0,0.10000000000002274,1,2949.0,1,,,,,,,,,,,,,,,,,,,,,,,,,,,,,
2020-02-06 16:50:00,171.0,171.0,171.0,171.0,8502.0,0.0,0,3142.0,1,,,,,,,,,,,,,,,,,,,,,,,,,,,,,
2020-02-06 16:51:00,171.0,171.0,170.95,170.95,2924.0,-0.05000000000001137,0,-5578.0,0,,,,,,,,,,,,,,,,,,,,,,,,,,,,,
2020-02-06 16:52:00,171.0,171.0,170.95,170.95,277.0,-0.05000000000001137,0,-2647.0,0,,,,,,,,,,,,,,,,,,,,,,,,,,,,,
2020-02-06 16:53:00,170.95,170.95,170.8,170.8,4520.0,-0.19999999999998866,0,4243.0,1,,,,,,,,,,,,,,,,,,,,,,,,,,,,,
2020-02-06 16:54:00,170.75,170.75,170.7,170.7,3255.0,-0.25,0,-1265.0,0,,,,,,,,,,,,,,,,,,,,,,,,,,,,,
2020-02-06 16:55:00,170.65,170.7,170.65,170.7,7334.0,-0.05000000000001137,0,4079.0,1,,,,,,,,,,,,,,,,,,,,,,,,,,,,,
2020-02-06 16:56:00,170.75,170.85,170.75,170.85,4472.0,0.19999999999998866,1,-2862.0,0,,,,,,,,,,,,,,,,,,,,,,,,,,,,,
2020-02-06 16:57:00,170.75,170.8,170.7,170.8,2830.0,0.05000000000001137,1,-1642.0,0,,,,,,,,,,,,,,,,,,,,,,,,,,,,,
2020-02-06 16:58:00,170.75,170.8,170.75,170.8,1468.0,0.05000000000001137,1,-1362.0,0,,,,,,,,,,,,,,,,,,,,,,,,,,,,,
2020-02-06 16:59:00,170.75,170.75,170.6,170.65,3401.0,-0.09999999999999433,0,1933.0,1,,,,,,,,,,,,,,,,,,,,,,,,,,,,,
2020-02-06 17:00:00,170.65,170.65,170.65,170.65,377.0,-0.09999999999999433,0,-3024.0,0,,,,,,,,,,,,,,,,,,,,,,,,,,,,,
2020-02-06 17:01:00,170.6,170.6,170.6,170.6,2337.0,-0.05000000000001137,0,1960.0,1,,,,,,,,,,,,,,,,,,,,,,,,,,,,,
2020-02-06 17:02:00,170.6,170.75,170.6,170.75,3406.0,0.15000000000000568,1,1069.0,1,,,,,,,,,,,,,,,,,,,,,,,,,,,,,
2020-02-06 17:03:00,170.8,170.8,170.8,170.8,1070.0,0.20000000000001705,1,-2336.0,0,,,,,,,,,,,,,,,,,,,,,,,,,,,,,
2020-02-06 17:04:00,170.75,170.85,170.75,170.85,6485.0,0.04999999999998295,1,5415.0,1,,,,,,,,,,,,,,,,,,,,,,,,,,,,,
2020-02-06 17:05:00,170.85,170.85,170.8,170.85,3588.0,0.09999999999999433,1,-2897.0,0,,,,,,,,,,,,,,,,,,,,,,,,,,,,,
2020-02-06 17:06:00,170.85,170.9,170.8,170.8,2670.0,-0.04999999999998295,0,-918.0,0,,,,,,,,,,,,,,,,,,,,,,,,,,,,,
2020-02-06 17:07:00,170.8,170.8,170.75,170.75,11396.0,-0.09999999999999433,0,8726.0,1,,,,,,,,,,,,,,,,,,,,,,,,,,,,,
2020-02-06 17:08:00,170.7,170.75,170.7,170.75,574.0,-0.05000000000001137,0,-10822.0,0,,,,,,,,,,,,,,,,,,,,,,,,,,,,,
2020-02-06 17:09:00,170.75,170.8,170.75,170.75,7292.0,0.05000000000001137,1,6718.0,1,,,,,,,,,,,,,,,,,,,,,,,,,,,,,
2020-02-06 17:10:00,170.75,170.75,170.7,170.7,3431.0,-0.05000000000001137,0,-3861.0,0,,,,,,,,,,,,,,,,,,,,,,,,,,,,,
2020-02-06 17:11:00,170.75,170.8,170.75,170.8,4464.0,0.05000000000001137,1,1033.0,1,,,,,,,,,,,,,,,,,,,,,,,,,,,,,
2020-02-06 17:12:00,170.8,170.85,170.8,170.85,3967.0,0.09999999999999433,1,-497.0,0,,,,,,,,,,,,,,,,,,,,,,,,,,,,,
2020-02-06 17:13:00,170.8,170.85,170.75,170.75,4695.0,-0.05000000000001137,0,728.0,1,,,,,,,,,,,,,,,,,,,,,,,,,,,,,
2020-02-06 17:14:00,170.75,170.75,170.7,170.75,2456.0,-0.05000000000001137,0,-2239.0,0,,,,,,,,,,,,,,,,,,,,,,,,,,,,,
2020-02-06 17:15:00,170.75,170.75,170.75,170.75,2948.0,0.0,0,492.0,1,,,,,,,,,,,,,,,,,,,,,,,,,,,,,
2020-02-06 17:16:00,170.75,170.75,170.7,170.7,3994.0,-0.05000000000001137,0,1046.0,1,,,,,,,,,,,,,,,,,,,,,,,,,,,,,
2020-02-06 17:17:00,170.7,170.7,170.65,170.7,4827.0,-0.05000000000001137,0,833.0,1,,,,,,,,,,,,,,,,,,,,,,,,,,,,,
2020-02-06 17:18:00,170.65,170.75,170.6,170.75,16045.0,0.05000000000001137,1,11218.0,1,,,,,,,,,,,,,,,,,,,,,,,,,,,,,
2020-02-06 17:19:00,170.7,170.7,170.7,170.7,2364.0,0.04999999999998295,1,-13681.0,0,,,,,,,,,,,,,,,,,,,,,,,,,,,,,
2020-02-06 17:20:00,170.7,170.75,170.7,170.7,4503.0,0.0,0,2139.0,1,,,,,,,,,,,,,,,,,,,,,,,,,,,,,
2020-02-06 17:21:00,170.65,170.7,170.6,170.7,3222.0,0.0,0,-1281.0,0,,,,,,,,,,,,,,,,,,,,,,,,,,,,,
2020-02-06 17:22:00,170.65,170.65,170.55,170.55,7071.0,-0.09999999999999433,0,3849.0,1,,,,,,,,,,,,,,,,,,,,,,,,,,,,,
2020-02-06 17:23:00,170.55,170.55,170.55,170.55,5505.0,-0.09999999999999433,0,-1566.0,0,,,,,,,,,,,,,,,,,,,,,,,,,,,,,
2020-02-06 17:24:00,170.55,170.55,170.5,170.5,5584.0,-0.05000000000001137,0,79.0,1,,,,,,,,,,,,,,,,,,,,,,,,,,,,,
2020-02-06 17:25:00,170.5,170.6,170.5,170.6,22477.0,0.04999999999998295,1,16893.0,1,,,,,,,,,,,,,,,,,,,,,,,,,,,,,
2020-02-06 17:30:00,170.45,170.45,170.45,170.45,1220735.0,-0.05000000000001137,0,1198258.0,1,,,,,,,,,,,,,,,,,,,,,,,,,,,,,
