Date,OPEN,HIGH,LOW,CLOSE,VOLUME,return,return_one_hot_encoded,volume_difference,volume_one_hot_encoded,url,header,release time,article content,formatteddate,flair_sentiment_header,flair_sentiment_content,neg_vader_header,neu_vader_header,pos_vader_header,compound_vader_header,neg_vader_articel_content,neu_vader_articel_content,pos_vader_articel_content,compound_vader_articel_content,polarity_textblob_sentiment_header,subjectivity_textblob_sentiment_header,polarity_textblob_sentiment_content,subjectivity_textblob_sentiment_content
2019-10-17 09:01:00,139.25,140.6,139.25,140.6,71878.0,0.0,0,0.0,0,,,,,,,,,,,,,,,,,,,
2019-10-17 09:02:00,140.3,140.7,140.3,140.5,26821.0,1.25,1,-45057.0,0,,,,,,,,,,,,,,,,,,,
2019-10-17 09:03:00,140.7,140.75,140.2,140.2,14724.0,-0.10000000000002274,0,-12097.0,0,,,,,,,,,,,,,,,,,,,
2019-10-17 09:04:00,140.1,140.1,140.0,140.0,2233.0,-0.6999999999999886,0,-12491.0,0,,,,,,,,,,,,,,,,,,,
2019-10-17 09:05:00,140.0,140.0,139.7,139.95,35537.0,-0.15000000000000568,0,33304.0,1,,,,,,,,,,,,,,,,,,,
2019-10-17 09:06:00,139.85,139.9,139.65,139.7,21539.0,-0.30000000000001137,0,-13998.0,0,,,,,,,,,,,,,,,,,,,
2019-10-17 09:07:00,139.75,139.9,139.6,139.9,22633.0,0.05000000000001137,1,1094.0,1,,,,,,,,,,,,,,,,,,,
2019-10-17 09:08:00,139.85,140.0,139.7,139.8,59197.0,0.05000000000001137,1,36564.0,1,,,,,,,,,,,,,,,,,,,
2019-10-17 09:09:00,139.75,139.8,139.6,139.8,19925.0,-0.04999999999998295,0,-39272.0,0,,,,,,,,,,,,,,,,,,,
2019-10-17 09:10:00,139.8,139.8,139.6,139.8,61773.0,0.05000000000001137,1,41848.0,1,,,,,,,,,,,,,,,,,,,
2019-10-17 09:11:00,139.75,139.8,139.5,139.55,31762.0,-0.25,0,-30011.0,0,,,,,,,,,,,,,,,,,,,
2019-10-17 09:12:00,139.65,139.75,139.65,139.75,21365.0,0.0,0,-10397.0,0,,,,,,,,,,,,,,,,,,,
2019-10-17 09:13:00,139.7,139.7,139.5,139.55,13851.0,-0.09999999999999433,0,-7514.0,0,,,,,,,,,,,,,,,,,,,
2019-10-17 09:14:00,139.55,139.6,139.45,139.55,10877.0,-0.14999999999997726,0,-2974.0,0,,,,,,,,,,,,,,,,,,,
2019-10-17 09:15:00,139.55,139.55,139.4,139.45,8824.0,-0.10000000000002274,0,-2053.0,0,,,,,,,,,,,,,,,,,,,
2019-10-17 09:16:00,139.45,139.5,139.4,139.45,6825.0,-0.10000000000002274,0,-1999.0,0,,,,,,,,,,,,,,,,,,,
2019-10-17 09:17:00,139.45,139.55,139.45,139.55,7130.0,0.10000000000002274,1,305.0,1,,,,,,,,,,,,,,,,,,,
2019-10-17 09:18:00,139.55,139.6,139.55,139.55,3068.0,0.10000000000002274,1,-4062.0,0,,,,,,,,,,,,,,,,,,,
2019-10-17 09:19:00,139.65,139.7,139.65,139.65,2648.0,0.09999999999999433,1,-420.0,0,,,,,,,,,,,,,,,,,,,
2019-10-17 09:20:00,139.7,139.75,139.7,139.7,39472.0,0.04999999999998295,1,36824.0,1,,,,,,,,,,,,,,,,,,,
2019-10-17 09:21:00,139.7,139.75,139.7,139.7,9043.0,0.0,0,-30429.0,0,,,,,,,,,,,,,,,,,,,
2019-10-17 09:22:00,139.7,139.95,139.7,139.9,3032.0,0.20000000000001705,1,-6011.0,0,,,,,,,,,,,,,,,,,,,
2019-10-17 09:23:00,139.9,139.95,139.85,139.85,9445.0,0.15000000000000568,1,6413.0,1,,,,,,,,,,,,,,,,,,,
2019-10-17 09:24:00,139.8,139.8,139.7,139.75,15150.0,-0.15000000000000568,0,5705.0,1,,,,,,,,,,,,,,,,,,,
2019-10-17 09:25:00,139.75,139.85,139.75,139.75,9727.0,-0.05000000000001137,0,-5423.0,0,,,,,,,,,,,,,,,,,,,
2019-10-17 09:26:00,139.8,139.8,139.75,139.75,2884.0,0.0,0,-6843.0,0,,,,,,,,,,,,,,,,,,,
2019-10-17 09:27:00,139.7,139.75,139.65,139.75,5527.0,-0.05000000000001137,0,2643.0,1,,,,,,,,,,,,,,,,,,,
2019-10-17 09:28:00,139.75,139.75,139.65,139.65,8109.0,-0.04999999999998295,0,2582.0,1,,,,,,,,,,,,,,,,,,,
2019-10-17 09:29:00,139.65,139.7,139.6,139.65,3048.0,-0.09999999999999433,0,-5061.0,0,,,,,,,,,,,,,,,,,,,
2019-10-17 09:30:00,139.7,139.7,139.7,139.7,991.0,0.04999999999998295,1,-2057.0,0,,,,,,,,,,,,,,,,,,,
2019-10-17 09:31:00,139.7,139.9,139.7,139.8,28017.0,0.10000000000002274,1,27026.0,1,,,,,,,,,,,,,,,,,,,
2019-10-17 09:32:00,139.8,139.85,139.8,139.85,12156.0,0.15000000000000568,1,-15861.0,0,,,,,,,,,,,,,,,,,,,
2019-10-17 09:33:00,139.85,139.85,139.8,139.8,9853.0,0.0,0,-2303.0,0,,,,,,,,,,,,,,,,,,,
2019-10-17 09:34:00,139.85,139.85,139.75,139.8,4275.0,-0.04999999999998295,0,-5578.0,0,,,,,,,,,,,,,,,,,,,
2019-10-17 09:35:00,139.8,139.8,139.7,139.75,5821.0,-0.09999999999999433,0,1546.0,1,,,,,,,,,,,,,,,,,,,
2019-10-17 09:36:00,139.8,139.9,139.8,139.9,13203.0,0.09999999999999433,1,7382.0,1,,,,,,,,,,,,,,,,,,,
2019-10-17 09:37:00,139.85,139.9,139.8,139.9,3940.0,0.09999999999999433,1,-9263.0,0,,,,,,,,,,,,,,,,,,,
2019-10-17 09:38:00,139.9,139.9,139.85,139.85,5683.0,0.0,0,1743.0,1,,,,,,,,,,,,,,,,,,,
2019-10-17 09:39:00,139.85,139.95,139.85,139.95,11634.0,0.04999999999998295,1,5951.0,1,,,,,,,,,,,,,,,,,,,
2019-10-17 09:40:00,139.95,139.95,139.9,139.9,3070.0,0.05000000000001137,1,-8564.0,0,,,,,,,,,,,,,,,,,,,
2019-10-17 09:41:00,140.0,140.2,140.0,140.2,17460.0,0.25,1,14390.0,1,,,,,,,,,,,,,,,,,,,
2019-10-17 09:42:00,140.2,140.2,140.15,140.15,37222.0,0.15000000000000568,1,19762.0,1,,,,,,,,,,,,,,,,,,,
2019-10-17 09:43:00,140.15,140.2,140.15,140.2,16648.0,0.0,0,-20574.0,0,,,,,,,,,,,,,,,,,,,
2019-10-17 09:44:00,140.2,140.3,140.15,140.3,21879.0,0.15000000000000568,1,5231.0,1,,,,,,,,,,,,,,,,,,,
2019-10-17 09:46:00,140.3,140.3,140.25,140.25,7281.0,0.05000000000001137,1,-14598.0,0,,,,,,,,,,,,,,,,,,,
2019-10-17 09:47:00,140.15,140.2,140.15,140.2,1885.0,-0.10000000000002274,0,-5396.0,0,,,,,,,,,,,,,,,,,,,
2019-10-17 09:48:00,140.25,140.25,140.25,140.25,224.0,0.09999999999999433,1,-1661.0,0,,,,,,,,,,,,,,,,,,,
2019-10-17 09:49:00,140.2,140.2,140.2,140.2,3460.0,-0.05000000000001137,0,3236.0,1,,,,,,,,,,,,,,,,,,,
2019-10-17 09:50:00,140.2,140.2,140.2,140.2,1441.0,0.0,0,-2019.0,0,,,,,,,,,,,,,,,,,,,
2019-10-17 09:51:00,140.2,140.3,140.2,140.3,5368.0,0.10000000000002274,1,3927.0,1,,,,,,,,,,,,,,,,,,,
2019-10-17 09:52:00,140.3,140.3,140.3,140.3,14034.0,0.10000000000002274,1,8666.0,1,,,,,,,,,,,,,,,,,,,
2019-10-17 09:53:00,140.3,140.3,140.3,140.3,11203.0,0.0,0,-2831.0,0,,,,,,,,,,,,,,,,,,,
2019-10-17 09:54:00,140.25,140.25,140.2,140.25,10532.0,-0.05000000000001137,0,-671.0,0,,,,,,,,,,,,,,,,,,,
2019-10-17 09:55:00,140.2,140.3,140.2,140.3,18296.0,0.05000000000001137,1,7764.0,1,,,,,,,,,,,,,,,,,,,
2019-10-17 09:56:00,140.3,140.3,140.3,140.3,4766.0,0.10000000000002274,1,-13530.0,0,,,,,,,,,,,,,,,,,,,
2019-10-17 09:57:00,140.3,140.3,140.25,140.3,19598.0,0.0,0,14832.0,1,,,,,,,,,,,,,,,,,,,
2019-10-17 09:58:00,140.3,140.3,140.25,140.25,20566.0,-0.05000000000001137,0,968.0,1,,,,,,,,,,,,,,,,,,,
2019-10-17 09:59:00,140.25,140.3,140.25,140.3,6825.0,0.0,0,-13741.0,0,,,,,,,,,,,,,,,,,,,
2019-10-17 10:00:00,140.3,140.3,140.25,140.3,6205.0,0.05000000000001137,1,-620.0,0,,,,,,,,,,,,,,,,,,,
2019-10-17 10:01:00,140.3,140.3,140.3,140.3,27001.0,0.0,0,20796.0,1,,,,,,,,,,,,,,,,,,,
2019-10-17 10:02:00,140.3,140.6,140.3,140.6,38726.0,0.2999999999999829,1,11725.0,1,,,,,,,,,,,,,,,,,,,
2019-10-17 10:03:00,140.55,140.6,140.5,140.55,5690.0,0.25,1,-33036.0,0,,,,,,,,,,,,,,,,,,,
2019-10-17 10:04:00,140.55,140.55,140.45,140.5,7880.0,-0.05000000000001137,0,2190.0,1,,,,,,,,,,,,,,,,,,,
2019-10-17 10:05:00,140.45,140.5,140.45,140.45,3886.0,-0.10000000000002274,0,-3994.0,0,,,,,,,,,,,,,,,,,,,
2019-10-17 10:06:00,140.45,140.5,140.45,140.5,39658.0,0.05000000000001137,1,35772.0,1,,,,,,,,,,,,,,,,,,,
2019-10-17 10:07:00,140.5,140.5,140.45,140.5,33280.0,0.05000000000001137,1,-6378.0,0,,,,,,,,,,,,,,,,,,,
2019-10-17 10:08:00,140.45,140.45,140.45,140.45,1825.0,-0.05000000000001137,0,-31455.0,0,,,,,,,,,,,,,,,,,,,
2019-10-17 10:09:00,140.45,140.45,140.45,140.45,4992.0,0.0,0,3167.0,1,,,,,,,,,,,,,,,,,,,
2019-10-17 10:10:00,140.45,140.45,140.45,140.45,5867.0,0.0,0,875.0,1,,,,,,,,,,,,,,,,,,,
2019-10-17 10:11:00,140.45,140.5,140.45,140.5,8810.0,0.05000000000001137,1,2943.0,1,,,,,,,,,,,,,,,,,,,
2019-10-17 10:12:00,140.5,140.55,140.5,140.55,19608.0,0.10000000000002274,1,10798.0,1,,,,,,,,,,,,,,,,,,,
2019-10-17 10:13:00,140.6,140.6,140.6,140.6,39076.0,0.09999999999999433,1,19468.0,1,,,,,,,,,,,,,,,,,,,
2019-10-17 10:14:00,140.6,140.6,140.6,140.6,4154.0,0.0,0,-34922.0,0,,,,,,,,,,,,,,,,,,,
2019-10-17 10:15:00,140.6,140.6,140.6,140.6,5968.0,0.0,0,1814.0,1,,,,,,,,,,,,,,,,,,,
2019-10-17 10:16:00,140.6,140.6,140.6,140.6,5022.0,0.0,0,-946.0,0,,,,,,,,,,,,,,,,,,,
2019-10-17 10:17:00,140.6,140.6,140.55,140.6,6221.0,0.0,0,1199.0,1,,,,,,,,,,,,,,,,,,,
2019-10-17 10:18:00,140.55,140.55,140.55,140.55,6053.0,-0.04999999999998295,0,-168.0,0,,,,,,,,,,,,,,,,,,,
2019-10-17 10:19:00,140.6,140.65,140.6,140.65,3727.0,0.09999999999999433,1,-2326.0,0,,,,,,,,,,,,,,,,,,,
2019-10-17 10:20:00,140.7,140.7,140.65,140.65,2926.0,0.05000000000001137,1,-801.0,0,,,,,,,,,,,,,,,,,,,
2019-10-17 10:21:00,140.7,140.7,140.65,140.65,11469.0,-0.04999999999998295,0,8543.0,1,,,,,,,,,,,,,,,,,,,
2019-10-17 10:22:00,140.6,140.6,140.6,140.6,8285.0,-0.09999999999999433,0,-3184.0,0,,,,,,,,,,,,,,,,,,,
2019-10-17 10:23:00,140.65,140.65,140.6,140.6,728.0,0.0,0,-7557.0,0,,,,,,,,,,,,,,,,,,,
2019-10-17 10:24:00,140.6,140.6,140.5,140.5,9726.0,-0.15000000000000568,0,8998.0,1,,,,,,,,,,,,,,,,,,,
2019-10-17 10:25:00,140.55,140.6,140.55,140.6,4655.0,0.0,0,-5071.0,0,,,,,,,,,,,,,,,,,,,
2019-10-17 10:26:00,140.6,140.6,140.55,140.55,5521.0,0.0,0,866.0,1,,,,,,,,,,,,,,,,,,,
2019-10-17 10:27:00,140.55,140.6,140.55,140.6,5628.0,0.0,0,107.0,1,,,,,,,,,,,,,,,,,,,
2019-10-17 10:28:00,140.55,140.55,140.45,140.45,12029.0,-0.10000000000002274,0,6401.0,1,,,,,,,,,,,,,,,,,,,
2019-10-17 10:29:00,140.5,140.5,140.45,140.45,3698.0,-0.10000000000002274,0,-8331.0,0,,,,,,,,,,,,,,,,,,,
2019-10-17 10:30:00,140.5,140.5,140.5,140.5,5136.0,0.0,0,1438.0,1,,,,,,,,,,,,,,,,,,,
2019-10-17 10:31:00,140.45,140.5,140.4,140.5,6767.0,0.0,0,1631.0,1,,,,,,,,,,,,,,,,,,,
2019-10-17 10:32:00,140.5,140.5,140.5,140.5,5805.0,0.05000000000001137,1,-962.0,0,,,,,,,,,,,,,,,,,,,
2019-10-17 10:33:00,140.5,140.5,140.5,140.5,3622.0,0.0,0,-2183.0,0,,,,,,,,,,,,,,,,,,,
2019-10-17 10:34:00,140.5,140.55,140.5,140.55,16539.0,0.05000000000001137,1,12917.0,1,,,,,,,,,,,,,,,,,,,
2019-10-17 10:35:00,140.6,140.6,140.6,140.6,9953.0,0.09999999999999433,1,-6586.0,0,,,,,,,,,,,,,,,,,,,
2019-10-17 10:36:00,140.6,140.75,140.6,140.75,23665.0,0.15000000000000568,1,13712.0,1,,,,,,,,,,,,,,,,,,,
2019-10-17 10:37:00,140.75,140.75,140.75,140.75,975.0,0.15000000000000568,1,-22690.0,0,,,,,,,,,,,,,,,,,,,
2019-10-17 10:38:00,140.7,140.8,140.7,140.8,15980.0,0.05000000000001137,1,15005.0,1,,,,,,,,,,,,,,,,,,,
2019-10-17 10:39:00,140.8,140.8,140.8,140.8,25476.0,0.10000000000002274,1,9496.0,1,,,,,,,,,,,,,,,,,,,
2019-10-17 10:40:00,140.8,141.05,140.8,141.05,45339.0,0.25,1,19863.0,1,,,,,,,,,,,,,,,,,,,
2019-10-17 10:41:00,141.05,141.15,141.05,141.1,8026.0,0.2999999999999829,1,-37313.0,0,,,,,,,,,,,,,,,,,,,
2019-10-17 10:42:00,141.1,141.15,141.1,141.15,8691.0,0.09999999999999433,1,665.0,1,,,,,,,,,,,,,,,,,,,
2019-10-17 10:43:00,141.2,141.25,141.2,141.2,12146.0,0.09999999999999433,1,3455.0,1,,,,,,,,,,,,,,,,,,,
2019-10-17 10:44:00,141.2,141.2,140.95,141.05,14925.0,-0.14999999999997726,0,2779.0,1,,,,,,,,,,,,,,,,,,,
2019-10-17 10:45:00,141.0,141.05,140.95,141.0,7000.0,-0.19999999999998866,0,-7925.0,0,,,,,,,,,,,,,,,,,,,
2019-10-17 10:46:00,141.0,141.0,140.85,140.85,9028.0,-0.15000000000000568,0,2028.0,1,,,,,,,,,,,,,,,,,,,
2019-10-17 10:47:00,140.9,140.9,140.9,140.9,1292.0,-0.09999999999999433,0,-7736.0,0,,,,,,,,,,,,,,,,,,,
2019-10-17 10:48:00,140.9,140.9,140.9,140.9,8491.0,0.0,0,7199.0,1,,,,,,,,,,,,,,,,,,,
2019-10-17 10:49:00,140.85,140.85,140.85,140.85,1245.0,-0.05000000000001137,0,-7246.0,0,,,,,,,,,,,,,,,,,,,
2019-10-17 10:50:00,140.9,140.95,140.9,140.9,12075.0,0.05000000000001137,1,10830.0,1,,,,,,,,,,,,,,,,,,,
2019-10-17 10:51:00,140.95,141.0,140.9,140.9,6317.0,0.0,0,-5758.0,0,,,,,,,,,,,,,,,,,,,
2019-10-17 10:52:00,140.85,140.95,140.85,140.95,3990.0,0.0,0,-2327.0,0,,,,,,,,,,,,,,,,,,,
2019-10-17 10:53:00,140.9,140.9,140.9,140.9,3481.0,0.05000000000001137,1,-509.0,0,,,,,,,,,,,,,,,,,,,
2019-10-17 10:54:00,140.85,140.9,140.85,140.9,1074.0,0.0,0,-2407.0,0,,,,,,,,,,,,,,,,,,,
2019-10-17 10:55:00,140.85,140.85,140.7,140.75,9001.0,-0.09999999999999433,0,7927.0,1,,,,,,,,,,,,,,,,,,,
2019-10-17 10:56:00,140.75,140.75,140.65,140.65,1727.0,-0.19999999999998866,0,-7274.0,0,,,,,,,,,,,,,,,,,,,
2019-10-17 10:57:00,140.65,140.65,140.55,140.65,3106.0,-0.09999999999999433,0,1379.0,1,,,,,,,,,,,,,,,,,,,
2019-10-17 10:58:00,140.65,140.65,140.55,140.55,1922.0,-0.09999999999999433,0,-1184.0,0,,,,,,,,,,,,,,,,,,,
2019-10-17 10:59:00,140.55,140.65,140.55,140.65,6201.0,0.0,0,4279.0,1,,,,,,,,,,,,,,,,,,,
2019-10-17 11:00:00,140.55,140.6,140.5,140.5,32382.0,-0.05000000000001137,0,26181.0,1,,,,,,,,,,,,,,,,,,,
2019-10-17 11:01:00,140.5,140.5,140.35,140.4,11520.0,-0.15000000000000568,0,-20862.0,0,,,,,,,,,,,,,,,,,,,
2019-10-17 11:02:00,140.45,140.45,140.35,140.45,8803.0,-0.05000000000001137,0,-2717.0,0,,,,,,,,,,,,,,,,,,,
2019-10-17 11:03:00,140.45,140.5,140.45,140.5,4220.0,0.05000000000001137,1,-4583.0,0,,,,,,,,,,,,,,,,,,,
2019-10-17 11:04:00,140.5,140.55,140.5,140.55,1168.0,0.10000000000002274,1,-3052.0,0,,,,,,,,,,,,,,,,,,,
2019-10-17 11:05:00,140.5,140.5,140.4,140.45,18781.0,-0.05000000000001137,0,17613.0,1,,,,,,,,,,,,,,,,,,,
2019-10-17 11:06:00,140.55,140.65,140.55,140.65,3458.0,0.15000000000000568,1,-15323.0,0,,,,,,,,,,,,,,,,,,,
2019-10-17 11:07:00,140.6,140.65,140.55,140.6,11543.0,0.04999999999998295,1,8085.0,1,,,,,,,,,,,,,,,,,,,
2019-10-17 11:08:00,140.6,140.6,140.6,140.6,2100.0,0.0,0,-9443.0,0,,,,,,,,,,,,,,,,,,,
2019-10-17 11:09:00,140.5,140.55,140.4,140.55,6638.0,-0.04999999999998295,0,4538.0,1,,,,,,,,,,,,,,,,,,,
2019-10-17 11:10:00,140.55,140.55,140.55,140.55,863.0,0.05000000000001137,1,-5775.0,0,,,,,,,,,,,,,,,,,,,
2019-10-17 11:11:00,140.5,140.55,140.5,140.5,4251.0,-0.05000000000001137,0,3388.0,1,,,,,,,,,,,,,,,,,,,
2019-10-17 11:12:00,140.55,140.55,140.55,140.55,406.0,0.05000000000001137,1,-3845.0,0,,,,,,,,,,,,,,,,,,,
2019-10-17 11:13:00,140.55,140.55,140.5,140.5,705.0,-0.05000000000001137,0,299.0,1,,,,,,,,,,,,,,,,,,,
2019-10-17 11:14:00,140.5,140.5,140.45,140.45,2182.0,-0.10000000000002274,0,1477.0,1,,,,,,,,,,,,,,,,,,,
2019-10-17 11:15:00,140.4,140.55,140.4,140.55,4210.0,0.05000000000001137,1,2028.0,1,,,,,,,,,,,,,,,,,,,
2019-10-17 11:16:00,140.5,140.5,140.45,140.45,2383.0,0.04999999999998295,1,-1827.0,0,,,,,,,,,,,,,,,,,,,
2019-10-17 11:17:00,140.4,140.4,140.4,140.4,2727.0,-0.09999999999999433,0,344.0,1,,,,,,,,,,,,,,,,,,,
2019-10-17 11:18:00,140.35,140.35,140.3,140.3,8066.0,-0.09999999999999433,0,5339.0,1,,,,,,,,,,,,,,,,,,,
2019-10-17 11:19:00,140.35,140.35,140.3,140.3,884.0,-0.04999999999998295,0,-7182.0,0,,,,,,,,,,,,,,,,,,,
2019-10-17 11:20:00,140.4,140.4,140.3,140.4,7654.0,0.05000000000001137,1,6770.0,1,,,,,,,,,,,,,,,,,,,
2019-10-17 11:21:00,140.45,140.45,140.35,140.35,663.0,-0.05000000000001137,0,-6991.0,0,,,,,,,,,,,,,,,,,,,
2019-10-17 11:22:00,140.35,140.35,140.35,140.35,2236.0,-0.09999999999999433,0,1573.0,1,,,,,,,,,,,,,,,,,,,
2019-10-17 11:23:00,140.4,140.4,140.35,140.35,3884.0,0.0,0,1648.0,1,,,,,,,,,,,,,,,,,,,
2019-10-17 11:24:00,140.3,140.3,140.3,140.3,3856.0,-0.09999999999999433,0,-28.0,0,,,,,,,,,,,,,,,,,,,
2019-10-17 11:25:00,140.25,140.25,140.2,140.25,13065.0,-0.05000000000001137,0,9209.0,1,,,,,,,,,,,,,,,,,,,
2019-10-17 11:26:00,140.2,140.2,140.2,140.2,540.0,-0.05000000000001137,0,-12525.0,0,,,,,,,,,,,,,,,,,,,
2019-10-17 11:27:00,140.2,140.3,140.15,140.25,15019.0,0.05000000000001137,1,14479.0,1,,,,,,,,,,,,,,,,,,,
2019-10-17 11:28:00,140.2,140.3,140.15,140.25,44861.0,0.05000000000001137,1,29842.0,1,,,,,,,,,,,,,,,,,,,
2019-10-17 11:29:00,140.3,140.4,140.3,140.3,57651.0,0.10000000000002274,1,12790.0,1,,,,,,,,,,,,,,,,,,,
2019-10-17 11:30:00,140.35,140.4,140.25,140.3,11688.0,0.0,0,-45963.0,0,,,,,,,,,,,,,,,,,,,
2019-10-17 11:31:00,140.3,140.3,140.15,140.15,27192.0,-0.19999999999998866,0,15504.0,1,,,,,,,,,,,,,,,,,,,
2019-10-17 11:32:00,140.2,140.55,140.15,140.55,99276.0,0.25,1,72084.0,1,,,,,,,,,,,,,,,,,,,
2019-10-17 11:33:00,140.6,140.65,140.55,140.55,7560.0,0.35000000000002274,1,-91716.0,0,,,,,,,,,,,,,,,,,,,
2019-10-17 11:34:00,140.75,140.85,140.65,140.7,17693.0,0.09999999999999433,1,10133.0,1,,,,,,,,,,,,,,,,,,,
2019-10-17 11:35:00,140.75,140.95,140.75,140.9,5059.0,0.15000000000000568,1,-12634.0,0,,,,,,,,,,,,,,,,,,,
2019-10-17 11:36:00,140.85,141.15,140.85,141.05,16071.0,0.30000000000001137,1,11012.0,1,,,,,,,,,,,,,,,,,,,
2019-10-17 11:37:00,141.15,141.15,140.9,141.05,35669.0,0.20000000000001705,1,19598.0,1,,,,,,,,,,,,,,,,,,,
2019-10-17 11:38:00,141.1,141.35,141.05,141.25,12449.0,0.09999999999999433,1,-23220.0,0,,,,,,,,,,,,,,,,,,,
2019-10-17 11:39:00,141.25,141.45,141.25,141.45,3028.0,0.3499999999999943,1,-9421.0,0,,,,,,,,,,,,,,,,,,,
2019-10-17 11:40:00,141.4,141.4,141.15,141.3,15216.0,0.05000000000001137,1,12188.0,1,,,,,,,,,,,,,,,,,,,
2019-10-17 11:41:00,141.3,141.35,140.95,140.95,27798.0,-0.45000000000001705,0,12582.0,1,,,,,,,,,,,,,,,,,,,
2019-10-17 11:42:00,140.95,141.15,140.9,141.15,6412.0,-0.15000000000000568,0,-21386.0,0,,,,,,,,,,,,,,,,,,,
2019-10-17 11:43:00,141.15,141.3,141.15,141.2,14231.0,0.25,1,7819.0,1,,,,,,,,,,,,,,,,,,,
2019-10-17 11:44:00,141.2,141.3,141.2,141.3,6616.0,0.15000000000000568,1,-7615.0,0,,,,,,,,,,,,,,,,,,,
2019-10-17 11:45:00,141.2,141.2,141.1,141.15,2935.0,-0.04999999999998295,0,-3681.0,0,,,,,,,,,,,,,,,,,,,
2019-10-17 11:46:00,141.1,141.15,141.0,141.0,13507.0,-0.19999999999998866,0,10572.0,1,,,,,,,,,,,,,,,,,,,
2019-10-17 11:47:00,141.05,141.1,141.05,141.1,12727.0,0.0,0,-780.0,0,,,,,,,,,,,,,,,,,,,
2019-10-17 11:48:00,141.0,141.05,140.85,140.85,3783.0,-0.20000000000001705,0,-8944.0,0,,,,,,,,,,,,,,,,,,,
2019-10-17 11:49:00,140.85,140.95,140.85,140.9,5059.0,-0.09999999999999433,0,1276.0,1,,,,,,,,,,,,,,,,,,,
2019-10-17 11:50:00,141.0,141.0,140.9,140.9,8778.0,0.05000000000001137,1,3719.0,1,,,,,,,,,,,,,,,,,,,
2019-10-17 11:51:00,140.95,141.05,140.9,140.9,7218.0,-0.09999999999999433,0,-1560.0,0,,,,,,,,,,,,,,,,,,,
2019-10-17 11:52:00,140.9,140.9,140.9,140.9,1483.0,-0.04999999999998295,0,-5735.0,0,,,,,,,,,,,,,,,,,,,
2019-10-17 11:53:00,140.95,140.95,140.9,140.9,3546.0,0.0,0,2063.0,1,,,,,,,,,,,,,,,,,,,
2019-10-17 11:54:00,140.9,141.0,140.9,140.9,1570.0,-0.04999999999998295,0,-1976.0,0,,,,,,,,,,,,,,,,,,,
2019-10-17 11:55:00,140.95,141.0,140.9,140.95,4371.0,0.04999999999998295,1,2801.0,1,,,,,,,,,,,,,,,,,,,
2019-10-17 11:56:00,141.0,141.0,140.9,140.9,7783.0,-0.04999999999998295,0,3412.0,1,,,,,,,,,,,,,,,,,,,
2019-10-17 11:57:00,140.95,140.95,140.85,140.85,257.0,-0.15000000000000568,0,-7526.0,0,,,,,,,,,,,,,,,,,,,
2019-10-17 11:58:00,140.85,140.85,140.8,140.85,3506.0,-0.09999999999999433,0,3249.0,1,,,,,,,,,,,,,,,,,,,
2019-10-17 11:59:00,140.85,140.85,140.75,140.75,927.0,-0.09999999999999433,0,-2579.0,0,,,,,,,,,,,,,,,,,,,
2019-10-17 12:00:00,140.75,140.75,140.65,140.65,7992.0,-0.19999999999998866,0,7065.0,1,,,,,,,,,,,,,,,,,,,
2019-10-17 12:01:00,140.7,140.75,140.7,140.7,9221.0,-0.05000000000001137,0,1229.0,1,,,,,,,,,,,,,,,,,,,
2019-10-17 12:02:00,140.65,140.65,140.5,140.5,10259.0,-0.19999999999998866,0,1038.0,1,,,,,,,,,,,,,,,,,,,
2019-10-17 12:03:00,140.6,140.6,140.55,140.55,1267.0,-0.09999999999999433,0,-8992.0,0,,,,,,,,,,,,,,,,,,,
2019-10-17 12:04:00,140.5,140.55,140.45,140.55,9801.0,-0.04999999999998295,0,8534.0,1,,,,,,,,,,,,,,,,,,,
2019-10-17 12:05:00,140.5,140.5,140.5,140.5,1798.0,0.0,0,-8003.0,0,,,,,,,,,,,,,,,,,,,
2019-10-17 12:06:00,140.5,140.5,140.5,140.5,1327.0,0.0,0,-471.0,0,,,,,,,,,,,,,,,,,,,
2019-10-17 12:07:00,140.5,140.65,140.5,140.65,4862.0,0.15000000000000568,1,3535.0,1,,,,,,,,,,,,,,,,,,,
2019-10-17 12:08:00,140.65,140.65,140.65,140.65,1113.0,0.15000000000000568,1,-3749.0,0,,,,,,,,,,,,,,,,,,,
2019-10-17 12:11:00,140.7,140.7,140.65,140.65,5201.0,0.0,0,4088.0,1,,,,,,,,,,,,,,,,,,,
2019-10-17 12:12:00,140.65,140.65,140.6,140.6,3390.0,-0.09999999999999433,0,-1811.0,0,,,,,,,,,,,,,,,,,,,
2019-10-17 12:13:00,140.55,140.6,140.45,140.5,10618.0,-0.15000000000000568,0,7228.0,1,,,,,,,,,,,,,,,,,,,
2019-10-17 12:14:00,140.5,140.6,140.5,140.6,6255.0,0.04999999999998295,1,-4363.0,0,,,,,,,,,,,,,,,,,,,
2019-10-17 12:15:00,140.6,140.65,140.6,140.65,3011.0,0.15000000000000568,1,-3244.0,0,,,,,,,,,,,,,,,,,,,
2019-10-17 12:16:00,140.6,140.65,140.6,140.6,5345.0,0.0,0,2334.0,1,,,,,,,,,,,,,,,,,,,
2019-10-17 12:17:00,140.55,140.55,140.5,140.5,4657.0,-0.09999999999999433,0,-688.0,0,,,,,,,,,,,,,,,,,,,
2019-10-17 12:18:00,140.45,140.55,140.45,140.45,8728.0,-0.10000000000002274,0,4071.0,1,,,,,,,,,,,,,,,,,,,
2019-10-17 12:19:00,140.5,140.55,140.5,140.5,3389.0,0.05000000000001137,1,-5339.0,0,,,,,,,,,,,,,,,,,,,
2019-10-17 12:20:00,140.45,140.45,140.45,140.45,1095.0,-0.05000000000001137,0,-2294.0,0,,,,,,,,,,,,,,,,,,,
2019-10-17 12:21:00,140.45,140.45,140.35,140.4,10639.0,-0.04999999999998295,0,9544.0,1,,,,,,,,,,,,,,,,,,,
2019-10-17 12:22:00,140.4,140.4,140.35,140.35,905.0,-0.09999999999999433,0,-9734.0,0,,,,,,,,,,,,,,,,,,,
2019-10-17 12:23:00,140.3,140.3,140.3,140.3,6006.0,-0.09999999999999433,0,5101.0,1,,,,,,,,,,,,,,,,,,,
2019-10-17 12:24:00,140.3,140.4,140.3,140.3,4371.0,0.0,0,-1635.0,0,,,,,,,,,,,,,,,,,,,
2019-10-17 12:25:00,140.3,140.3,140.2,140.25,5171.0,-0.05000000000001137,0,800.0,1,,,,,,,,,,,,,,,,,,,
2019-10-17 12:26:00,140.35,140.5,140.35,140.5,1504.0,0.19999999999998866,1,-3667.0,0,,,,,,,,,,,,,,,,,,,
2019-10-17 12:27:00,140.4,140.5,140.4,140.4,4718.0,0.05000000000001137,1,3214.0,1,,,,,,,,,,,,,,,,,,,
2019-10-17 12:28:00,140.4,140.4,140.35,140.4,3388.0,0.0,0,-1330.0,0,,,,,,,,,,,,,,,,,,,
2019-10-17 12:29:00,140.4,140.45,140.35,140.45,3591.0,0.04999999999998295,1,203.0,1,,,,,,,,,,,,,,,,,,,
2019-10-17 12:30:00,140.4,140.5,140.4,140.5,2556.0,0.09999999999999433,1,-1035.0,0,,,,,,,,,,,,,,,,,,,
2019-10-17 12:31:00,140.3,140.3,140.25,140.3,1628.0,-0.09999999999999433,0,-928.0,0,,,,,,,,,,,,,,,,,,,
2019-10-17 12:32:00,140.25,140.35,140.25,140.35,619.0,0.04999999999998295,1,-1009.0,0,,,,,,,,,,,,,,,,,,,
2019-10-17 12:33:00,140.35,140.35,140.35,140.35,113.0,0.09999999999999433,1,-506.0,0,,,,,,,,,,,,,,,,,,,
2019-10-17 12:34:00,140.25,140.4,140.25,140.4,2537.0,0.05000000000001137,1,2424.0,1,,,,,,,,,,,,,,,,,,,
2019-10-17 12:35:00,140.35,140.35,140.35,140.35,20.0,0.09999999999999433,1,-2517.0,0,,,,,,,,,,,,,,,,,,,
2019-10-17 12:37:00,140.4,140.45,140.4,140.4,3367.0,0.05000000000001137,1,3347.0,1,,,,,,,,,,,,,,,,,,,
2019-10-17 12:38:00,140.35,140.45,140.35,140.45,5700.0,0.04999999999998295,1,2333.0,1,,,,,,,,,,,,,,,,,,,
2019-10-17 12:39:00,140.35,140.5,140.35,140.5,6325.0,0.15000000000000568,1,625.0,1,,,,,,,,,,,,,,,,,,,
2019-10-17 12:40:00,140.5,140.5,140.45,140.45,1988.0,0.09999999999999433,1,-4337.0,0,,,,,,,,,,,,,,,,,,,
2019-10-17 12:41:00,140.45,140.45,140.45,140.45,1225.0,-0.05000000000001137,0,-763.0,0,,,,,,,,,,,,,,,,,,,
2019-10-17 12:42:00,140.45,140.45,140.45,140.45,1399.0,0.0,0,174.0,1,,,,,,,,,,,,,,,,,,,
2019-10-17 12:43:00,140.45,140.45,140.4,140.45,883.0,0.0,0,-516.0,0,,,,,,,,,,,,,,,,,,,
2019-10-17 12:44:00,140.4,140.4,140.4,140.4,19.0,-0.04999999999998295,0,-864.0,0,,,,,,,,,,,,,,,,,,,
2019-10-17 12:45:00,140.4,140.4,140.4,140.4,547.0,0.0,0,528.0,1,,,,,,,,,,,,,,,,,,,
2019-10-17 12:46:00,140.4,140.45,140.4,140.45,1727.0,0.04999999999998295,1,1180.0,1,,,,,,,,,,,,,,,,,,,
2019-10-17 12:47:00,140.4,140.45,140.4,140.45,2339.0,0.04999999999998295,1,612.0,1,,,,,,,,,,,,,,,,,,,
2019-10-17 12:48:00,140.45,140.45,140.4,140.4,3003.0,0.0,0,664.0,1,,,,,,,,,,,,,,,,,,,
2019-10-17 12:49:00,140.5,140.6,140.4,140.45,12125.0,0.0,0,9122.0,1,,,,,,,,,,,,,,,,,,,
2019-10-17 12:50:00,140.45,140.45,140.45,140.45,10.0,-0.05000000000001137,0,-12115.0,0,,,,,,,,,,,,,,,,,,,
2019-10-17 12:51:00,140.4,140.4,140.35,140.35,5093.0,-0.09999999999999433,0,5083.0,1,,,,,,,,,,,,,,,,,,,
2019-10-17 12:52:00,140.3,140.35,140.3,140.35,5505.0,-0.05000000000001137,0,412.0,1,,,,,,,,,,,,,,,,,,,
2019-10-17 12:53:00,140.35,140.35,140.3,140.35,3913.0,0.04999999999998295,1,-1592.0,0,,,,,,,,,,,,,,,,,,,
2019-10-17 12:55:00,140.4,140.4,140.4,140.4,1430.0,0.05000000000001137,1,-2483.0,0,,,,,,,,,,,,,,,,,,,
2019-10-17 12:56:00,140.4,140.4,140.35,140.35,691.0,-0.05000000000001137,0,-739.0,0,,,,,,,,,,,,,,,,,,,
2019-10-17 12:59:00,140.45,140.45,140.4,140.4,1780.0,0.0,0,1089.0,1,,,,,,,,,,,,,,,,,,,
2019-10-17 13:00:00,140.35,140.35,140.35,140.35,250.0,-0.09999999999999433,0,-1530.0,0,,,,,,,,,,,,,,,,,,,
2019-10-17 13:01:00,140.35,140.35,140.3,140.3,1117.0,-0.04999999999998295,0,867.0,1,,,,,,,,,,,,,,,,,,,
2019-10-17 13:02:00,140.35,140.35,140.25,140.25,3713.0,-0.09999999999999433,0,2596.0,1,,,,,,,,,,,,,,,,,,,
2019-10-17 13:03:00,140.25,140.25,140.25,140.25,3133.0,-0.09999999999999433,0,-580.0,0,,,,,,,,,,,,,,,,,,,
2019-10-17 13:04:00,140.25,140.25,140.25,140.25,235.0,0.0,0,-2898.0,0,,,,,,,,,,,,,,,,,,,
2019-10-17 13:05:00,140.25,140.25,140.15,140.15,10067.0,-0.09999999999999433,0,9832.0,1,,,,,,,,,,,,,,,,,,,
2019-10-17 13:06:00,140.15,140.2,140.1,140.1,12001.0,-0.15000000000000568,0,1934.0,1,,,,,,,,,,,,,,,,,,,
2019-10-17 13:07:00,140.05,140.05,140.0,140.0,11658.0,-0.15000000000000568,0,-343.0,0,,,,,,,,,,,,,,,,,,,
2019-10-17 13:08:00,139.95,140.0,139.95,140.0,4369.0,-0.05000000000001137,0,-7289.0,0,,,,,,,,,,,,,,,,,,,
2019-10-17 13:09:00,140.0,140.05,139.95,140.05,6434.0,0.10000000000002274,1,2065.0,1,,,,,,,,,,,,,,,,,,,
2019-10-17 13:10:00,140.0,140.0,140.0,140.0,2170.0,0.0,0,-4264.0,0,,,,,,,,,,,,,,,,,,,
2019-10-17 13:11:00,140.05,140.1,140.0,140.0,1265.0,0.0,0,-905.0,0,,,,,,,,,,,,,,,,,,,
2019-10-17 13:12:00,140.0,140.1,140.0,140.1,1351.0,0.04999999999998295,1,86.0,1,,,,,,,,,,,,,,,,,,,
2019-10-17 13:13:00,140.1,140.1,140.1,140.1,700.0,0.09999999999999433,1,-651.0,0,,,,,,,,,,,,,,,,,,,
2019-10-17 13:14:00,140.05,140.1,140.05,140.1,276.0,0.0,0,-424.0,0,,,,,,,,,,,,,,,,,,,
2019-10-17 13:15:00,140.15,140.25,140.15,140.25,918.0,0.19999999999998866,1,642.0,1,,,,,,,,,,,,,,,,,,,
2019-10-17 13:16:00,140.15,140.2,140.15,140.2,157.0,0.04999999999998295,1,-761.0,0,,,,,,,,,,,,,,,,,,,
2019-10-17 13:17:00,140.2,140.2,140.2,140.2,566.0,0.04999999999998295,1,409.0,1,,,,,,,,,,,,,,,,,,,
2019-10-17 13:18:00,140.2,140.2,140.2,140.2,1684.0,0.0,0,1118.0,1,,,,,,,,,,,,,,,,,,,
2019-10-17 13:20:00,140.2,140.2,140.2,140.2,3479.0,0.0,0,1795.0,1,,,,,,,,,,,,,,,,,,,
2019-10-17 13:21:00,140.25,140.3,140.25,140.3,4035.0,0.10000000000002274,1,556.0,1,,,,,,,,,,,,,,,,,,,
2019-10-17 13:22:00,140.25,140.25,140.25,140.25,2362.0,0.0,0,-1673.0,0,,,,,,,,,,,,,,,,,,,
2019-10-17 13:23:00,140.3,140.3,140.3,140.3,2262.0,0.05000000000001137,1,-100.0,0,,,,,,,,,,,,,,,,,,,
2019-10-17 13:24:00,140.3,140.3,140.3,140.3,1347.0,0.0,0,-915.0,0,,,,,,,,,,,,,,,,,,,
2019-10-17 13:25:00,140.3,140.35,140.3,140.3,5576.0,0.0,0,4229.0,1,,,,,,,,,,,,,,,,,,,
2019-10-17 13:26:00,140.3,140.3,140.25,140.3,3563.0,0.0,0,-2013.0,0,,,,,,,,,,,,,,,,,,,
2019-10-17 13:27:00,140.3,140.3,140.25,140.25,1552.0,-0.05000000000001137,0,-2011.0,0,,,,,,,,,,,,,,,,,,,
2019-10-17 13:28:00,140.25,140.3,140.25,140.25,1167.0,-0.05000000000001137,0,-385.0,0,,,,,,,,,,,,,,,,,,,
2019-10-17 13:29:00,140.3,140.35,140.3,140.35,4202.0,0.09999999999999433,1,3035.0,1,,,,,,,,,,,,,,,,,,,
2019-10-17 13:30:00,140.35,140.35,140.3,140.3,2303.0,0.0,0,-1899.0,0,,,,,,,,,,,,,,,,,,,
2019-10-17 13:31:00,140.3,140.3,140.3,140.3,1315.0,-0.04999999999998295,0,-988.0,0,,,,,,,,,,,,,,,,,,,
2019-10-17 13:32:00,140.25,140.25,140.1,140.1,3426.0,-0.20000000000001705,0,2111.0,1,,,,,,,,,,,,,,,,,,,
2019-10-17 13:33:00,140.15,140.15,140.1,140.1,3699.0,-0.15000000000000568,0,273.0,1,,,,,,,,,,,,,,,,,,,
2019-10-17 13:35:00,140.05,140.15,140.05,140.1,8658.0,-0.05000000000001137,0,4959.0,1,,,,,,,,,,,,,,,,,,,
2019-10-17 13:36:00,140.2,140.2,140.15,140.15,339.0,0.09999999999999433,1,-8319.0,0,,,,,,,,,,,,,,,,,,,
2019-10-17 13:37:00,140.15,140.15,140.15,140.15,150.0,-0.04999999999998295,0,-189.0,0,,,,,,,,,,,,,,,,,,,
2019-10-17 13:38:00,140.25,140.25,140.25,140.25,1128.0,0.09999999999999433,1,978.0,1,,,,,,,,,,,,,,,,,,,
2019-10-17 13:39:00,140.15,140.2,140.15,140.15,2812.0,-0.09999999999999433,0,1684.0,1,,,,,,,,,,,,,,,,,,,
2019-10-17 13:40:00,140.1,140.2,140.1,140.2,2751.0,0.04999999999998295,1,-61.0,0,,,,,,,,,,,,,,,,,,,
2019-10-17 13:42:00,140.15,140.15,140.1,140.1,3845.0,0.0,0,1094.0,1,,,,,,,,,,,,,,,,,,,
2019-10-17 13:43:00,140.15,140.15,140.05,140.05,880.0,-0.09999999999999433,0,-2965.0,0,,,,,,,,,,,,,,,,,,,
2019-10-17 13:44:00,140.05,140.05,140.05,140.05,1964.0,-0.09999999999999433,0,1084.0,1,,,,,,,,,,,,,,,,,,,
2019-10-17 13:45:00,140.05,140.05,140.05,140.05,2118.0,0.0,0,154.0,1,,,,,,,,,,,,,,,,,,,
2019-10-17 13:46:00,140.05,140.05,140.05,140.05,1857.0,0.0,0,-261.0,0,,,,,,,,,,,,,,,,,,,
2019-10-17 13:47:00,140.05,140.05,140.0,140.0,6993.0,-0.05000000000001137,0,5136.0,1,,,,,,,,,,,,,,,,,,,
2019-10-17 13:48:00,140.0,140.0,139.9,140.0,14071.0,-0.05000000000001137,0,7078.0,1,,,,,,,,,,,,,,,,,,,
2019-10-17 13:49:00,140.05,140.15,140.05,140.15,3675.0,0.15000000000000568,1,-10396.0,0,,,,,,,,,,,,,,,,,,,
2019-10-17 13:50:00,140.15,140.15,140.15,140.15,500.0,0.09999999999999433,1,-3175.0,0,,,,,,,,,,,,,,,,,,,
2019-10-17 13:51:00,140.3,140.3,140.3,140.3,548.0,0.15000000000000568,1,48.0,1,,,,,,,,,,,,,,,,,,,
2019-10-17 13:52:00,140.3,140.3,140.3,140.3,405.0,0.0,0,-143.0,0,,,,,,,,,,,,,,,,,,,
2019-10-17 13:53:00,140.25,140.25,140.25,140.25,3165.0,-0.05000000000001137,0,2760.0,1,,,,,,,,,,,,,,,,,,,
2019-10-17 13:54:00,140.3,140.3,140.25,140.25,3461.0,0.0,0,296.0,1,,,,,,,,,,,,,,,,,,,
2019-10-17 13:55:00,140.2,140.2,140.2,140.2,356.0,-0.10000000000002274,0,-3105.0,0,,,,,,,,,,,,,,,,,,,
2019-10-17 13:56:00,140.2,140.25,140.15,140.2,7633.0,0.0,0,7277.0,1,,,,,,,,,,,,,,,,,,,
2019-10-17 13:58:00,140.25,140.25,140.25,140.25,713.0,0.05000000000001137,1,-6920.0,0,,,,,,,,,,,,,,,,,,,
2019-10-17 13:59:00,140.3,140.3,140.25,140.25,575.0,0.0,0,-138.0,0,,,,,,,,,,,,,,,,,,,
2019-10-17 14:00:00,140.2,140.2,140.2,140.2,2542.0,-0.10000000000002274,0,1967.0,1,,,,,,,,,,,,,,,,,,,
2019-10-17 14:01:00,140.15,140.15,140.0,140.1,11063.0,-0.09999999999999433,0,8521.0,1,,,,,,,,,,,,,,,,,,,
2019-10-17 14:02:00,140.05,140.1,140.05,140.1,1575.0,-0.05000000000001137,0,-9488.0,0,,,,,,,,,,,,,,,,,,,
2019-10-17 14:03:00,140.15,140.2,140.1,140.1,1116.0,0.04999999999998295,1,-459.0,0,,,,,,,,,,,,,,,,,,,
2019-10-17 14:05:00,140.1,140.1,140.0,140.0,1335.0,-0.15000000000000568,0,219.0,1,,,,,,,,,,,,,,,,,,,
2019-10-17 14:06:00,140.0,140.0,139.95,139.95,921.0,-0.15000000000000568,0,-414.0,0,,,,,,,,,,,,,,,,,,,
2019-10-17 14:07:00,139.95,139.95,139.9,139.9,4932.0,-0.09999999999999433,0,4011.0,1,,,,,,,,,,,,,,,,,,,
2019-10-17 14:08:00,139.85,139.85,139.75,139.75,13230.0,-0.19999999999998866,0,8298.0,1,,,,,,,,,,,,,,,,,,,
2019-10-17 14:09:00,139.75,139.8,139.75,139.8,1040.0,-0.04999999999998295,0,-12190.0,0,,,,,,,,,,,,,,,,,,,
2019-10-17 14:10:00,139.8,139.8,139.8,139.8,3258.0,0.05000000000001137,1,2218.0,1,,,,,,,,,,,,,,,,,,,
2019-10-17 14:11:00,139.8,139.8,139.8,139.8,1880.0,0.0,0,-1378.0,0,,,,,,,,,,,,,,,,,,,
2019-10-17 14:12:00,139.75,139.8,139.65,139.7,26674.0,-0.10000000000002274,0,24794.0,1,,,,,,,,,,,,,,,,,,,
2019-10-17 14:13:00,139.65,139.75,139.65,139.75,5781.0,0.0,0,-20893.0,0,,,,,,,,,,,,,,,,,,,
2019-10-17 14:14:00,139.7,139.7,139.7,139.7,2251.0,0.04999999999998295,1,-3530.0,0,,,,,,,,,,,,,,,,,,,
2019-10-17 14:15:00,139.7,139.7,139.65,139.65,2861.0,-0.04999999999998295,0,610.0,1,,,,,,,,,,,,,,,,,,,
2019-10-17 14:16:00,139.7,139.8,139.7,139.8,2580.0,0.10000000000002274,1,-281.0,0,,,,,,,,,,,,,,,,,,,
2019-10-17 14:17:00,139.7,139.85,139.7,139.85,2793.0,0.15000000000000568,1,213.0,1,,,,,,,,,,,,,,,,,,,
2019-10-17 14:18:00,139.8,139.8,139.8,139.8,4519.0,0.10000000000002274,1,1726.0,1,,,,,,,,,,,,,,,,,,,
2019-10-17 14:19:00,139.85,139.85,139.85,139.85,1379.0,0.04999999999998295,1,-3140.0,0,,,,,,,,,,,,,,,,,,,
2019-10-17 14:20:00,139.85,139.85,139.85,139.85,765.0,0.0,0,-614.0,0,,,,,,,,,,,,,,,,,,,
2019-10-17 14:21:00,139.9,139.9,139.9,139.9,2.0,0.05000000000001137,1,-763.0,0,,,,,,,,,,,,,,,,,,,
2019-10-17 14:22:00,139.85,139.85,139.85,139.85,1245.0,-0.05000000000001137,0,1243.0,1,,,,,,,,,,,,,,,,,,,
2019-10-17 14:23:00,139.85,139.85,139.85,139.85,200.0,0.0,0,-1045.0,0,,,,,,,,,,,,,,,,,,,
2019-10-17 14:24:00,139.8,139.85,139.8,139.85,1244.0,0.0,0,1044.0,1,,,,,,,,,,,,,,,,,,,
2019-10-17 14:27:00,139.9,139.95,139.9,139.95,1963.0,0.14999999999997726,1,719.0,1,,,,,,,,,,,,,,,,,,,
2019-10-17 14:28:00,140.0,140.05,140.0,140.05,4902.0,0.15000000000000568,1,2939.0,1,,,,,,,,,,,,,,,,,,,
2019-10-17 14:29:00,140.1,140.1,140.1,140.1,3610.0,0.09999999999999433,1,-1292.0,0,,,,,,,,,,,,,,,,,,,
2019-10-17 14:30:00,140.1,140.15,140.05,140.1,12698.0,0.0,0,9088.0,1,,,,,,,,,,,,,,,,,,,
2019-10-17 14:31:00,140.1,140.15,140.1,140.1,6155.0,0.0,0,-6543.0,0,,,,,,,,,,,,,,,,,,,
2019-10-17 14:32:00,140.15,140.15,140.15,140.15,546.0,0.05000000000001137,1,-5609.0,0,,,,,,,,,,,,,,,,,,,
2019-10-17 14:33:00,140.1,140.15,140.1,140.1,10783.0,-0.05000000000001137,0,10237.0,1,,,,,,,,,,,,,,,,,,,
2019-10-17 14:34:00,140.1,140.1,140.1,140.1,706.0,0.0,0,-10077.0,0,,,,,,,,,,,,,,,,,,,
2019-10-17 14:35:00,140.1,140.1,140.1,140.1,1486.0,0.0,0,780.0,1,,,,,,,,,,,,,,,,,,,
2019-10-17 14:36:00,140.05,140.05,140.05,140.05,2892.0,-0.04999999999998295,0,1406.0,1,,,,,,,,,,,,,,,,,,,
2019-10-17 14:37:00,140.05,140.15,140.05,140.15,3789.0,0.09999999999999433,1,897.0,1,,,,,,,,,,,,,,,,,,,
2019-10-17 14:38:00,140.1,140.15,140.1,140.15,1372.0,0.09999999999999433,1,-2417.0,0,,,,,,,,,,,,,,,,,,,
2019-10-17 14:39:00,140.2,140.2,140.1,140.15,2991.0,0.05000000000001137,1,1619.0,1,,,,,,,,,,,,,,,,,,,
2019-10-17 14:40:00,140.15,140.15,140.15,140.15,1156.0,-0.04999999999998295,0,-1835.0,0,,,,,,,,,,,,,,,,,,,
2019-10-17 14:41:00,140.1,140.2,140.1,140.2,2683.0,0.04999999999998295,1,1527.0,1,,,,,,,,,,,,,,,,,,,
2019-10-17 14:42:00,140.25,140.25,140.25,140.25,3876.0,0.15000000000000568,1,1193.0,1,,,,,,,,,,,,,,,,,,,
2019-10-17 14:43:00,140.25,140.25,140.2,140.25,8228.0,0.0,0,4352.0,1,,,,,,,,,,,,,,,,,,,
2019-10-17 14:44:00,140.25,140.25,140.25,140.25,1275.0,0.0,0,-6953.0,0,,,,,,,,,,,,,,,,,,,
2019-10-17 14:45:00,140.2,140.2,140.2,140.2,241.0,-0.05000000000001137,0,-1034.0,0,,,,,,,,,,,,,,,,,,,
2019-10-17 14:46:00,140.15,140.15,140.1,140.1,2224.0,-0.09999999999999433,0,1983.0,1,,,,,,,,,,,,,,,,,,,
2019-10-17 14:47:00,140.1,140.15,140.1,140.15,3025.0,0.0,0,801.0,1,,,,,,,,,,,,,,,,,,,
2019-10-17 14:48:00,140.15,140.15,140.15,140.15,396.0,0.05000000000001137,1,-2629.0,0,,,,,,,,,,,,,,,,,,,
2019-10-17 14:49:00,140.15,140.2,140.15,140.2,4084.0,0.04999999999998295,1,3688.0,1,,,,,,,,,,,,,,,,,,,
2019-10-17 14:51:00,140.2,140.2,140.2,140.2,500.0,0.04999999999998295,1,-3584.0,0,,,,,,,,,,,,,,,,,,,
2019-10-17 14:53:00,140.25,140.25,140.2,140.2,2856.0,0.0,0,2356.0,1,,,,,,,,,,,,,,,,,,,
2019-10-17 14:54:00,140.15,140.2,140.15,140.2,9132.0,-0.05000000000001137,0,6276.0,1,,,,,,,,,,,,,,,,,,,
2019-10-17 14:55:00,140.3,140.35,140.3,140.3,2278.0,0.15000000000000568,1,-6854.0,0,,,,,,,,,,,,,,,,,,,
2019-10-17 14:56:00,140.35,140.35,140.25,140.3,3062.0,0.0,0,784.0,1,,,,,,,,,,,,,,,,,,,
2019-10-17 14:57:00,140.35,140.35,140.3,140.3,5262.0,-0.04999999999998295,0,2200.0,1,,,,,,,,,,,,,,,,,,,
2019-10-17 14:58:00,140.3,140.3,140.25,140.25,1795.0,-0.09999999999999433,0,-3467.0,0,,,,,,,,,,,,,,,,,,,
2019-10-17 14:59:00,140.2,140.25,140.2,140.25,6744.0,-0.05000000000001137,0,4949.0,1,,,,,,,,,,,,,,,,,,,
2019-10-17 15:00:00,140.3,140.3,140.3,140.3,1900.0,0.10000000000002274,1,-4844.0,0,,,,,,,,,,,,,,,,,,,
2019-10-17 15:01:00,140.3,140.3,140.3,140.3,1300.0,0.0,0,-600.0,0,,,,,,,,,,,,,,,,,,,
2019-10-17 15:02:00,140.25,140.35,140.25,140.35,1236.0,0.04999999999998295,1,-64.0,0,,,,,,,,,,,,,,,,,,,
2019-10-17 15:03:00,140.4,140.45,140.35,140.35,23345.0,0.09999999999999433,1,22109.0,1,,,,,,,,,,,,,,,,,,,
2019-10-17 15:04:00,140.4,140.4,140.35,140.35,4586.0,-0.05000000000001137,0,-18759.0,0,,,,,,,,,,,,,,,,,,,
2019-10-17 15:05:00,140.3,140.3,140.3,140.3,1000.0,-0.09999999999999433,0,-3586.0,0,,,,,,,,,,,,,,,,,,,
2019-10-17 15:06:00,140.3,140.3,140.1,140.1,19362.0,-0.20000000000001705,0,18362.0,1,,,,,,,,,,,,,,,,,,,
2019-10-17 15:07:00,140.05,140.2,140.05,140.15,7520.0,-0.15000000000000568,0,-11842.0,0,,,,,,,,,,,,,,,,,,,
2019-10-17 15:08:00,140.25,140.35,140.25,140.35,3217.0,0.2999999999999829,1,-4303.0,0,,,,,,,,,,,,,,,,,,,
2019-10-17 15:09:00,140.3,140.3,140.25,140.3,3741.0,0.05000000000001137,1,524.0,1,,,,,,,,,,,,,,,,,,,
2019-10-17 15:10:00,140.25,140.35,140.25,140.35,11544.0,0.04999999999998295,1,7803.0,1,,,,,,,,,,,,,,,,,,,
2019-10-17 15:12:00,140.25,140.35,140.25,140.35,3493.0,0.09999999999999433,1,-8051.0,0,,,,,,,,,,,,,,,,,,,
2019-10-17 15:13:00,140.35,140.35,140.35,140.35,2238.0,0.09999999999999433,1,-1255.0,0,,,,,,,,,,,,,,,,,,,
2019-10-17 15:14:00,140.3,140.3,140.3,140.3,10.0,-0.04999999999998295,0,-2228.0,0,,,,,,,,,,,,,,,,,,,
2019-10-17 15:15:00,140.35,140.35,140.3,140.35,5513.0,0.04999999999998295,1,5503.0,1,,,,,,,,,,,,,,,,,,,
2019-10-17 15:16:00,140.35,140.45,140.35,140.45,4712.0,0.09999999999999433,1,-801.0,0,,,,,,,,,,,,,,,,,,,
2019-10-17 15:17:00,140.45,140.45,140.45,140.45,652.0,0.09999999999999433,1,-4060.0,0,,,,,,,,,,,,,,,,,,,
2019-10-17 15:18:00,140.4,140.4,140.4,140.4,7455.0,-0.04999999999998295,0,6803.0,1,,,,,,,,,,,,,,,,,,,
2019-10-17 15:19:00,140.45,140.5,140.45,140.5,2412.0,0.09999999999999433,1,-5043.0,0,,,,,,,,,,,,,,,,,,,
2019-10-17 15:20:00,140.55,140.6,140.5,140.5,5111.0,0.05000000000001137,1,2699.0,1,,,,,,,,,,,,,,,,,,,
2019-10-17 15:21:00,140.55,140.55,140.45,140.5,8393.0,-0.05000000000001137,0,3282.0,1,,,,,,,,,,,,,,,,,,,
2019-10-17 15:22:00,140.4,140.5,140.4,140.5,9515.0,-0.05000000000001137,0,1122.0,1,,,,,,,,,,,,,,,,,,,
2019-10-17 15:23:00,140.45,140.5,140.45,140.5,5087.0,0.09999999999999433,1,-4428.0,0,,,,,,,,,,,,,,,,,,,
2019-10-17 15:24:00,140.5,140.55,140.5,140.55,2222.0,0.10000000000002274,1,-2865.0,0,,,,,,,,,,,,,,,,,,,
2019-10-17 15:25:00,140.55,140.6,140.55,140.6,5577.0,0.09999999999999433,1,3355.0,1,,,,,,,,,,,,,,,,,,,
2019-10-17 15:26:00,140.6,140.7,140.55,140.7,7829.0,0.14999999999997726,1,2252.0,1,,,,,,,,,,,,,,,,,,,
2019-10-17 15:27:00,140.75,140.8,140.7,140.7,1242.0,0.09999999999999433,1,-6587.0,0,,,,,,,,,,,,,,,,,,,
2019-10-17 15:28:00,140.8,140.8,140.8,140.8,1132.0,0.05000000000001137,1,-110.0,0,,,,,,,,,,,,,,,,,,,
2019-10-17 15:29:00,140.8,140.8,140.75,140.75,1993.0,-0.05000000000001137,0,861.0,1,,,,,,,,,,,,,,,,,,,
2019-10-17 15:30:00,140.65,140.75,140.65,140.75,2430.0,-0.05000000000001137,0,437.0,1,,,,,,,,,,,,,,,,,,,
2019-10-17 15:31:00,140.65,140.7,140.65,140.7,7376.0,0.04999999999998295,1,4946.0,1,,,,,,,,,,,,,,,,,,,
2019-10-17 15:32:00,140.75,140.75,140.65,140.75,13053.0,0.09999999999999433,1,5677.0,1,,,,,,,,,,,,,,,,,,,
2019-10-17 15:33:00,140.75,140.8,140.75,140.8,1661.0,0.05000000000001137,1,-11392.0,0,,,,,,,,,,,,,,,,,,,
2019-10-17 15:34:00,140.85,140.85,140.8,140.8,9005.0,0.05000000000001137,1,7344.0,1,,,,,,,,,,,,,,,,,,,
2019-10-17 15:35:00,140.75,140.85,140.75,140.8,31367.0,-0.04999999999998295,0,22362.0,1,,,,,,,,,,,,,,,,,,,
2019-10-17 15:36:00,140.75,140.75,140.6,140.6,1785.0,-0.15000000000000568,0,-29582.0,0,,,,,,,,,,,,,,,,,,,
2019-10-17 15:37:00,140.6,140.7,140.6,140.7,10814.0,-0.05000000000001137,0,9029.0,1,,,,,,,,,,,,,,,,,,,
2019-10-17 15:38:00,140.75,140.75,140.75,140.75,4290.0,0.15000000000000568,1,-6524.0,0,,,,,,,,,,,,,,,,,,,
2019-10-17 15:39:00,140.75,140.85,140.75,140.85,22260.0,0.09999999999999433,1,17970.0,1,,,,,,,,,,,,,,,,,,,
2019-10-17 15:40:00,140.85,140.85,140.85,140.85,2324.0,0.09999999999999433,1,-19936.0,0,,,,,,,,,,,,,,,,,,,
2019-10-17 15:41:00,140.85,140.85,140.75,140.8,6633.0,-0.04999999999998295,0,4309.0,1,,,,,,,,,,,,,,,,,,,
2019-10-17 15:42:00,140.75,140.9,140.75,140.9,7699.0,0.05000000000001137,1,1066.0,1,,,,,,,,,,,,,,,,,,,
2019-10-17 15:43:00,140.9,140.9,140.8,140.85,3337.0,0.09999999999999433,1,-4362.0,0,,,,,,,,,,,,,,,,,,,
2019-10-17 15:44:00,140.85,140.85,140.8,140.85,6913.0,-0.05000000000001137,0,3576.0,1,,,,,,,,,,,,,,,,,,,
2019-10-17 15:45:00,140.85,140.85,140.8,140.8,5730.0,-0.04999999999998295,0,-1183.0,0,,,,,,,,,,,,,,,,,,,
2019-10-17 15:46:00,140.85,140.85,140.8,140.8,2519.0,-0.04999999999998295,0,-3211.0,0,,,,,,,,,,,,,,,,,,,
2019-10-17 15:47:00,140.85,140.9,140.85,140.9,6980.0,0.05000000000001137,1,4461.0,1,,,,,,,,,,,,,,,,,,,
2019-10-17 15:48:00,140.9,140.95,140.9,140.9,2417.0,0.05000000000001137,1,-4563.0,0,,,,,,,,,,,,,,,,,,,
2019-10-17 15:49:00,140.95,141.0,140.95,140.95,4962.0,0.04999999999998295,1,2545.0,1,,,,,,,,,,,,,,,,,,,
2019-10-17 15:50:00,140.9,140.9,140.9,140.9,3730.0,-0.04999999999998295,0,-1232.0,0,,,,,,,,,,,,,,,,,,,
2019-10-17 15:51:00,140.9,140.9,140.9,140.9,1330.0,0.0,0,-2400.0,0,,,,,,,,,,,,,,,,,,,
2019-10-17 15:52:00,140.85,140.9,140.85,140.9,5429.0,0.0,0,4099.0,1,,,,,,,,,,,,,,,,,,,
2019-10-17 15:53:00,140.95,140.95,140.9,140.9,2448.0,0.05000000000001137,1,-2981.0,0,,,,,,,,,,,,,,,,,,,
2019-10-17 15:54:00,140.9,140.9,140.85,140.85,1949.0,-0.09999999999999433,0,-499.0,0,,,,,,,,,,,,,,,,,,,
2019-10-17 15:55:00,140.85,140.85,140.85,140.85,500.0,-0.05000000000001137,0,-1449.0,0,,,,,,,,,,,,,,,,,,,
2019-10-17 15:56:00,140.8,140.9,140.8,140.9,6757.0,0.05000000000001137,1,6257.0,1,,,,,,,,,,,,,,,,,,,
2019-10-17 15:57:00,140.9,140.9,140.85,140.85,1839.0,0.04999999999998295,1,-4918.0,0,,,,,,,,,,,,,,,,,,,
2019-10-17 15:58:00,140.85,140.85,140.8,140.8,4094.0,-0.09999999999999433,0,2255.0,1,,,,,,,,,,,,,,,,,,,
2019-10-17 15:59:00,140.8,140.8,140.75,140.8,4120.0,-0.04999999999998295,0,26.0,1,,,,,,,,,,,,,,,,,,,
2019-10-17 16:00:00,140.8,140.85,140.75,140.75,6653.0,-0.05000000000001137,0,2533.0,1,,,,,,,,,,,,,,,,,,,
2019-10-17 16:01:00,140.8,140.85,140.75,140.75,9189.0,-0.05000000000001137,0,2536.0,1,,,,,,,,,,,,,,,,,,,
2019-10-17 16:02:00,140.8,140.8,140.7,140.7,6095.0,-0.10000000000002274,0,-3094.0,0,,,,,,,,,,,,,,,,,,,
2019-10-17 16:03:00,140.65,140.7,140.65,140.7,3696.0,-0.10000000000002274,0,-2399.0,0,,,,,,,,,,,,,,,,,,,
2019-10-17 16:04:00,140.7,140.85,140.7,140.85,12759.0,0.19999999999998866,1,9063.0,1,,,,,,,,,,,,,,,,,,,
2019-10-17 16:05:00,140.9,140.9,140.9,140.9,4235.0,0.20000000000001705,1,-8524.0,0,,,,,,,,,,,,,,,,,,,
2019-10-17 16:06:00,140.9,140.95,140.8,140.8,6013.0,-0.09999999999999433,0,1778.0,1,,,,,,,,,,,,,,,,,,,
2019-10-17 16:07:00,140.8,140.8,140.8,140.8,2750.0,-0.09999999999999433,0,-3263.0,0,,,,,,,,,,,,,,,,,,,
2019-10-17 16:08:00,140.8,140.85,140.7,140.7,1969.0,-0.10000000000002274,0,-781.0,0,,,,,,,,,,,,,,,,,,,
2019-10-17 16:09:00,140.7,140.7,140.65,140.65,1526.0,-0.15000000000000568,0,-443.0,0,,,,,,,,,,,,,,,,,,,
2019-10-17 16:10:00,140.6,140.75,140.6,140.75,10117.0,0.05000000000001137,1,8591.0,1,,,,,,,,,,,,,,,,,,,
2019-10-17 16:11:00,140.8,140.9,140.8,140.9,3864.0,0.30000000000001137,1,-6253.0,0,,,,,,,,,,,,,,,,,,,
2019-10-17 16:12:00,140.85,140.85,140.8,140.8,4926.0,0.0,0,1062.0,1,,,,,,,,,,,,,,,,,,,
2019-10-17 16:13:00,140.75,140.85,140.75,140.85,581.0,0.0,0,-4345.0,0,,,,,,,,,,,,,,,,,,,
2019-10-17 16:14:00,140.8,140.85,140.8,140.85,284.0,0.09999999999999433,1,-297.0,0,,,,,,,,,,,,,,,,,,,
2019-10-17 16:15:00,140.75,140.8,140.7,140.75,15542.0,-0.05000000000001137,0,15258.0,1,,,,,,,,,,,,,,,,,,,
2019-10-17 16:16:00,140.8,140.85,140.75,140.75,4177.0,0.0,0,-11365.0,0,,,,,,,,,,,,,,,,,,,
2019-10-17 16:17:00,140.8,140.8,140.75,140.8,1003.0,0.0,0,-3174.0,0,,,,,,,,,,,,,,,,,,,
2019-10-17 16:18:00,140.7,140.75,140.7,140.75,4852.0,-0.05000000000001137,0,3849.0,1,,,,,,,,,,,,,,,,,,,
2019-10-17 16:19:00,140.8,140.8,140.7,140.7,12719.0,0.0,0,7867.0,1,,,,,,,,,,,,,,,,,,,
2019-10-17 16:20:00,140.7,140.7,140.7,140.7,2066.0,-0.10000000000002274,0,-10653.0,0,,,,,,,,,,,,,,,,,,,
2019-10-17 16:21:00,140.75,140.75,140.75,140.75,4652.0,0.05000000000001137,1,2586.0,1,,,,,,,,,,,,,,,,,,,
2019-10-17 16:22:00,140.75,140.75,140.75,140.75,507.0,0.0,0,-4145.0,0,,,,,,,,,,,,,,,,,,,
2019-10-17 16:23:00,140.8,140.8,140.8,140.8,4097.0,0.05000000000001137,1,3590.0,1,,,,,,,,,,,,,,,,,,,
2019-10-17 16:24:00,140.8,140.8,140.8,140.8,3826.0,0.0,0,-271.0,0,,,,,,,,,,,,,,,,,,,
2019-10-17 16:25:00,140.75,140.75,140.7,140.7,4139.0,-0.10000000000002274,0,313.0,1,,,,,,,,,,,,,,,,,,,
2019-10-17 16:26:00,140.65,140.75,140.65,140.75,4711.0,0.0,0,572.0,1,,,,,,,,,,,,,,,,,,,
2019-10-17 16:27:00,140.75,140.75,140.75,140.75,558.0,0.09999999999999433,1,-4153.0,0,,,,,,,,,,,,,,,,,,,
2019-10-17 16:28:00,140.8,140.8,140.75,140.75,2844.0,0.0,0,2286.0,1,,,,,,,,,,,,,,,,,,,
2019-10-17 16:29:00,140.75,140.75,140.75,140.75,2622.0,-0.05000000000001137,0,-222.0,0,,,,,,,,,,,,,,,,,,,
2019-10-17 16:30:00,140.7,140.8,140.7,140.8,5611.0,0.05000000000001137,1,2989.0,1,,,,,,,,,,,,,,,,,,,
2019-10-17 16:31:00,140.75,140.8,140.75,140.8,1364.0,0.10000000000002274,1,-4247.0,0,,,,,,,,,,,,,,,,,,,
2019-10-17 16:32:00,140.8,140.85,140.8,140.85,5018.0,0.09999999999999433,1,3654.0,1,,,,,,,,,,,,,,,,,,,
2019-10-17 16:33:00,140.85,140.85,140.8,140.8,5947.0,0.0,0,929.0,1,,,,,,,,,,,,,,,,,,,
2019-10-17 16:34:00,140.85,140.85,140.8,140.85,3356.0,0.0,0,-2591.0,0,,,,,,,,,,,,,,,,,,,
2019-10-17 16:35:00,140.8,140.85,140.8,140.8,7280.0,-0.04999999999998295,0,3924.0,1,,,,,,,,,,,,,,,,,,,
2019-10-17 16:36:00,140.75,140.75,140.65,140.65,6808.0,-0.15000000000000568,0,-472.0,0,,,,,,,,,,,,,,,,,,,
2019-10-17 16:37:00,140.6,140.65,140.6,140.6,5841.0,-0.15000000000000568,0,-967.0,0,,,,,,,,,,,,,,,,,,,
2019-10-17 16:39:00,140.65,140.7,140.65,140.7,12721.0,0.09999999999999433,1,6880.0,1,,,,,,,,,,,,,,,,,,,
2019-10-17 16:40:00,140.7,140.7,140.7,140.7,100.0,0.04999999999998295,1,-12621.0,0,,,,,,,,,,,,,,,,,,,
2019-10-17 16:41:00,140.7,140.7,140.65,140.7,9389.0,0.0,0,9289.0,1,,,,,,,,,,,,,,,,,,,
2019-10-17 16:42:00,140.75,140.8,140.7,140.8,3272.0,0.10000000000002274,1,-6117.0,0,,,,,,,,,,,,,,,,,,,
2019-10-17 16:43:00,140.75,140.75,140.75,140.75,1448.0,0.0,0,-1824.0,0,,,,,,,,,,,,,,,,,,,
2019-10-17 16:44:00,140.75,140.8,140.75,140.8,2978.0,0.05000000000001137,1,1530.0,1,,,,,,,,,,,,,,,,,,,
2019-10-17 16:45:00,140.75,140.75,140.75,140.75,452.0,0.0,0,-2526.0,0,,,,,,,,,,,,,,,,,,,
2019-10-17 16:46:00,140.75,140.75,140.7,140.7,10068.0,-0.05000000000001137,0,9616.0,1,,,,,,,,,,,,,,,,,,,
2019-10-17 16:47:00,140.7,140.7,140.7,140.7,12562.0,-0.05000000000001137,0,2494.0,1,,,,,,,,,,,,,,,,,,,
2019-10-17 16:48:00,140.75,140.75,140.7,140.75,8993.0,0.05000000000001137,1,-3569.0,0,,,,,,,,,,,,,,,,,,,
2019-10-17 16:49:00,140.7,140.7,140.6,140.6,7729.0,-0.15000000000000568,0,-1264.0,0,,,,,,,,,,,,,,,,,,,
2019-10-17 16:50:00,140.55,140.55,140.55,140.55,2106.0,-0.14999999999997726,0,-5623.0,0,,,,,,,,,,,,,,,,,,,
2019-10-17 16:51:00,140.55,140.6,140.55,140.6,9284.0,0.04999999999998295,1,7178.0,1,,,,,,,,,,,,,,,,,,,
2019-10-17 16:52:00,140.6,140.6,140.6,140.6,1475.0,0.04999999999998295,1,-7809.0,0,,,,,,,,,,,,,,,,,,,
2019-10-17 16:53:00,140.6,140.6,140.6,140.6,1005.0,0.0,0,-470.0,0,,,,,,,,,,,,,,,,,,,
2019-10-17 16:54:00,140.55,140.55,140.5,140.5,18084.0,-0.09999999999999433,0,17079.0,1,,,,,,,,,,,,,,,,,,,
2019-10-17 16:55:00,140.45,140.5,140.45,140.45,2641.0,-0.10000000000002274,0,-15443.0,0,,,,,,,,,,,,,,,,,,,
2019-10-17 16:56:00,140.4,140.5,140.4,140.5,11329.0,0.05000000000001137,1,8688.0,1,,,,,,,,,,,,,,,,,,,
2019-10-17 16:57:00,140.55,140.55,140.5,140.55,4166.0,0.15000000000000568,1,-7163.0,0,,,,,,,,,,,,,,,,,,,
2019-10-17 16:58:00,140.55,140.55,140.5,140.5,2013.0,-0.05000000000001137,0,-2153.0,0,,,,,,,,,,,,,,,,,,,
2019-10-17 16:59:00,140.55,140.55,140.55,140.55,7240.0,0.0,0,5227.0,1,,,,,,,,,,,,,,,,,,,
2019-10-17 17:00:00,140.55,140.6,140.5,140.6,4181.0,0.04999999999998295,1,-3059.0,0,,,,,,,,,,,,,,,,,,,
2019-10-17 17:01:00,140.5,140.5,140.4,140.5,18822.0,-0.05000000000001137,0,14641.0,1,,,,,,,,,,,,,,,,,,,
2019-10-17 17:02:00,140.5,140.55,140.5,140.5,2508.0,0.0,0,-16314.0,0,,,,,,,,,,,,,,,,,,,
2019-10-17 17:03:00,140.45,140.5,140.4,140.4,1825.0,-0.09999999999999433,0,-683.0,0,,,,,,,,,,,,,,,,,,,
2019-10-17 17:04:00,140.45,140.55,140.45,140.5,6177.0,0.05000000000001137,1,4352.0,1,,,,,,,,,,,,,,,,,,,
2019-10-17 17:05:00,140.55,140.55,140.45,140.45,5896.0,0.0,0,-281.0,0,,,,,,,,,,,,,,,,,,,
2019-10-17 17:06:00,140.4,140.5,140.4,140.5,3010.0,-0.05000000000001137,0,-2886.0,0,,,,,,,,,,,,,,,,,,,
2019-10-17 17:07:00,140.5,140.5,140.4,140.4,18278.0,0.0,0,15268.0,1,,,,,,,,,,,,,,,,,,,
2019-10-17 17:08:00,140.4,140.4,140.4,140.4,11414.0,-0.09999999999999433,0,-6864.0,0,,,,,,,,,,,,,,,,,,,
2019-10-17 17:09:00,140.4,140.4,140.35,140.4,13958.0,0.0,0,2544.0,1,,,,,,,,,,,,,,,,,,,
2019-10-17 17:10:00,140.35,140.4,140.35,140.4,2262.0,0.0,0,-11696.0,0,,,,,,,,,,,,,,,,,,,
2019-10-17 17:11:00,140.4,140.45,140.4,140.4,10397.0,0.05000000000001137,1,8135.0,1,,,,,,,,,,,,,,,,,,,
2019-10-17 17:12:00,140.4,140.4,140.35,140.4,14583.0,0.0,0,4186.0,1,,,,,,,,,,,,,,,,,,,
2019-10-17 17:13:00,140.4,140.45,140.4,140.45,6846.0,0.04999999999998295,1,-7737.0,0,,,,,,,,,,,,,,,,,,,
2019-10-17 17:14:00,140.45,140.55,140.45,140.5,8839.0,0.09999999999999433,1,1993.0,1,,,,,,,,,,,,,,,,,,,
2019-10-17 17:15:00,140.5,140.55,140.5,140.5,15862.0,0.05000000000001137,1,7023.0,1,,,,,,,,,,,,,,,,,,,
2019-10-17 17:16:00,140.55,140.55,140.55,140.55,6319.0,0.05000000000001137,1,-9543.0,0,,,,,,,,,,,,,,,,,,,
2019-10-17 17:17:00,140.55,140.55,140.5,140.55,8471.0,0.0,0,2152.0,1,,,,,,,,,,,,,,,,,,,
2019-10-17 17:18:00,140.55,140.55,140.55,140.55,4942.0,0.0,0,-3529.0,0,,,,,,,,,,,,,,,,,,,
2019-10-17 17:19:00,140.55,140.6,140.55,140.6,23153.0,0.04999999999998295,1,18211.0,1,,,,,,,,,,,,,,,,,,,
2019-10-17 17:20:00,140.65,140.75,140.65,140.75,13770.0,0.19999999999998866,1,-9383.0,0,,,,,,,,,,,,,,,,,,,
2019-10-17 17:21:00,140.75,140.75,140.65,140.65,6669.0,0.0,0,-7101.0,0,,,,,,,,,,,,,,,,,,,
2019-10-17 17:22:00,140.65,140.65,140.6,140.65,8505.0,-0.09999999999999433,0,1836.0,1,,,,,,,,,,,,,,,,,,,
2019-10-17 17:23:00,140.65,140.65,140.65,140.65,1592.0,0.0,0,-6913.0,0,,,,,,,,,,,,,,,,,,,
2019-10-17 17:24:00,140.65,140.65,140.6,140.6,7887.0,-0.05000000000001137,0,6295.0,1,,,,,,,,,,,,,,,,,,,
2019-10-17 17:25:00,140.6,140.8,140.6,140.75,27053.0,0.09999999999999433,1,19166.0,1,,,,,,,,,,,,,,,,,,,
2019-10-17 17:30:00,140.1,140.1,140.1,140.1,982797.0,-0.5,0,955744.0,1,,,,,,,,,,,,,,,,,,,
