Date,OPEN,HIGH,LOW,CLOSE,VOLUME,return,return_one_hot_encoded,volume_difference,volume_one_hot_encoded
2020-03-30 07:01:00,45.85,46.26,45.78,46.26,18101.0,0.0,0,0.0,0
2020-03-30 07:02:00,45.98,46.065,45.815,45.945,3824.0,0.09499999999999886,1,-14277.0,0
2020-03-30 07:03:00,45.89,46.195,45.78,45.925,18636.0,-0.054999999999999716,0,14812.0,1
2020-03-30 07:04:00,45.925,45.925,45.58,45.6,8913.0,-0.28999999999999915,0,-9723.0,0
2020-03-30 07:05:00,45.58,45.64,45.545,45.625,7216.0,-0.29999999999999716,0,-1697.0,0
2020-03-30 07:06:00,45.63,45.655,45.355,45.43,10763.0,-0.14999999999999858,0,3547.0,1
2020-03-30 07:07:00,45.385,45.46,45.31,45.45,3851.0,-0.17999999999999972,0,-6912.0,0
2020-03-30 07:08:00,45.425,45.665,45.39,45.55,4642.0,0.16499999999999915,1,791.0,1
2020-03-30 07:09:00,45.57,45.64,45.32,45.375,3451.0,-0.04999999999999716,0,-1191.0,0
2020-03-30 07:10:00,45.35,45.355,45.22,45.26,4174.0,-0.3100000000000023,0,723.0,1
2020-03-30 07:11:00,45.26,45.33,45.205,45.265,1146.0,-0.08500000000000085,0,-3028.0,0
2020-03-30 07:12:00,45.135,45.175,45.045,45.08,2092.0,-0.17999999999999972,0,946.0,1
2020-03-30 07:13:00,45.09,45.14,44.925,45.0,12718.0,-0.134999999999998,0,10626.0,1
2020-03-30 07:14:00,44.995,45.0,44.875,44.91,8964.0,-0.18000000000000682,0,-3754.0,0
2020-03-30 07:15:00,44.9,44.915,44.81,44.87,12494.0,-0.125,0,3530.0,1
2020-03-30 07:16:00,44.865,44.865,44.655,44.655,3625.0,-0.24499999999999744,0,-8869.0,0
2020-03-30 07:17:00,44.66,44.66,44.595,44.645,4015.0,-0.21999999999999886,0,390.0,1
2020-03-30 07:18:00,44.62,44.625,44.39,44.39,7851.0,-0.269999999999996,0,3836.0,1
2020-03-30 07:19:00,44.425,44.45,44.15,44.155,7077.0,-0.4649999999999963,0,-774.0,0
2020-03-30 07:20:00,44.135,44.2,43.93,44.01,9526.0,-0.41499999999999915,0,2449.0,1
2020-03-30 07:21:00,44.005,44.44,44.0,44.42,5118.0,0.2850000000000037,1,-4408.0,0
2020-03-30 07:22:00,44.4,44.485,44.34,44.48,2086.0,0.4749999999999943,1,-3032.0,0
2020-03-30 07:23:00,44.395,44.445,44.25,44.335,5779.0,-0.06499999999999773,0,3693.0,1
2020-03-30 07:24:00,44.325,44.355,44.13,44.3,3631.0,-0.09500000000000597,0,-2148.0,0
2020-03-30 07:25:00,44.33,44.445,44.3,44.37,3861.0,0.0449999999999946,1,230.0,1
2020-03-30 07:26:00,44.33,44.33,44.145,44.24,2236.0,-0.0899999999999963,0,-1625.0,0
2020-03-30 07:27:00,44.27,44.27,44.2,44.255,2321.0,-0.07499999999999574,0,85.0,1
2020-03-30 07:28:00,44.26,44.26,44.11,44.175,2035.0,-0.09500000000000597,0,-286.0,0
2020-03-30 07:29:00,44.195,44.345,44.15,44.345,1196.0,0.08500000000000085,1,-839.0,0
2020-03-30 07:30:00,44.305,44.395,44.23,44.23,2811.0,0.03499999999999659,1,1615.0,1
2020-03-30 07:31:00,44.2,44.32,44.16,44.245,6965.0,-0.060000000000002274,0,4154.0,1
2020-03-30 07:32:00,44.265,44.27,44.035,44.035,1086.0,-0.16500000000000625,0,-5879.0,0
2020-03-30 07:33:00,44.055,44.125,44.0,44.11,3738.0,-0.15500000000000114,0,2652.0,1
2020-03-30 07:34:00,44.135,44.135,44.005,44.015,1276.0,-0.03999999999999915,0,-2462.0,0
2020-03-30 07:35:00,44.07,44.17,44.005,44.16,18736.0,0.02499999999999858,1,17460.0,1
2020-03-30 07:36:00,44.18,44.265,44.145,44.265,3851.0,0.19500000000000028,1,-14885.0,0
2020-03-30 07:37:00,44.25,44.33,44.225,44.265,5731.0,0.08500000000000085,1,1880.0,1
2020-03-30 07:38:00,44.245,44.415,44.245,44.285,4917.0,0.03499999999999659,1,-814.0,0
2020-03-30 07:39:00,44.255,44.46,44.255,44.415,7336.0,0.1700000000000017,1,2419.0,1
2020-03-30 07:40:00,44.425,44.5,44.405,44.44,12056.0,0.18499999999999517,1,4720.0,1
2020-03-30 07:41:00,44.44,44.44,44.225,44.225,5177.0,-0.19999999999999574,0,-6879.0,0
2020-03-30 07:42:00,44.235,44.44,44.235,44.33,4108.0,-0.10999999999999943,0,-1069.0,0
2020-03-30 07:43:00,44.34,44.54,44.265,44.54,6048.0,0.3049999999999997,1,1940.0,1
2020-03-30 07:44:00,44.51,44.58,44.41,44.415,5268.0,0.07499999999999574,1,-780.0,0
2020-03-30 07:45:00,44.415,44.535,44.37,44.465,3576.0,-0.0449999999999946,0,-1692.0,0
2020-03-30 07:46:00,44.455,44.46,44.31,44.32,7514.0,-0.09499999999999886,0,3938.0,1
2020-03-30 07:47:00,44.305,44.395,44.225,44.225,4412.0,-0.22999999999999687,0,-3102.0,0
2020-03-30 07:48:00,44.245,44.37,44.225,44.295,5468.0,-0.00999999999999801,0,1056.0,1
2020-03-30 07:49:00,44.27,44.435,44.245,44.38,4961.0,0.13500000000000512,1,-507.0,0
2020-03-30 07:50:00,44.375,44.475,44.37,44.475,3817.0,0.2049999999999983,1,-1144.0,0
2020-03-30 07:51:00,44.475,44.585,44.44,44.56,6747.0,0.18500000000000227,1,2930.0,1
2020-03-30 07:52:00,44.56,44.58,44.425,44.465,20618.0,-0.00999999999999801,0,13871.0,1
2020-03-30 07:53:00,44.415,44.48,44.31,44.455,6238.0,-0.10500000000000398,0,-14380.0,0
2020-03-30 07:54:00,44.47,44.475,44.385,44.385,1531.0,-0.030000000000001137,0,-4707.0,0
2020-03-30 07:55:00,44.405,44.405,44.25,44.325,1570.0,-0.14499999999999602,0,39.0,1
2020-03-30 07:56:00,44.295,44.34,44.13,44.165,4425.0,-0.240000000000002,0,2855.0,1
2020-03-30 07:57:00,44.15,44.285,44.14,44.245,11224.0,-0.05000000000000426,0,6799.0,1
2020-03-30 07:58:00,44.25,44.29,44.215,44.215,8775.0,0.06500000000000483,1,-2449.0,0
2020-03-30 07:59:00,44.23,44.37,44.21,44.37,7751.0,0.11999999999999744,1,-1024.0,0
2020-03-30 08:00:00,44.33,44.33,44.275,44.295,1382.0,0.06500000000000483,1,-6369.0,0
2020-03-30 08:01:00,44.285,44.44,44.275,44.415,11851.0,0.08500000000000085,1,10469.0,1
2020-03-30 08:02:00,44.38,44.4,44.34,44.35,3673.0,0.06500000000000483,1,-8178.0,0
2020-03-30 08:03:00,44.335,44.385,44.31,44.385,2854.0,0.0049999999999954525,1,-819.0,0
2020-03-30 08:04:00,44.4,44.53,44.4,44.525,11680.0,0.18999999999999773,1,8826.0,1
2020-03-30 08:05:00,44.53,44.655,44.505,44.59,4644.0,0.19000000000000483,1,-7036.0,0
2020-03-30 08:06:00,44.605,44.605,44.455,44.455,2164.0,-0.07500000000000284,0,-2480.0,0
2020-03-30 08:07:00,44.455,44.49,44.435,44.475,6386.0,-0.12999999999999545,0,4222.0,1
2020-03-30 08:08:00,44.475,44.57,44.465,44.56,5456.0,0.10500000000000398,1,-930.0,0
2020-03-30 08:09:00,44.585,44.71,44.56,44.645,1284.0,0.1700000000000017,1,-4172.0,0
2020-03-30 08:10:00,44.62,44.705,44.62,44.68,6034.0,0.09499999999999886,1,4750.0,1
2020-03-30 08:11:00,44.65,44.665,44.575,44.585,2337.0,-0.03499999999999659,0,-3697.0,0
2020-03-30 08:12:00,44.55,44.57,44.51,44.56,1650.0,-0.0899999999999963,0,-687.0,0
2020-03-30 08:13:00,44.545,44.585,44.525,44.58,6066.0,0.030000000000001137,1,4416.0,1
2020-03-30 08:14:00,44.605,44.64,44.595,44.595,14223.0,0.04999999999999716,1,8157.0,1
2020-03-30 08:15:00,44.625,44.67,44.51,44.575,19366.0,-0.02999999999999403,0,5143.0,1
2020-03-30 08:16:00,44.58,44.58,44.44,44.45,9952.0,-0.17499999999999716,0,-9414.0,0
2020-03-30 08:17:00,44.435,44.435,44.32,44.32,3632.0,-0.259999999999998,0,-6320.0,0
2020-03-30 08:18:00,44.32,44.37,44.265,44.265,1833.0,-0.1700000000000017,0,-1799.0,0
2020-03-30 08:19:00,44.255,44.315,44.255,44.27,3284.0,-0.04999999999999716,0,1451.0,1
2020-03-30 08:20:00,44.29,44.345,44.29,44.315,3949.0,0.05999999999999517,1,665.0,1
2020-03-30 08:21:00,44.32,44.33,44.205,44.215,2094.0,-0.07499999999999574,0,-1855.0,0
2020-03-30 08:22:00,44.22,44.32,44.22,44.25,7938.0,-0.07000000000000028,0,5844.0,1
2020-03-30 08:23:00,44.245,44.265,44.15,44.15,3766.0,-0.07000000000000028,0,-4172.0,0
2020-03-30 08:24:00,44.15,44.21,44.115,44.2,7756.0,-0.0449999999999946,0,3990.0,1
2020-03-30 08:25:00,44.2,44.295,44.2,44.27,6375.0,0.12000000000000455,1,-1381.0,0
2020-03-30 08:26:00,44.255,44.26,44.195,44.225,2103.0,0.02499999999999858,1,-4272.0,0
2020-03-30 08:27:00,44.24,44.315,44.225,44.285,7552.0,0.02999999999999403,1,5449.0,1
2020-03-30 08:28:00,44.285,44.3,44.235,44.29,4061.0,0.04999999999999716,1,-3491.0,0
2020-03-30 08:29:00,44.29,44.48,44.29,44.395,7766.0,0.11000000000000654,1,3705.0,1
2020-03-30 08:30:00,44.41,44.475,44.41,44.45,2302.0,0.1600000000000037,1,-5464.0,0
2020-03-30 08:31:00,44.465,44.505,44.46,44.5,5119.0,0.09000000000000341,1,2817.0,1
2020-03-30 08:32:00,44.51,44.725,44.51,44.69,2776.0,0.22499999999999432,1,-2343.0,0
2020-03-30 08:33:00,44.74,44.765,44.605,44.655,6434.0,0.14500000000000313,1,3658.0,1
2020-03-30 08:34:00,44.59,44.68,44.59,44.665,2383.0,-0.07500000000000284,0,-4051.0,0
2020-03-30 08:35:00,44.63,44.63,44.55,44.6,24274.0,0.00999999999999801,1,21891.0,1
2020-03-30 08:36:00,44.625,44.625,44.51,44.54,8587.0,-0.09000000000000341,0,-15687.0,0
2020-03-30 08:37:00,44.5,44.55,44.48,44.49,7802.0,-0.134999999999998,0,-785.0,0
2020-03-30 08:38:00,44.495,44.545,44.465,44.535,6759.0,0.03499999999999659,1,-1043.0,0
2020-03-30 08:39:00,44.53,44.675,44.53,44.67,5945.0,0.17500000000000426,1,-814.0,0
2020-03-30 08:40:00,44.675,44.82,44.675,44.785,3548.0,0.25499999999999545,1,-2397.0,0
2020-03-30 08:41:00,44.78,44.955,44.78,44.93,4555.0,0.25500000000000256,1,1007.0,1
2020-03-30 08:42:00,44.93,45.055,44.93,45.0,10967.0,0.21999999999999886,1,6412.0,1
2020-03-30 08:43:00,45.0,45.0,44.9,44.97,6648.0,0.03999999999999915,1,-4319.0,0
2020-03-30 08:44:00,44.94,44.97,44.835,44.835,3631.0,-0.16499999999999915,0,-3017.0,0
2020-03-30 08:45:00,44.835,44.975,44.835,44.955,2349.0,0.015000000000000568,1,-1282.0,0
2020-03-30 08:46:00,44.955,44.955,44.88,44.88,5070.0,0.045000000000001705,1,2721.0,1
2020-03-30 08:47:00,44.89,45.0,44.89,44.96,2886.0,0.005000000000002558,1,-2184.0,0
2020-03-30 08:48:00,44.97,45.035,44.89,44.975,6551.0,0.08500000000000085,1,3665.0,1
2020-03-30 08:49:00,44.98,45.02,44.98,44.99,3325.0,0.020000000000003126,1,-3226.0,0
2020-03-30 08:50:00,44.96,45.035,44.925,44.945,6471.0,-0.03499999999999659,0,3146.0,1
2020-03-30 08:51:00,44.925,44.925,44.83,44.88,3197.0,-0.0799999999999983,0,-3274.0,0
2020-03-30 08:52:00,44.89,44.89,44.7,44.715,4506.0,-0.20999999999999375,0,1309.0,1
2020-03-30 08:53:00,44.705,44.8,44.705,44.79,6010.0,-0.10000000000000142,0,1504.0,1
2020-03-30 08:54:00,44.785,44.785,44.62,44.64,2596.0,-0.06499999999999773,0,-3414.0,0
2020-03-30 08:55:00,44.63,44.65,44.54,44.6,4454.0,-0.18499999999999517,0,1858.0,1
2020-03-30 08:56:00,44.59,44.7,44.575,44.7,1703.0,0.07000000000000028,1,-2751.0,0
2020-03-30 08:57:00,44.71,44.735,44.625,44.625,5025.0,0.03499999999999659,1,3322.0,1
2020-03-30 08:58:00,44.61,44.63,44.535,44.565,2641.0,-0.14500000000000313,0,-2384.0,0
2020-03-30 08:59:00,44.58,44.72,44.58,44.705,1864.0,0.09499999999999886,1,-777.0,0
2020-03-30 09:00:00,44.67,44.75,44.67,44.73,2024.0,0.14999999999999858,1,160.0,1
2020-03-30 09:01:00,44.755,44.765,44.655,44.655,824.0,-0.015000000000000568,0,-1200.0,0
2020-03-30 09:02:00,44.7,44.8,44.7,44.8,3518.0,0.0449999999999946,1,2694.0,1
2020-03-30 09:03:00,44.765,44.775,44.7,44.725,1861.0,0.02499999999999858,1,-1657.0,0
2020-03-30 09:04:00,44.74,44.8,44.74,44.78,623.0,0.015000000000000568,1,-1238.0,0
2020-03-30 09:05:00,44.78,44.785,44.65,44.67,3803.0,-0.07000000000000028,0,3180.0,1
2020-03-30 09:06:00,44.665,44.735,44.665,44.705,2201.0,-0.07500000000000284,0,-1602.0,0
2020-03-30 09:07:00,44.75,44.8,44.725,44.79,16400.0,0.125,1,14199.0,1
2020-03-30 09:08:00,44.775,44.81,44.765,44.79,3205.0,0.03999999999999915,1,-13195.0,0
2020-03-30 09:09:00,44.795,44.91,44.795,44.905,626.0,0.13000000000000256,1,-2579.0,0
2020-03-30 09:10:00,44.94,44.97,44.93,44.95,2270.0,0.15500000000000114,1,1644.0,1
2020-03-30 09:11:00,44.965,44.965,44.9,44.93,2200.0,-0.00999999999999801,0,-70.0,0
2020-03-30 09:12:00,44.87,44.965,44.855,44.915,2495.0,-0.05000000000000426,0,295.0,1
2020-03-30 09:13:00,44.83,44.845,44.815,44.815,541.0,-0.054999999999999716,0,-1954.0,0
2020-03-30 09:14:00,44.835,44.865,44.82,44.84,3174.0,0.010000000000005116,1,2633.0,1
2020-03-30 09:15:00,44.815,44.865,44.81,44.815,2370.0,-0.020000000000003126,0,-804.0,0
2020-03-30 09:16:00,44.82,44.825,44.755,44.755,1488.0,-0.05999999999999517,0,-882.0,0
2020-03-30 09:17:00,44.74,44.82,44.74,44.82,550.0,0.0,0,-938.0,0
2020-03-30 09:18:00,44.79,44.83,44.79,44.825,1030.0,0.08500000000000085,1,480.0,1
2020-03-30 09:19:00,44.815,44.82,44.765,44.78,402.0,-0.00999999999999801,0,-628.0,0
2020-03-30 09:20:00,44.77,44.88,44.77,44.855,1821.0,0.03999999999999915,1,1419.0,1
2020-03-30 09:21:00,44.86,45.0,44.85,45.0,2129.0,0.22999999999999687,1,308.0,1
2020-03-30 09:22:00,45.07,45.095,45.04,45.095,2254.0,0.23499999999999943,1,125.0,1
2020-03-30 09:23:00,45.105,45.15,45.105,45.15,776.0,0.0799999999999983,1,-1478.0,0
2020-03-30 09:24:00,45.2,45.215,45.155,45.2,1673.0,0.09500000000000597,1,897.0,1
2020-03-30 09:25:00,45.18,45.18,45.1,45.15,1019.0,-0.05000000000000426,0,-654.0,0
2020-03-30 09:26:00,45.165,45.17,45.13,45.135,1357.0,-0.045000000000001705,0,338.0,1
2020-03-30 09:27:00,45.14,45.16,45.09,45.09,2359.0,-0.07499999999999574,0,1002.0,1
2020-03-30 09:28:00,45.095,45.12,45.09,45.105,2348.0,-0.035000000000003695,0,-11.0,0
2020-03-30 09:29:00,45.115,45.145,45.1,45.12,3112.0,0.02499999999999858,1,764.0,1
2020-03-30 09:30:00,45.14,45.15,45.055,45.065,3640.0,-0.05000000000000426,0,528.0,1
2020-03-30 09:31:00,45.01,45.01,44.96,44.96,3634.0,-0.17999999999999972,0,-6.0,0
2020-03-30 09:32:00,44.965,45.015,44.95,45.015,1517.0,0.005000000000002558,1,-2117.0,0
2020-03-30 09:33:00,45.045,45.105,45.04,45.105,3035.0,0.13999999999999346,1,1518.0,1
2020-03-30 09:34:00,45.135,45.165,45.135,45.165,1162.0,0.11999999999999744,1,-1873.0,0
2020-03-30 09:35:00,45.145,45.235,45.145,45.19,2945.0,0.054999999999999716,1,1783.0,1
2020-03-30 09:36:00,45.19,45.195,45.09,45.1,2010.0,-0.045000000000001705,0,-935.0,0
2020-03-30 09:37:00,45.1,45.105,45.01,45.105,2139.0,-0.08500000000000085,0,129.0,1
2020-03-30 09:38:00,45.125,45.17,45.125,45.145,1503.0,0.045000000000001705,1,-636.0,0
2020-03-30 09:39:00,45.12,45.155,45.1,45.155,1268.0,0.030000000000001137,1,-235.0,0
2020-03-30 09:40:00,45.155,45.155,45.095,45.115,3291.0,-0.0049999999999954525,0,2023.0,1
2020-03-30 09:41:00,45.125,45.155,45.12,45.155,1030.0,0.0,0,-2261.0,0
2020-03-30 09:42:00,45.16,45.16,45.125,45.125,1944.0,0.0,0,914.0,1
2020-03-30 09:43:00,45.085,45.085,45.035,45.05,3382.0,-0.10999999999999943,0,1438.0,1
2020-03-30 09:44:00,45.035,45.07,45.035,45.07,2865.0,-0.015000000000000568,0,-517.0,0
2020-03-30 09:45:00,45.035,45.07,45.035,45.035,1039.0,0.0,0,-1826.0,0
2020-03-30 09:46:00,45.035,45.05,45.0,45.0,1870.0,-0.03499999999999659,0,831.0,1
2020-03-30 09:47:00,44.955,44.955,44.87,44.89,4580.0,-0.14499999999999602,0,2710.0,1
2020-03-30 09:48:00,44.895,44.895,44.765,44.765,477.0,-0.18999999999999773,0,-4103.0,0
2020-03-30 09:49:00,44.77,44.895,44.77,44.895,6738.0,0.0,0,6261.0,1
2020-03-30 09:50:00,44.895,44.95,44.855,44.9,4499.0,0.12999999999999545,1,-2239.0,0
2020-03-30 09:51:00,44.86,44.875,44.83,44.875,2502.0,-0.020000000000003126,0,-1997.0,0
2020-03-30 09:52:00,44.88,44.915,44.88,44.91,814.0,0.04999999999999716,1,-1688.0,0
2020-03-30 09:53:00,44.88,44.935,44.88,44.935,384.0,0.054999999999999716,1,-430.0,0
2020-03-30 09:54:00,44.89,44.89,44.8,44.825,3696.0,-0.054999999999999716,0,3312.0,1
2020-03-30 09:55:00,44.8,44.865,44.785,44.835,1638.0,-0.054999999999999716,0,-2058.0,0
2020-03-30 09:56:00,44.815,44.87,44.8,44.84,1493.0,0.04000000000000625,1,-145.0,0
2020-03-30 09:57:00,44.83,44.88,44.82,44.88,611.0,0.06500000000000483,1,-882.0,0
2020-03-30 09:58:00,44.86,44.86,44.795,44.8,285.0,-0.030000000000001137,0,-326.0,0
2020-03-30 09:59:00,44.855,44.855,44.79,44.79,2108.0,-0.07000000000000028,0,1823.0,1
2020-03-30 10:00:00,44.785,44.825,44.785,44.81,730.0,-0.0449999999999946,0,-1378.0,0
2020-03-30 10:01:00,44.795,44.845,44.765,44.835,1145.0,0.05000000000000426,1,415.0,1
2020-03-30 10:02:00,44.835,44.885,44.825,44.825,1178.0,0.030000000000001137,1,33.0,1
2020-03-30 10:03:00,44.83,44.84,44.805,44.84,389.0,0.005000000000002558,1,-789.0,0
2020-03-30 10:04:00,44.86,44.92,44.85,44.92,1088.0,0.09000000000000341,1,699.0,1
2020-03-30 10:05:00,44.885,44.9,44.86,44.865,576.0,0.005000000000002558,1,-512.0,0
2020-03-30 10:06:00,44.84,44.845,44.8,44.81,1706.0,-0.07499999999999574,0,1130.0,1
2020-03-30 10:07:00,44.81,44.81,44.795,44.8,357.0,-0.04000000000000625,0,-1349.0,0
2020-03-30 10:08:00,44.795,44.855,44.795,44.855,340.0,0.0449999999999946,1,-17.0,0
2020-03-30 10:09:00,44.835,44.87,44.82,44.87,1066.0,0.07499999999999574,1,726.0,1
2020-03-30 10:10:00,44.86,44.86,44.8,44.83,1474.0,-0.005000000000002558,0,408.0,1
2020-03-30 10:11:00,44.83,44.865,44.83,44.84,773.0,-0.01999999999999602,0,-701.0,0
2020-03-30 10:12:00,44.845,44.89,44.845,44.86,2471.0,0.030000000000001137,1,1698.0,1
2020-03-30 10:13:00,44.87,44.95,44.87,44.95,1241.0,0.10500000000000398,1,-1230.0,0
2020-03-30 10:14:00,44.935,44.945,44.915,44.925,771.0,0.054999999999999716,1,-470.0,0
2020-03-30 10:15:00,44.915,44.915,44.885,44.89,1303.0,-0.045000000000001705,0,532.0,1
2020-03-30 10:16:00,44.89,44.955,44.89,44.94,579.0,0.02499999999999858,1,-724.0,0
2020-03-30 10:17:00,44.925,44.965,44.9,44.965,509.0,0.07500000000000284,1,-70.0,0
2020-03-30 10:18:00,44.945,44.95,44.89,44.895,631.0,-0.02999999999999403,0,122.0,1
2020-03-30 10:19:00,44.9,44.915,44.85,44.855,1305.0,-0.09000000000000341,0,674.0,1
2020-03-30 10:20:00,44.84,44.865,44.79,44.855,2760.0,-0.045000000000001705,0,1455.0,1
2020-03-30 10:21:00,44.84,44.88,44.84,44.88,1204.0,0.03999999999999915,1,-1556.0,0
2020-03-30 10:22:00,44.87,44.87,44.82,44.82,2657.0,-0.020000000000003126,0,1453.0,1
2020-03-30 10:23:00,44.815,44.815,44.795,44.815,2231.0,-0.054999999999999716,0,-426.0,0
2020-03-30 10:24:00,44.82,44.835,44.795,44.815,2241.0,0.0,0,10.0,1
2020-03-30 10:25:00,44.805,44.825,44.785,44.805,1943.0,-0.015000000000000568,0,-298.0,0
2020-03-30 10:26:00,44.805,44.805,44.76,44.77,3649.0,-0.03499999999999659,0,1706.0,1
2020-03-30 10:27:00,44.775,44.775,44.745,44.775,1443.0,-0.030000000000001137,0,-2206.0,0
2020-03-30 10:28:00,44.78,44.815,44.77,44.815,8202.0,0.03999999999999915,1,6759.0,1
2020-03-30 10:29:00,44.835,44.885,44.805,44.855,7005.0,0.07499999999999574,1,-1197.0,0
2020-03-30 10:30:00,44.86,44.89,44.86,44.86,688.0,0.02499999999999858,1,-6317.0,0
2020-03-30 10:31:00,44.85,44.95,44.84,44.95,1880.0,0.09000000000000341,1,1192.0,1
2020-03-30 10:32:00,44.965,45.0,44.965,45.0,2103.0,0.14999999999999858,1,223.0,1
2020-03-30 10:33:00,45.0,45.0,44.965,44.98,1750.0,0.014999999999993463,1,-353.0,0
2020-03-30 10:34:00,44.995,45.005,44.925,44.945,2528.0,-0.054999999999999716,0,778.0,1
2020-03-30 10:35:00,44.93,44.935,44.915,44.935,1290.0,-0.05999999999999517,0,-1238.0,0
2020-03-30 10:36:00,44.935,44.965,44.915,44.915,1997.0,-0.015000000000000568,0,707.0,1
2020-03-30 10:37:00,44.91,44.91,44.87,44.88,1614.0,-0.054999999999999716,0,-383.0,0
2020-03-30 10:38:00,44.895,44.99,44.895,44.98,1459.0,0.07000000000000028,1,-155.0,0
2020-03-30 10:39:00,44.99,44.99,44.97,44.97,1406.0,0.07499999999999574,1,-53.0,0
2020-03-30 10:40:00,44.975,44.985,44.955,44.985,669.0,-0.005000000000002558,0,-737.0,0
2020-03-30 10:41:00,44.99,44.995,44.96,44.99,2554.0,0.015000000000000568,1,1885.0,1
2020-03-30 10:42:00,44.96,44.985,44.945,44.965,4014.0,-0.02499999999999858,0,1460.0,1
2020-03-30 10:43:00,44.955,44.995,44.95,44.99,2222.0,0.030000000000001137,1,-1792.0,0
2020-03-30 10:44:00,44.985,45.025,44.95,45.025,3825.0,0.07000000000000028,1,1603.0,1
2020-03-30 10:45:00,45.0,45.005,44.99,45.0,1466.0,0.015000000000000568,1,-2359.0,0
2020-03-30 10:46:00,45.0,45.0,44.98,45.0,1444.0,0.0,0,-22.0,0
2020-03-30 10:47:00,44.99,45.015,44.99,45.005,1730.0,0.005000000000002558,1,286.0,1
2020-03-30 10:48:00,44.99,45.01,44.95,44.95,4536.0,-0.03999999999999915,0,2806.0,1
2020-03-30 10:49:00,44.965,44.99,44.96,44.99,2256.0,0.0,0,-2280.0,0
2020-03-30 10:50:00,45.025,45.025,44.985,44.99,2132.0,0.02499999999999858,1,-124.0,0
2020-03-30 10:51:00,44.98,45.0,44.92,44.945,4505.0,-0.0799999999999983,0,2373.0,1
2020-03-30 10:52:00,44.955,45.03,44.955,45.01,1176.0,0.030000000000001137,1,-3329.0,0
2020-03-30 10:53:00,45.01,45.06,45.01,45.035,984.0,0.0799999999999983,1,-192.0,0
2020-03-30 10:54:00,45.045,45.065,45.025,45.025,2882.0,0.015000000000000568,1,1898.0,1
2020-03-30 10:55:00,45.025,45.03,44.995,44.995,2587.0,-0.05000000000000426,0,-295.0,0
2020-03-30 10:56:00,44.99,44.99,44.965,44.985,2995.0,-0.03999999999999915,0,408.0,1
2020-03-30 10:57:00,44.975,45.005,44.94,45.005,3058.0,0.015000000000000568,1,63.0,1
2020-03-30 10:58:00,45.015,45.05,45.0,45.05,2065.0,0.07499999999999574,1,-993.0,0
2020-03-30 10:59:00,45.055,45.075,45.055,45.07,1226.0,0.054999999999999716,1,-839.0,0
2020-03-30 11:00:00,45.08,45.08,45.03,45.075,4620.0,0.020000000000003126,1,3394.0,1
2020-03-30 11:03:00,45.005,45.005,44.89,45.0,8687.0,-0.0799999999999983,0,4067.0,1
2020-03-30 11:04:00,45.005,45.035,44.985,45.01,4713.0,0.0049999999999954525,1,-3974.0,0
2020-03-30 11:05:00,45.0,45.03,45.0,45.015,1274.0,0.00999999999999801,1,-3439.0,0
2020-03-30 11:06:00,45.02,45.035,45.005,45.03,1259.0,0.030000000000001137,1,-15.0,0
2020-03-30 11:07:00,45.045,45.1,45.045,45.09,2899.0,0.07000000000000028,1,1640.0,1
2020-03-30 11:08:00,45.085,45.175,45.085,45.17,2436.0,0.125,1,-463.0,0
2020-03-30 11:09:00,45.165,45.23,45.165,45.23,1332.0,0.14499999999999602,1,-1104.0,0
2020-03-30 11:10:00,45.24,45.27,45.195,45.24,4445.0,0.07500000000000284,1,3113.0,1
2020-03-30 11:11:00,45.26,45.27,45.26,45.27,484.0,0.030000000000001137,1,-3961.0,0
2020-03-30 11:12:00,45.265,45.34,45.25,45.34,7104.0,0.0800000000000054,1,6620.0,1
2020-03-30 11:13:00,45.335,45.37,45.305,45.36,6437.0,0.09499999999999886,1,-667.0,0
2020-03-30 11:14:00,45.345,45.37,45.29,45.35,6329.0,0.015000000000000568,1,-108.0,0
2020-03-30 11:15:00,45.34,45.36,45.33,45.355,6063.0,0.00999999999999801,1,-266.0,0
2020-03-30 11:16:00,45.355,45.355,45.225,45.27,5755.0,-0.07000000000000028,0,-308.0,0
2020-03-30 11:17:00,45.235,45.285,45.235,45.265,3680.0,-0.0899999999999963,0,-2075.0,0
2020-03-30 11:18:00,45.27,45.325,45.23,45.25,11906.0,0.015000000000000568,1,8226.0,1
2020-03-30 11:19:00,45.225,45.24,45.175,45.2,8426.0,-0.07000000000000028,0,-3480.0,0
2020-03-30 11:20:00,45.2,45.22,45.18,45.2,1598.0,-0.02499999999999858,0,-6828.0,0
2020-03-30 11:21:00,45.195,45.195,45.125,45.125,2436.0,-0.07500000000000284,0,838.0,1
2020-03-30 11:22:00,45.12,45.15,45.085,45.085,3836.0,-0.10999999999999943,0,1400.0,1
2020-03-30 11:23:00,45.085,45.115,45.06,45.08,3682.0,-0.03999999999999915,0,-154.0,0
2020-03-30 11:24:00,45.08,45.14,45.08,45.12,2113.0,0.03499999999999659,1,-1569.0,0
2020-03-30 11:25:00,45.175,45.175,45.165,45.17,306.0,0.09000000000000341,1,-1807.0,0
2020-03-30 11:26:00,45.15,45.15,45.045,45.075,5802.0,-0.09999999999999432,0,5496.0,1
2020-03-30 11:27:00,45.055,45.06,45.02,45.045,2791.0,-0.10499999999999687,0,-3011.0,0
2020-03-30 11:28:00,45.04,45.045,45.015,45.02,2140.0,-0.03499999999999659,0,-651.0,0
2020-03-30 11:29:00,45.015,45.075,45.015,45.045,2799.0,0.005000000000002558,1,659.0,1
2020-03-30 11:30:00,45.05,45.065,45.045,45.045,1371.0,0.030000000000001137,1,-1428.0,0
2020-03-30 11:31:00,45.035,45.045,45.0,45.01,5994.0,-0.03999999999999915,0,4623.0,1
2020-03-30 11:32:00,45.015,45.03,44.995,45.0,1648.0,-0.03499999999999659,0,-4346.0,0
2020-03-30 11:33:00,45.0,45.015,44.98,45.005,1424.0,-0.00999999999999801,0,-224.0,0
2020-03-30 11:34:00,45.01,45.01,44.98,44.985,3930.0,-0.015000000000000568,0,2506.0,1
2020-03-30 11:35:00,44.98,44.98,44.915,44.935,2679.0,-0.07499999999999574,0,-1251.0,0
2020-03-30 11:36:00,44.935,44.945,44.915,44.945,1172.0,-0.03499999999999659,0,-1507.0,0
2020-03-30 11:37:00,44.975,45.03,44.975,45.03,828.0,0.09499999999999886,1,-344.0,0
2020-03-30 11:38:00,45.04,45.04,44.955,44.955,4748.0,-0.020000000000003126,0,3920.0,1
2020-03-30 11:39:00,44.945,44.95,44.93,44.94,1858.0,-0.10000000000000142,0,-2890.0,0
2020-03-30 11:40:00,44.945,44.95,44.875,44.875,3085.0,-0.07000000000000028,0,1227.0,1
2020-03-30 11:41:00,44.865,44.875,44.765,44.775,1742.0,-0.1700000000000017,0,-1343.0,0
2020-03-30 11:42:00,44.785,44.84,44.76,44.785,4397.0,-0.0800000000000054,0,2655.0,1
2020-03-30 11:43:00,44.78,44.785,44.745,44.775,3015.0,-0.00999999999999801,0,-1382.0,0
2020-03-30 11:44:00,44.775,44.805,44.775,44.805,1438.0,0.02499999999999858,1,-1577.0,0
2020-03-30 11:45:00,44.805,44.865,44.805,44.865,7805.0,0.09000000000000341,1,6367.0,1
2020-03-30 11:46:00,44.85,44.87,44.81,44.87,7684.0,0.06499999999999773,1,-121.0,0
2020-03-30 11:47:00,44.865,44.89,44.86,44.89,3664.0,0.03999999999999915,1,-4020.0,0
2020-03-30 11:48:00,44.9,44.92,44.845,44.86,5258.0,-0.005000000000002558,0,1594.0,1
2020-03-30 11:49:00,44.855,44.865,44.835,44.86,1280.0,-0.03999999999999915,0,-3978.0,0
2020-03-30 11:50:00,44.835,44.845,44.805,44.825,4122.0,-0.02999999999999403,0,2842.0,1
2020-03-30 11:51:00,44.825,44.835,44.795,44.835,2286.0,0.0,0,-1836.0,0
2020-03-30 11:52:00,44.83,44.845,44.805,44.81,6742.0,-0.015000000000000568,0,4456.0,1
2020-03-30 11:53:00,44.81,44.835,44.79,44.835,3594.0,0.005000000000002558,1,-3148.0,0
2020-03-30 11:54:00,44.85,44.89,44.85,44.89,4252.0,0.0799999999999983,1,658.0,1
2020-03-30 11:55:00,44.89,44.92,44.865,44.865,5735.0,0.015000000000000568,1,1483.0,1
2020-03-30 11:56:00,44.87,44.91,44.87,44.91,725.0,0.01999999999999602,1,-5010.0,0
2020-03-30 11:57:00,44.91,44.92,44.88,44.92,2339.0,0.05000000000000426,1,1614.0,1
2020-03-30 11:58:00,44.91,44.91,44.86,44.87,970.0,-0.03999999999999915,0,-1369.0,0
2020-03-30 11:59:00,44.885,44.885,44.855,44.855,1611.0,-0.054999999999999716,0,641.0,1
2020-03-30 12:00:00,44.85,44.85,44.815,44.83,3126.0,-0.054999999999999716,0,1515.0,1
2020-03-30 12:01:00,44.81,44.81,44.705,44.71,1964.0,-0.14000000000000057,0,-1162.0,0
2020-03-30 12:02:00,44.715,44.73,44.71,44.72,1914.0,-0.09000000000000341,0,-50.0,0
2020-03-30 12:03:00,44.72,44.815,44.72,44.775,767.0,0.05999999999999517,1,-1147.0,0
2020-03-30 12:04:00,44.77,44.79,44.77,44.785,646.0,0.06499999999999773,1,-121.0,0
2020-03-30 12:05:00,44.795,44.81,44.76,44.77,4326.0,0.0,0,3680.0,1
2020-03-30 12:06:00,44.755,44.795,44.755,44.765,2770.0,-0.030000000000001137,0,-1556.0,0
2020-03-30 12:07:00,44.75,44.76,44.695,44.71,3741.0,-0.045000000000001705,0,971.0,1
2020-03-30 12:08:00,44.71,44.735,44.71,44.715,2631.0,-0.03499999999999659,0,-1110.0,0
2020-03-30 12:09:00,44.715,44.735,44.715,44.725,1568.0,0.015000000000000568,1,-1063.0,0
2020-03-30 12:10:00,44.74,44.84,44.74,44.83,3667.0,0.11499999999999488,1,2099.0,1
2020-03-30 12:11:00,44.825,44.825,44.725,44.765,2220.0,0.02499999999999858,1,-1447.0,0
2020-03-30 12:12:00,44.765,44.78,44.71,44.755,3053.0,-0.07000000000000028,0,833.0,1
2020-03-30 12:13:00,44.75,44.755,44.74,44.755,727.0,-0.00999999999999801,0,-2326.0,0
2020-03-30 12:14:00,44.735,44.735,44.665,44.665,1779.0,-0.08500000000000085,0,1052.0,1
2020-03-30 12:15:00,44.645,44.75,44.645,44.685,9526.0,-0.04999999999999716,0,7747.0,1
2020-03-30 12:16:00,44.69,44.69,44.64,44.655,2805.0,0.00999999999999801,1,-6721.0,0
2020-03-30 12:17:00,44.67,44.68,44.635,44.65,2607.0,-0.03999999999999915,0,-198.0,0
2020-03-30 12:18:00,44.655,44.775,44.655,44.775,2136.0,0.10499999999999687,1,-471.0,0
2020-03-30 12:19:00,44.765,44.8,44.74,44.8,5461.0,0.14499999999999602,1,3325.0,1
2020-03-30 12:20:00,44.8,44.86,44.79,44.85,3082.0,0.08500000000000085,1,-2379.0,0
2020-03-30 12:21:00,44.85,44.895,44.835,44.865,1943.0,0.06500000000000483,1,-1139.0,0
2020-03-30 12:22:00,44.865,44.88,44.845,44.855,1821.0,0.0049999999999954525,1,-122.0,0
2020-03-30 12:23:00,44.845,44.86,44.84,44.86,1446.0,-0.005000000000002558,0,-375.0,0
2020-03-30 12:24:00,44.88,44.91,44.87,44.91,1381.0,0.06499999999999773,1,-65.0,0
2020-03-30 12:25:00,44.915,44.94,44.915,44.94,4078.0,0.05999999999999517,1,2697.0,1
2020-03-30 12:26:00,44.94,44.99,44.94,44.97,2528.0,0.054999999999999716,1,-1550.0,0
2020-03-30 12:27:00,44.99,44.99,44.965,44.985,2165.0,0.045000000000001705,1,-363.0,0
2020-03-30 12:28:00,44.98,45.01,44.96,45.01,4229.0,0.01999999999999602,1,2064.0,1
2020-03-30 12:29:00,45.02,45.03,45.01,45.02,1229.0,0.04000000000000625,1,-3000.0,0
2020-03-30 12:30:00,45.01,45.03,45.01,45.03,1872.0,0.00999999999999801,1,643.0,1
2020-03-30 12:31:00,45.01,45.04,45.01,45.015,1637.0,0.005000000000002558,1,-235.0,0
2020-03-30 12:32:00,45.02,45.03,44.995,45.01,2946.0,0.0,0,1309.0,1
2020-03-30 12:33:00,45.04,45.11,45.04,45.11,2078.0,0.0899999999999963,1,-868.0,0
2020-03-30 12:34:00,45.11,45.11,45.055,45.105,1656.0,0.06499999999999773,1,-422.0,0
2020-03-30 12:35:00,45.12,45.125,45.075,45.075,2129.0,-0.03499999999999659,0,473.0,1
2020-03-30 12:36:00,45.095,45.1,45.095,45.1,905.0,-0.01999999999999602,0,-1224.0,0
2020-03-30 12:37:00,45.08,45.15,45.075,45.15,6082.0,0.054999999999999716,1,5177.0,1
2020-03-30 12:38:00,45.13,45.175,45.12,45.175,1241.0,0.09499999999999886,1,-4841.0,0
2020-03-30 12:39:00,45.165,45.2,45.15,45.2,2933.0,0.07000000000000028,1,1692.0,1
2020-03-30 12:40:00,45.175,45.21,45.165,45.21,2749.0,0.045000000000001705,1,-184.0,0
2020-03-30 12:41:00,45.2,45.23,45.18,45.18,3416.0,0.005000000000002558,1,667.0,1
2020-03-30 12:42:00,45.185,45.185,45.115,45.115,3016.0,-0.08500000000000085,0,-400.0,0
2020-03-30 12:43:00,45.14,45.26,45.13,45.25,7955.0,0.06499999999999773,1,4939.0,1
2020-03-30 12:44:00,45.27,45.275,45.2,45.235,14485.0,0.09499999999999886,1,6530.0,1
2020-03-30 12:45:00,45.23,45.23,45.185,45.19,2138.0,-0.0800000000000054,0,-12347.0,0
2020-03-30 12:46:00,45.155,45.155,45.045,45.045,4281.0,-0.18499999999999517,0,2143.0,1
2020-03-30 12:47:00,45.09,45.125,45.03,45.07,13312.0,-0.08500000000000085,0,9031.0,1
2020-03-30 12:48:00,45.05,45.06,45.03,45.035,1497.0,-0.05500000000000682,0,-11815.0,0
2020-03-30 12:49:00,45.05,45.07,45.035,45.07,1386.0,0.020000000000003126,1,-111.0,0
2020-03-30 12:50:00,45.08,45.08,45.055,45.055,301.0,0.005000000000002558,1,-1085.0,0
2020-03-30 12:51:00,45.05,45.05,44.995,44.995,4145.0,-0.08500000000000085,0,3844.0,1
2020-03-30 12:52:00,44.975,44.975,44.95,44.97,3663.0,-0.0799999999999983,0,-482.0,0
2020-03-30 12:53:00,44.985,45.025,44.955,45.025,1650.0,0.04999999999999716,1,-2013.0,0
2020-03-30 12:54:00,45.03,45.06,45.0,45.0,2591.0,0.015000000000000568,1,941.0,1
2020-03-30 12:55:00,44.995,45.025,44.99,45.025,991.0,-0.005000000000002558,0,-1600.0,0
2020-03-30 12:56:00,45.015,45.015,44.92,44.92,3888.0,-0.07499999999999574,0,2897.0,1
2020-03-30 12:57:00,44.98,45.005,44.98,45.005,454.0,-0.00999999999999801,0,-3434.0,0
2020-03-30 12:58:00,45.0,45.005,44.985,44.995,1197.0,0.015000000000000568,1,743.0,1
2020-03-30 12:59:00,44.97,45.01,44.97,44.995,1419.0,-0.005000000000002558,0,222.0,1
2020-03-30 13:00:00,44.985,45.0,44.975,45.0,1768.0,0.030000000000001137,1,349.0,1
2020-03-30 13:01:00,44.995,44.995,44.96,44.965,2258.0,-0.01999999999999602,0,490.0,1
2020-03-30 13:02:00,44.96,44.995,44.955,44.995,1296.0,0.0,0,-962.0,0
2020-03-30 13:03:00,44.97,44.98,44.93,44.93,1304.0,-0.030000000000001137,0,8.0,1
2020-03-30 13:04:00,44.93,44.93,44.88,44.88,448.0,-0.0899999999999963,0,-856.0,0
2020-03-30 13:05:00,44.905,44.905,44.905,44.905,115.0,-0.02499999999999858,0,-333.0,0
2020-03-30 13:06:00,44.915,44.915,44.895,44.9,1529.0,-0.005000000000002558,0,1414.0,1
2020-03-30 13:07:00,44.9,44.9,44.89,44.89,803.0,-0.02499999999999858,0,-726.0,0
2020-03-30 13:08:00,44.925,44.95,44.925,44.935,1546.0,0.035000000000003695,1,743.0,1
2020-03-30 13:09:00,44.93,44.955,44.93,44.955,777.0,0.030000000000001137,1,-769.0,0
2020-03-30 13:10:00,44.96,44.965,44.92,44.92,3579.0,-0.00999999999999801,0,2802.0,1
2020-03-30 13:11:00,44.92,44.95,44.915,44.915,1493.0,-0.045000000000001705,0,-2086.0,0
2020-03-30 13:12:00,44.92,44.98,44.92,44.98,3235.0,0.05999999999999517,1,1742.0,1
2020-03-30 13:13:00,44.98,44.98,44.895,44.895,3514.0,-0.02499999999999858,0,279.0,1
2020-03-30 13:14:00,44.9,44.905,44.855,44.885,1608.0,-0.09499999999999886,0,-1906.0,0
2020-03-30 13:15:00,44.885,44.93,44.885,44.92,1229.0,0.020000000000003126,1,-379.0,0
2020-03-30 13:16:00,44.915,44.915,44.885,44.885,2412.0,0.0,0,1183.0,1
2020-03-30 13:17:00,44.855,44.855,44.83,44.845,545.0,-0.07000000000000028,0,-1867.0,0
2020-03-30 13:18:00,44.815,44.845,44.795,44.83,3148.0,-0.02499999999999858,0,2603.0,1
2020-03-30 13:19:00,44.84,44.84,44.79,44.81,4118.0,-0.0049999999999954525,0,970.0,1
2020-03-30 13:20:00,44.82,44.855,44.82,44.83,6091.0,-0.010000000000005116,0,1973.0,1
2020-03-30 13:21:00,44.825,44.85,44.825,44.835,1471.0,0.015000000000000568,1,-4620.0,0
2020-03-30 13:22:00,44.845,44.87,44.845,44.87,1365.0,0.0449999999999946,1,-106.0,0
2020-03-30 13:23:00,44.885,44.885,44.87,44.88,2191.0,0.035000000000003695,1,826.0,1
2020-03-30 13:24:00,44.885,44.915,44.885,44.9,2710.0,0.015000000000000568,1,519.0,1
2020-03-30 13:25:00,44.905,44.915,44.885,44.89,3873.0,0.005000000000002558,1,1163.0,1
2020-03-30 13:26:00,44.88,44.93,44.86,44.885,5354.0,-0.020000000000003126,0,1481.0,1
2020-03-30 13:27:00,44.865,44.94,44.865,44.94,2688.0,0.05999999999999517,1,-2666.0,0
2020-03-30 13:28:00,44.945,44.945,44.89,44.905,1352.0,0.03999999999999915,1,-1336.0,0
2020-03-30 13:29:00,44.895,44.895,44.88,44.88,1392.0,-0.06499999999999773,0,40.0,1
2020-03-30 13:30:00,44.905,44.925,44.88,44.895,1096.0,0.0,0,-296.0,0
2020-03-30 13:31:00,44.875,44.89,44.835,44.885,2822.0,-0.020000000000003126,0,1726.0,1
2020-03-30 13:32:00,44.895,44.92,44.885,44.885,537.0,0.00999999999999801,1,-2285.0,0
2020-03-30 13:33:00,44.895,44.945,44.895,44.9,1787.0,0.0049999999999954525,1,1250.0,1
2020-03-30 13:34:00,44.905,44.905,44.84,44.85,4455.0,-0.045000000000001705,0,2668.0,1
2020-03-30 13:35:00,44.845,44.85,44.83,44.83,1018.0,-0.07500000000000284,0,-3437.0,0
2020-03-30 13:36:00,44.83,44.83,44.715,44.735,2755.0,-0.10999999999999943,0,1737.0,1
2020-03-30 13:37:00,44.75,44.75,44.63,44.63,1562.0,-0.19999999999999574,0,-1193.0,0
2020-03-30 13:38:00,44.6,44.6,44.475,44.5,6862.0,-0.25,0,5300.0,1
2020-03-30 13:39:00,44.535,44.545,44.53,44.53,951.0,-0.07000000000000028,0,-5911.0,0
2020-03-30 13:40:00,44.515,44.515,44.405,44.43,3791.0,-0.10499999999999687,0,2840.0,1
2020-03-30 13:41:00,44.415,44.425,44.36,44.38,1240.0,-0.134999999999998,0,-2551.0,0
2020-03-30 13:42:00,44.35,44.365,44.28,44.29,3450.0,-0.125,0,2210.0,1
2020-03-30 13:43:00,44.295,44.325,44.165,44.2,2282.0,-0.14999999999999858,0,-1168.0,0
2020-03-30 13:44:00,44.19,44.25,44.155,44.22,6000.0,-0.07500000000000284,0,3718.0,1
2020-03-30 13:45:00,44.225,44.32,44.225,44.315,2024.0,0.125,1,-3976.0,0
2020-03-30 13:46:00,44.325,44.325,44.21,44.21,1144.0,-0.015000000000000568,0,-880.0,0
2020-03-30 13:47:00,44.24,44.28,44.22,44.27,1572.0,-0.054999999999999716,0,428.0,1
2020-03-30 13:48:00,44.31,44.325,44.28,44.325,896.0,0.08500000000000085,1,-676.0,0
2020-03-30 13:49:00,44.3,44.3,44.25,44.26,2574.0,-0.05000000000000426,0,1678.0,1
2020-03-30 13:50:00,44.26,44.335,44.25,44.335,1915.0,0.035000000000003695,1,-659.0,0
2020-03-30 13:51:00,44.35,44.445,44.35,44.445,3794.0,0.18500000000000227,1,1879.0,1
2020-03-30 13:52:00,44.515,44.55,44.51,44.55,871.0,0.19999999999999574,1,-2923.0,0
2020-03-30 13:53:00,44.525,44.56,44.505,44.53,3430.0,0.015000000000000568,1,2559.0,1
2020-03-30 13:54:00,44.53,44.555,44.445,44.485,6502.0,-0.03999999999999915,0,3072.0,1
2020-03-30 13:55:00,44.5,44.51,44.465,44.49,11861.0,-0.03999999999999915,0,5359.0,1
2020-03-30 13:56:00,44.505,44.505,44.43,44.435,3647.0,-0.06499999999999773,0,-8214.0,0
2020-03-30 13:57:00,44.435,44.62,44.435,44.61,5865.0,0.10499999999999687,1,2218.0,1
2020-03-30 13:58:00,44.505,44.505,44.48,44.48,861.0,0.0449999999999946,1,-5004.0,0
2020-03-30 13:59:00,44.475,44.52,44.425,44.425,4828.0,-0.0800000000000054,0,3967.0,1
2020-03-30 14:00:00,44.44,44.47,44.39,44.47,6335.0,-0.005000000000002558,0,1507.0,1
2020-03-30 14:01:00,44.48,44.52,44.445,44.445,2765.0,0.005000000000002558,1,-3570.0,0
2020-03-30 14:02:00,44.44,44.455,44.415,44.42,846.0,-0.05999999999999517,0,-1919.0,0
2020-03-30 14:03:00,44.4,44.485,44.36,44.485,6424.0,0.045000000000001705,1,5578.0,1
2020-03-30 14:04:00,44.47,44.51,44.45,44.46,1427.0,0.060000000000002274,1,-4997.0,0
2020-03-30 14:05:00,44.49,44.53,44.49,44.515,2772.0,0.045000000000001705,1,1345.0,1
2020-03-30 14:06:00,44.485,44.535,44.47,44.525,2045.0,0.03499999999999659,1,-727.0,0
2020-03-30 14:07:00,44.51,44.53,44.49,44.505,1265.0,0.020000000000003126,1,-780.0,0
2020-03-30 14:08:00,44.525,44.55,44.5,44.525,2819.0,0.015000000000000568,1,1554.0,1
2020-03-30 14:09:00,44.54,44.54,44.46,44.465,616.0,-0.05999999999999517,0,-2203.0,0
2020-03-30 14:10:00,44.475,44.48,44.43,44.47,1046.0,-0.07000000000000028,0,430.0,1
2020-03-30 14:11:00,44.48,44.48,44.43,44.445,1410.0,-0.030000000000001137,0,364.0,1
2020-03-30 14:12:00,44.445,44.465,44.395,44.465,2795.0,-0.014999999999993463,0,1385.0,1
2020-03-30 14:13:00,44.47,44.52,44.47,44.505,1391.0,0.060000000000002274,1,-1404.0,0
2020-03-30 14:14:00,44.485,44.515,44.47,44.515,1963.0,0.045000000000001705,1,572.0,1
2020-03-30 14:15:00,44.555,44.58,44.55,44.56,1757.0,0.07500000000000284,1,-206.0,0
2020-03-30 14:16:00,44.57,44.655,44.57,44.635,2088.0,0.0799999999999983,1,331.0,1
2020-03-30 14:17:00,44.655,44.695,44.62,44.695,1698.0,0.125,1,-390.0,0
2020-03-30 14:18:00,44.675,44.68,44.655,44.66,2679.0,0.0049999999999954525,1,981.0,1
2020-03-30 14:19:00,44.66,44.675,44.63,44.63,838.0,-0.0449999999999946,0,-1841.0,0
2020-03-30 14:20:00,44.61,44.645,44.605,44.615,1376.0,-0.0449999999999946,0,538.0,1
2020-03-30 14:21:00,44.615,44.66,44.615,44.66,2535.0,0.04999999999999716,1,1159.0,1
2020-03-30 14:22:00,44.68,44.73,44.67,44.73,6587.0,0.11499999999999488,1,4052.0,1
2020-03-30 14:23:00,44.735,44.765,44.715,44.765,3209.0,0.08500000000000085,1,-3378.0,0
2020-03-30 14:24:00,44.785,44.805,44.77,44.795,1882.0,0.060000000000002274,1,-1327.0,0
2020-03-30 14:25:00,44.79,44.84,44.79,44.84,2009.0,0.05500000000000682,1,127.0,1
2020-03-30 14:26:00,44.84,44.84,44.79,44.815,1888.0,0.02499999999999858,1,-121.0,0
2020-03-30 14:27:00,44.83,44.84,44.805,44.81,1138.0,-0.030000000000001137,0,-750.0,0
2020-03-30 14:28:00,44.83,44.85,44.775,44.825,3416.0,-0.0049999999999954525,0,2278.0,1
2020-03-30 14:29:00,44.815,44.845,44.785,44.785,1391.0,-0.045000000000001705,0,-2025.0,0
2020-03-30 14:30:00,44.78,44.79,44.775,44.79,604.0,-0.02499999999999858,0,-787.0,0
2020-03-30 14:31:00,44.79,44.83,44.785,44.785,1729.0,0.0049999999999954525,1,1125.0,1
2020-03-30 14:32:00,44.785,44.79,44.76,44.775,1509.0,-0.015000000000000568,0,-220.0,0
2020-03-30 14:33:00,44.81,44.81,44.775,44.795,744.0,0.010000000000005116,1,-765.0,0
2020-03-30 14:34:00,44.79,44.835,44.77,44.825,1812.0,0.015000000000000568,1,1068.0,1
2020-03-30 14:35:00,44.845,44.87,44.83,44.855,2435.0,0.06499999999999773,1,623.0,1
2020-03-30 14:36:00,44.865,44.875,44.83,44.845,5841.0,0.0,0,3406.0,1
2020-03-30 14:37:00,44.845,44.855,44.84,44.84,1276.0,-0.02499999999999858,0,-4565.0,0
2020-03-30 14:38:00,44.83,44.845,44.82,44.84,1982.0,-0.0049999999999954525,0,706.0,1
2020-03-30 14:39:00,44.835,44.88,44.815,44.875,3571.0,0.045000000000001705,1,1589.0,1
2020-03-30 14:40:00,44.875,44.92,44.87,44.905,1901.0,0.07000000000000028,1,-1670.0,0
2020-03-30 14:41:00,44.91,44.935,44.9,44.915,1982.0,0.03999999999999915,1,81.0,1
2020-03-30 14:42:00,44.92,44.97,44.91,44.96,3693.0,0.05000000000000426,1,1711.0,1
2020-03-30 14:43:00,44.955,45.02,44.955,45.01,3794.0,0.0899999999999963,1,101.0,1
2020-03-30 14:44:00,45.01,45.01,44.93,44.93,3490.0,-0.02499999999999858,0,-304.0,0
2020-03-30 14:45:00,44.955,44.97,44.95,44.97,1067.0,-0.03999999999999915,0,-2423.0,0
2020-03-30 14:46:00,44.95,44.99,44.94,44.98,1893.0,0.02499999999999858,1,826.0,1
2020-03-30 14:47:00,44.995,45.005,44.965,44.97,1323.0,0.01999999999999602,1,-570.0,0
2020-03-30 14:48:00,44.965,45.02,44.965,45.02,1365.0,0.025000000000005684,1,42.0,1
2020-03-30 14:49:00,45.01,45.035,44.99,45.035,2575.0,0.06999999999999318,1,1210.0,1
2020-03-30 14:50:00,45.03,45.075,45.02,45.06,3878.0,0.05000000000000426,1,1303.0,1
2020-03-30 14:51:00,45.075,45.08,44.99,44.99,1947.0,-0.03999999999999915,0,-1931.0,0
2020-03-30 14:52:00,44.95,44.975,44.865,44.87,7871.0,-0.2050000000000054,0,5924.0,1
2020-03-30 14:53:00,44.885,44.95,44.87,44.925,4304.0,-0.025000000000005684,0,-3567.0,0
2020-03-30 14:54:00,44.94,44.955,44.935,44.935,1186.0,0.05000000000000426,1,-3118.0,0
2020-03-30 14:55:00,44.955,45.005,44.955,44.995,4158.0,0.054999999999999716,1,2972.0,1
2020-03-30 14:56:00,45.005,45.02,45.0,45.015,2249.0,0.060000000000002274,1,-1909.0,0
2020-03-30 14:57:00,44.995,44.995,44.96,44.965,2198.0,-0.03999999999999915,0,-51.0,0
2020-03-30 14:58:00,44.98,45.01,44.965,44.965,2783.0,-0.02999999999999403,0,585.0,1
2020-03-30 14:59:00,44.96,44.97,44.925,44.95,1412.0,-0.02999999999999403,0,-1371.0,0
2020-03-30 15:00:00,44.96,44.96,44.92,44.93,4063.0,-0.030000000000001137,0,2651.0,1
2020-03-30 15:01:00,44.95,44.955,44.95,44.955,476.0,-0.005000000000002558,0,-3587.0,0
2020-03-30 15:02:00,44.965,45.025,44.965,45.02,1160.0,0.07000000000000028,1,684.0,1
2020-03-30 15:03:00,45.035,45.08,45.035,45.045,5580.0,0.0799999999999983,1,4420.0,1
2020-03-30 15:04:00,45.05,45.07,45.015,45.015,2623.0,-0.01999999999999602,0,-2957.0,0
2020-03-30 15:05:00,45.045,45.055,45.035,45.05,1250.0,0.0,0,-1373.0,0
2020-03-30 15:06:00,45.015,45.03,44.995,45.03,2783.0,-0.015000000000000568,0,1533.0,1
2020-03-30 15:07:00,45.045,45.195,45.045,45.17,5887.0,0.15500000000000114,1,3104.0,1
2020-03-30 15:08:00,45.18,45.215,45.175,45.185,4558.0,0.14000000000000057,1,-1329.0,0
2020-03-30 15:09:00,45.21,45.245,45.205,45.245,2647.0,0.06499999999999773,1,-1911.0,0
2020-03-30 15:10:00,45.25,45.25,45.18,45.185,4344.0,-0.02499999999999858,0,1697.0,1
2020-03-30 15:11:00,45.2,45.2,45.15,45.155,2227.0,-0.09499999999999886,0,-2117.0,0
2020-03-30 15:12:00,45.165,45.165,45.135,45.15,1403.0,-0.05000000000000426,0,-824.0,0
2020-03-30 15:13:00,45.15,45.195,45.15,45.19,3059.0,0.02499999999999858,1,1656.0,1
2020-03-30 15:14:00,45.2,45.22,45.16,45.21,3429.0,0.060000000000002274,1,370.0,1
2020-03-30 15:15:00,45.2,45.205,45.175,45.18,1435.0,-0.020000000000003126,0,-1994.0,0
2020-03-30 15:16:00,45.165,45.19,45.15,45.18,4532.0,-0.020000000000003126,0,3097.0,1
2020-03-30 15:17:00,45.185,45.22,45.175,45.22,2565.0,0.054999999999999716,1,-1967.0,0
2020-03-30 15:18:00,45.22,45.23,45.185,45.2,2790.0,0.015000000000000568,1,225.0,1
2020-03-30 15:19:00,45.19,45.23,45.19,45.22,2671.0,0.0,0,-119.0,0
2020-03-30 15:20:00,45.22,45.33,45.22,45.33,1647.0,0.14000000000000057,1,-1024.0,0
2020-03-30 15:21:00,45.35,45.445,45.35,45.435,9199.0,0.2150000000000034,1,7552.0,1
2020-03-30 15:22:00,45.43,45.495,45.43,45.485,6088.0,0.134999999999998,1,-3111.0,0
2020-03-30 15:23:00,45.47,45.505,45.465,45.5,4483.0,0.07000000000000028,1,-1605.0,0
2020-03-30 15:24:00,45.5,45.515,45.41,45.415,7314.0,-0.054999999999999716,0,2831.0,1
2020-03-30 15:25:00,45.415,45.46,45.355,45.445,12265.0,-0.054999999999999716,0,4951.0,1
2020-03-30 15:26:00,45.435,45.52,45.435,45.52,8017.0,0.10500000000000398,1,-4248.0,0
2020-03-30 15:27:00,45.51,45.525,45.4,45.415,8559.0,-0.020000000000003126,0,542.0,1
2020-03-30 15:28:00,45.41,45.535,45.405,45.505,3225.0,-0.0049999999999954525,0,-5334.0,0
2020-03-30 15:29:00,45.52,45.575,45.52,45.555,7397.0,0.14500000000000313,1,4172.0,1
2020-03-30 15:30:00,45.565,45.6,45.46,45.55,8954.0,0.02999999999999403,1,1557.0,1
2020-03-30 15:36:00,45.73,45.73,45.73,45.73,490876.0,0.16499999999999915,1,481922.0,1
